// Copyright (c) 2026 Glenn Watson. All rights reserved.
// Glenn Watson licenses this file to you under the MIT license.
// See the LICENSE file in the project root for full license information.

namespace HyperPdfLibrary.Graphics.Colors;

/// <summary>
/// The 9 x 9 x 9 x 9 CMYK to sRGB table used by PDFium for DeviceCMYK (core/fxge/dib/cfx_cmyk_to_srgb.cpp).
/// Original code copyright 2014 Foxit Software Inc.; copyright 2019 The PDFium Authors; BSD-3-Clause licence.
/// </summary>
internal static class CmykTable
{
    /// <summary>Gets the red, green and blue bytes for each grid point, indexed by 729 c + 81 m + 9 y + k.</summary>
    internal static ReadOnlySpan<byte> Data =>
    [
        0xFF, 0xFF, 0xFF, 0xE1, 0xE2, 0xE4, 0xC7, 0xC8, 0xCA, 0xAD, 0xAE, 0xB2, 0x93, 0x95, 0x98, 0x7B, 0x7D, 0x80, 0x63, 0x63, 0x66, 0x45, 0x46, 0x47, 0x22, 0x1E, 0x1F, 0xFF, 0xFD, 0xE5,
        0xE2, 0xE0, 0xCB, 0xC8, 0xC7, 0xB6, 0xAD, 0xAD, 0x9E, 0x95, 0x94, 0x87, 0x7D, 0x7C, 0x71, 0x63, 0x63, 0x5A, 0x46, 0x45, 0x3F, 0x21, 0x1D, 0x18, 0xFF, 0xFB, 0xCC, 0xE4, 0xDF, 0xB6,
        0xC9, 0xC6, 0xA3, 0xAE, 0xAC, 0x8E, 0x96, 0x93, 0x7A, 0x7D, 0x7B, 0x65, 0x63, 0x62, 0x50, 0x46, 0x44, 0x36, 0x20, 0x1C, 0x10, 0xFF, 0xF9, 0xB3, 0xE6, 0xDE, 0xA0, 0xCB, 0xC5, 0x90,
        0xAE, 0xAA, 0x7C, 0x96, 0x91, 0x69, 0x7D, 0x7A, 0x58, 0x63, 0x61, 0x45, 0x46, 0x44, 0x2E, 0x1F, 0x1C, 0x06, 0xFF, 0xF7, 0x9A, 0xE5, 0xDC, 0x8A, 0xCB, 0xC3, 0x7A, 0xB0, 0xA9, 0x6B,
        0x96, 0x91, 0x5B, 0x7D, 0x79, 0x4A, 0x64, 0x60, 0x39, 0x46, 0x43, 0x23, 0x1D, 0x1A, 0x00, 0xFF, 0xF6, 0x80, 0xE7, 0xD9, 0x72, 0xCD, 0xC2, 0x65, 0xB0, 0xA7, 0x58, 0x96, 0x90, 0x4B,
        0x7D, 0x78, 0x3C, 0x64, 0x60, 0x2C, 0x46, 0x42, 0x18, 0x1C, 0x1A, 0x00, 0xFF, 0xF4, 0x60, 0xE7, 0xD9, 0x57, 0xCB, 0xC0, 0x4E, 0xAF, 0xA7, 0x42, 0x96, 0x8F, 0x38, 0x7D, 0x77, 0x2B,
        0x64, 0x5F, 0x1D, 0x45, 0x42, 0x07, 0x1A, 0x1A, 0x00, 0xFF, 0xF3, 0x33, 0xE8, 0xD7, 0x33, 0xCC, 0xBF, 0x2B, 0xB0, 0xA5, 0x26, 0x96, 0x8E, 0x1C, 0x7D, 0x76, 0x11, 0x63, 0x5E, 0x00,
        0x44, 0x41, 0x00, 0x18, 0x19, 0x00, 0xFF, 0xF1, 0x00, 0xE7, 0xD7, 0x00, 0xCB, 0xBE, 0x00, 0xB0, 0xA4, 0x00, 0x96, 0x8D, 0x00, 0x7E, 0x75, 0x00, 0x63, 0x5D, 0x00, 0x44, 0x41, 0x00,
        0x18, 0x19, 0x00, 0xFC, 0xE4, 0xEE, 0xDE, 0xC9, 0xD3, 0xC5, 0xB4, 0xBE, 0xAB, 0x9C, 0xA6, 0x93, 0x85, 0x8F, 0x7B, 0x6F, 0x77, 0x63, 0x58, 0x5E, 0x47, 0x3D, 0x42, 0x22, 0x16, 0x1A,
        0xFE, 0xE2, 0xD5, 0xE0, 0xC9, 0xBF, 0xC7, 0xB3, 0xAB, 0xAC, 0x9B, 0x94, 0x93, 0x85, 0x80, 0x7B, 0x6E, 0x6A, 0x62, 0x57, 0x53, 0x46, 0x3B, 0x39, 0x21, 0x15, 0x12, 0xFE, 0xE0, 0xBF,
        0xE0, 0xC7, 0xAC, 0xC8, 0xB1, 0x99, 0xAD, 0x9A, 0x85, 0x93, 0x84, 0x73, 0x7B, 0x6D, 0x5E, 0x62, 0x56, 0x4A, 0x46, 0x3B, 0x31, 0x20, 0x15, 0x09, 0xFF, 0xDE, 0xA8, 0xE3, 0xC6, 0x96,
        0xC8, 0xAF, 0x87, 0xAD, 0x99, 0x76, 0x94, 0x82, 0x63, 0x7B, 0x6D, 0x52, 0x62, 0x56, 0x40, 0x45, 0x3A, 0x28, 0x1F, 0x13, 0x00, 0xFF, 0xDD, 0x91, 0xE3, 0xC4, 0x81, 0xC9, 0xAE, 0x73,
        0xAD, 0x97, 0x63, 0x94, 0x81, 0x55, 0x7C, 0x6C, 0x45, 0x62, 0x55, 0x34, 0x45, 0x3A, 0x1E, 0x1E, 0x13, 0x00, 0xFF, 0xDB, 0x79, 0xE3, 0xC3, 0x6D, 0xC9, 0xAE, 0x61, 0xAE, 0x96, 0x53,
        0x94, 0x81, 0x46, 0x7C, 0x6B, 0x37, 0x62, 0x54, 0x28, 0x45, 0x3A, 0x13, 0x1C, 0x12, 0x00, 0xFF, 0xDA, 0x5C, 0xE5, 0xC2, 0x52, 0xCA, 0xAD, 0x4B, 0xAE, 0x96, 0x3F, 0x95, 0x80, 0x33,
        0x7C, 0x6A, 0x27, 0x62, 0x54, 0x18, 0x44, 0x39, 0x03, 0x1A, 0x12, 0x00, 0xFF, 0xD9, 0x36, 0xE4, 0xC1, 0x34, 0xC9, 0xAC, 0x2E, 0xAE, 0x94, 0x24, 0x94, 0x7F, 0x1B, 0x7B, 0x69, 0x0E,
        0x62, 0x53, 0x00, 0x44, 0x38, 0x00, 0x19, 0x12, 0x00, 0xFF, 0xD8, 0x00, 0xE5, 0xC0, 0x02, 0xCA, 0xAB, 0x04, 0xAD, 0x94, 0x00, 0x94, 0x7E, 0x00, 0x7C, 0x69, 0x00, 0x62, 0x53, 0x00,
        0x44, 0x38, 0x00, 0x18, 0x11, 0x00, 0xF9, 0xCC, 0xDF, 0xDB, 0xB5, 0xC7, 0xC3, 0xA0, 0xB2, 0xAA, 0x8C, 0x9C, 0x92, 0x77, 0x86, 0x7B, 0x63, 0x70, 0x62, 0x4D, 0x58, 0x46, 0x34, 0x3D,
        0x22, 0x0B, 0x14, 0xFA, 0xC9, 0xC8, 0xDD, 0xB4, 0xB2, 0xC5, 0x9F, 0xA1, 0xAB, 0x8B, 0x8B, 0x93, 0x77, 0x78, 0x7B, 0x62, 0x63, 0x62, 0x4D, 0x4E, 0x45, 0x33, 0x34, 0x22, 0x0B, 0x0A,
        0xFC, 0xC9, 0xB4, 0xDF, 0xB3, 0xA2, 0xC5, 0x9F, 0x90, 0xAA, 0x8A, 0x7D, 0x92, 0x75, 0x6B, 0x7A, 0x61, 0x59, 0x62, 0x4C, 0x45, 0x45, 0x32, 0x2C, 0x20, 0x0B, 0x02, 0xFC, 0xC7, 0x9E,
        0xDE, 0xB1, 0x8F, 0xC7, 0x9E, 0x7F, 0xAB, 0x89, 0x6E, 0x93, 0x75, 0x5D, 0x7A, 0x60, 0x4C, 0x61, 0x4B, 0x3A, 0x45, 0x32, 0x24, 0x20, 0x0A, 0x00, 0xFD, 0xC6, 0x89, 0xDF, 0xB1, 0x7B,
        0xC6, 0x9C, 0x6E, 0xAB, 0x88, 0x5F, 0x92, 0x74, 0x50, 0x7A, 0x60, 0x41, 0x61, 0x4B, 0x2F, 0x45, 0x32, 0x19, 0x1E, 0x0A, 0x00, 0xFE, 0xC5, 0x73, 0xE1, 0xAF, 0x68, 0xC6, 0x9C, 0x5C,
        0xAC, 0x87, 0x4F, 0x93, 0x73, 0x42, 0x7B, 0x5F, 0x34, 0x62, 0x4A, 0x25, 0x45, 0x31, 0x0F, 0x1D, 0x0A, 0x00, 0xFE, 0xC4, 0x59, 0xE0, 0xAF, 0x50, 0xC7, 0x9A, 0x46, 0xAC, 0x86, 0x3B,
        0x92, 0x72, 0x30, 0x7A, 0x5F, 0x24, 0x61, 0x4A, 0x15, 0x44, 0x31, 0x00, 0x1B, 0x09, 0x00, 0xFF, 0xC3, 0x39, 0xE1, 0xAD, 0x34, 0xC6, 0x9A, 0x2C, 0xAC, 0x85, 0x24, 0x93, 0x71, 0x1A,
        0x7B, 0x5E, 0x0E, 0x62, 0x4A, 0x00, 0x44, 0x31, 0x00, 0x1A, 0x0A, 0x00, 0xFE, 0xC2, 0x0F, 0xE1, 0xAC, 0x0C, 0xC6, 0x99, 0x07, 0xAC, 0x84, 0x03, 0x92, 0x71, 0x00, 0x7B, 0x5D, 0x00,
        0x62, 0x49, 0x00, 0x44, 0x31, 0x00, 0x1A, 0x09, 0x00, 0xF6, 0xB2, 0xD1, 0xDA, 0x9F, 0xBA, 0xC2, 0x8C, 0xA6, 0xA8, 0x7A, 0x91, 0x90, 0x68, 0x7D, 0x79, 0x55, 0x67, 0x61, 0x41, 0x51,
        0x45, 0x29, 0x37, 0x22, 0x00, 0x0C, 0xF8, 0xB0, 0xBA, 0xDB, 0x9D, 0xA6, 0xC3, 0x8B, 0x95, 0xA8, 0x79, 0x82, 0x90, 0x67, 0x6F, 0x79, 0x55, 0x5B, 0x61, 0x41, 0x47, 0x45, 0x29, 0x2E,
        0x22, 0x00, 0x04, 0xF9, 0xAF, 0xA8, 0xDC, 0x9C, 0x96, 0xC4, 0x8B, 0x87, 0xA9, 0x79, 0x74, 0x90, 0x67, 0x64, 0x7A, 0x54, 0x53, 0x62, 0x41, 0x3F, 0x46, 0x29, 0x27, 0x21, 0x00, 0x00,
        0xF9, 0xAF, 0x94, 0xDC, 0x9B, 0x85, 0xC4, 0x8A, 0x77, 0xA9, 0x78, 0x67, 0x91, 0x65, 0x57, 0x79, 0x53, 0x47, 0x61, 0x41, 0x36, 0x45, 0x29, 0x1F, 0x20, 0x00, 0x00, 0xF9, 0xAD, 0x80,
        0xDE, 0x9A, 0x73, 0xC3, 0x89, 0x66, 0xAA, 0x77, 0x58, 0x91, 0x65, 0x4A, 0x7A, 0x53, 0x3B, 0x61, 0x40, 0x2B, 0x44, 0x28, 0x14, 0x1E, 0x00, 0x00, 0xFA, 0xAC, 0x6C, 0xDD, 0x9A, 0x62,
        0xC3, 0x88, 0x56, 0xAA, 0x76, 0x49, 0x91, 0x64, 0x3D, 0x7A, 0x52, 0x30, 0x61, 0x3F, 0x20, 0x45, 0x28, 0x0B, 0x1C, 0x00, 0x00, 0xFA, 0xAB, 0x55, 0xDD, 0x99, 0x4C, 0xC4, 0x88, 0x43,
        0xAA, 0x75, 0x38, 0x91, 0x63, 0x2C, 0x79, 0x52, 0x21, 0x61, 0x3F, 0x11, 0x44, 0x28, 0x00, 0x1C, 0x00, 0x00, 0xFB, 0xAB, 0x3A, 0xDE, 0x98, 0x32, 0xC5, 0x87, 0x2B, 0xA9, 0x75, 0x22,
        0x92, 0x63, 0x19, 0x79, 0x51, 0x0A, 0x60, 0x3F, 0x00, 0x44, 0x28, 0x00, 0x1B, 0x00, 0x00, 0xFA, 0xAA, 0x1A, 0xDE, 0x97, 0x13, 0xC4, 0x86, 0x0D, 0xA9, 0x74, 0x04, 0x91, 0x63, 0x00,
        0x7A, 0x51, 0x00, 0x61, 0x3F, 0x00, 0x43, 0x28, 0x00, 0x1A, 0x00, 0x00, 0xF4, 0x99, 0xC2, 0xD7, 0x88, 0xAD, 0xC0, 0x79, 0x9B, 0xA7, 0x68, 0x87, 0x8F, 0x59, 0x73, 0x79, 0x48, 0x60,
        0x61, 0x36, 0x4B, 0x46, 0x1F, 0x31, 0x22, 0x00, 0x06, 0xF5, 0x99, 0xAD, 0xD8, 0x88, 0x9B, 0xC0, 0x78, 0x8A, 0xA7, 0x68, 0x79, 0x90, 0x58, 0x67, 0x79, 0x47, 0x55, 0x61, 0x36, 0x42,
        0x45, 0x1F, 0x2A, 0x22, 0x00, 0x00, 0xF6, 0x98, 0x9D, 0xD9, 0x87, 0x8C, 0xC1, 0x78, 0x7E, 0xA7, 0x67, 0x6D, 0x8F, 0x58, 0x5C, 0x79, 0x48, 0x4C, 0x61, 0x36, 0x3A, 0x45, 0x1F, 0x23,
        0x21, 0x00, 0x00, 0xF5, 0x96, 0x8B, 0xDA, 0x86, 0x7D, 0xC1, 0x77, 0x6F, 0xA7, 0x67, 0x60, 0x90, 0x57, 0x50, 0x79, 0x47, 0x42, 0x60, 0x35, 0x31, 0x44, 0x1F, 0x1A, 0x20, 0x00, 0x00,
        0xF6, 0x97, 0x7A, 0xDA, 0x85, 0x6C, 0xC2, 0x76, 0x60, 0xA8, 0x66, 0x51, 0x90, 0x56, 0x45, 0x78, 0x47, 0x37, 0x5F, 0x35, 0x27, 0x44, 0x1E, 0x11, 0x1F, 0x00, 0x00, 0xF8, 0x96, 0x67,
        0xDA, 0x85, 0x5B, 0xC1, 0x76, 0x51, 0xA8, 0x66, 0x45, 0x8F, 0x56, 0x38, 0x78, 0x46, 0x2B, 0x60, 0x35, 0x1C, 0x44, 0x1F, 0x06, 0x1D, 0x00, 0x00, 0xF7, 0x95, 0x51, 0xDA, 0x84, 0x48,
        0xC2, 0x75, 0x3E, 0xA8, 0x65, 0x34, 0x90, 0x56, 0x2A, 0x79, 0x46, 0x1D, 0x60, 0x34, 0x0D, 0x44, 0x1E, 0x00, 0x1C, 0x00, 0x00, 0xF7, 0x94, 0x37, 0xDB, 0x83, 0x32, 0xC2, 0x75, 0x2B,
        0xA7, 0x65, 0x20, 0x90, 0x55, 0x16, 0x78, 0x45, 0x08, 0x60, 0x34, 0x00, 0x43, 0x1E, 0x00, 0x1B, 0x00, 0x00, 0xF7, 0x93, 0x1D, 0xDA, 0x83, 0x18, 0xC2, 0x74, 0x14, 0xA8, 0x64, 0x0B,
        0x90, 0x55, 0x00, 0x78, 0x45, 0x00, 0x60, 0x34, 0x00, 0x43, 0x1E, 0x00, 0x1A, 0x00, 0x00, 0xF2, 0x82, 0xB3, 0xD6, 0x72, 0xA0, 0xBE, 0x65, 0x8F, 0xA6, 0x57, 0x7D, 0x8F, 0x48, 0x6B,
        0x78, 0x3A, 0x58, 0x60, 0x2A, 0x44, 0x45, 0x11, 0x2C, 0x23, 0x00, 0x00, 0xF3, 0x81, 0xA1, 0xD7, 0x72, 0x8F, 0xBF, 0x65, 0x80, 0xA6, 0x57, 0x71, 0x8F, 0x49, 0x60, 0x78, 0x3A, 0x4F,
        0x60, 0x29, 0x3C, 0x45, 0x12, 0x25, 0x21, 0x00, 0x00, 0xF3, 0x81, 0x92, 0xD8, 0x72, 0x82, 0xC0, 0x65, 0x75, 0xA6, 0x57, 0x65, 0x8F, 0x48, 0x56, 0x79, 0x3A, 0x45, 0x60, 0x2A, 0x34,
        0x45, 0x12, 0x1D, 0x1F, 0x00, 0x00, 0xF3, 0x80, 0x82, 0xD8, 0x72, 0x73, 0xBF, 0x65, 0x66, 0xA5, 0x56, 0x58, 0x8E, 0x48, 0x4B, 0x78, 0x3A, 0x3C, 0x5F, 0x2A, 0x2B, 0x44, 0x13, 0x15,
        0x1E, 0x00, 0x00, 0xF4, 0x7F, 0x70, 0xD9, 0x71, 0x65, 0xC0, 0x63, 0x59, 0xA6, 0x55, 0x4B, 0x8E, 0x48, 0x3F, 0x77, 0x39, 0x32, 0x60, 0x29, 0x23, 0x44, 0x13, 0x0D, 0x1E, 0x00, 0x00,
        0xF4, 0x7F, 0x60, 0xD8, 0x70, 0x56, 0xBF, 0x63, 0x4B, 0xA6, 0x56, 0x40, 0x8F, 0x48, 0x34, 0x78, 0x39, 0x28, 0x5F, 0x29, 0x18, 0x43, 0x14, 0x01, 0x1D, 0x00, 0x00, 0xF5, 0x7E, 0x4D,
        0xD8, 0x71, 0x44, 0xBF, 0x64, 0x3B, 0xA6, 0x55, 0x31, 0x8E, 0x47, 0x26, 0x77, 0x39, 0x1A, 0x5F, 0x29, 0x0A, 0x43, 0x14, 0x00, 0x1C, 0x00, 0x00, 0xF4, 0x7E, 0x37, 0xD8, 0x70, 0x30,
        0xBF, 0x63, 0x28, 0xA6, 0x55, 0x1F, 0x8F, 0x47, 0x14, 0x77, 0x39, 0x06, 0x5F, 0x2A, 0x00, 0x43, 0x14, 0x00, 0x1C, 0x00, 0x00, 0xF5, 0x7E, 0x21, 0xD9, 0x70, 0x1A, 0xC0, 0x63, 0x16,
        0xA6, 0x54, 0x0B, 0x8E, 0x46, 0x00, 0x77, 0x39, 0x00, 0x5F, 0x29, 0x00, 0x42, 0x14, 0x00, 0x1B, 0x00, 0x00, 0xF1, 0x66, 0xA7, 0xD5, 0x5A, 0x95, 0xBD, 0x4F, 0x85, 0xA5, 0x42, 0x73,
        0x8D, 0x36, 0x62, 0x77, 0x29, 0x51, 0x60, 0x19, 0x3F, 0x45, 0x00, 0x26, 0x1E, 0x00, 0x00, 0xF1, 0x66, 0x95, 0xD5, 0x5A, 0x85, 0xBD, 0x4F, 0x77, 0xA5, 0x42, 0x67, 0x8E, 0x37, 0x58,
        0x77, 0x29, 0x47, 0x60, 0x19, 0x35, 0x45, 0x00, 0x1F, 0x1C, 0x00, 0x00, 0xF1, 0x66, 0x87, 0xD6, 0x5A, 0x79, 0xBE, 0x4F, 0x6C, 0xA5, 0x42, 0x5C, 0x8D, 0x37, 0x4E, 0x77, 0x2A, 0x3F,
        0x60, 0x1A, 0x2E, 0x45, 0x00, 0x18, 0x1C, 0x00, 0x00, 0xF1, 0x65, 0x78, 0xD6, 0x5A, 0x6B, 0xBD, 0x4F, 0x5F, 0xA5, 0x43, 0x53, 0x8D, 0x36, 0x44, 0x76, 0x29, 0x36, 0x5F, 0x1B, 0x27,
        0x44, 0x00, 0x10, 0x1B, 0x00, 0x00, 0xF1, 0x66, 0x6A, 0xD5, 0x5A, 0x5D, 0xBD, 0x4E, 0x52, 0xA4, 0x43, 0x46, 0x8D, 0x37, 0x3A, 0x76, 0x2A, 0x2D, 0x5E, 0x1B, 0x1D, 0x43, 0x02, 0x06,
        0x1B, 0x00, 0x00, 0xF2, 0x65, 0x5A, 0xD6, 0x59, 0x4F, 0xBE, 0x4F, 0x45, 0xA6, 0x43, 0x3B, 0x8D, 0x37, 0x2F, 0x76, 0x29, 0x23, 0x5F, 0x1B, 0x13, 0x43, 0x03, 0x00, 0x1A, 0x00, 0x00,
        0xF2, 0x66, 0x48, 0xD5, 0x59, 0x3F, 0xBF, 0x4F, 0x38, 0xA4, 0x43, 0x2D, 0x8D, 0x37, 0x22, 0x76, 0x2A, 0x16, 0x5E, 0x1C, 0x06, 0x43, 0x03, 0x00, 0x1A, 0x00, 0x00, 0xF2, 0x64, 0x33,
        0xD6, 0x59, 0x2D, 0xBE, 0x4E, 0x26, 0xA4, 0x43, 0x1E, 0x8D, 0x37, 0x12, 0x76, 0x2A, 0x03, 0x5F, 0x1C, 0x00, 0x42, 0x04, 0x00, 0x1A, 0x00, 0x00, 0xF3, 0x64, 0x21, 0xD6, 0x5A, 0x1B,
        0xBE, 0x4E, 0x16, 0xA5, 0x43, 0x0D, 0x8D, 0x37, 0x00, 0x76, 0x2B, 0x00, 0x5E, 0x1D, 0x00, 0x42, 0x05, 0x00, 0x1A, 0x00, 0x00, 0xED, 0x45, 0x99, 0xD3, 0x3A, 0x87, 0xBB, 0x33, 0x79,
        0xA3, 0x29, 0x69, 0x8D, 0x1C, 0x5A, 0x76, 0x0F, 0x49, 0x60, 0x00, 0x38, 0x44, 0x00, 0x21, 0x19, 0x00, 0x00, 0xEF, 0x43, 0x89, 0xD4, 0x3C, 0x7B, 0xBD, 0x32, 0x6E, 0xA3, 0x29, 0x5E,
        0x8D, 0x1D, 0x4F, 0x76, 0x11, 0x41, 0x5F, 0x00, 0x30, 0x45, 0x00, 0x1A, 0x19, 0x00, 0x00, 0xF0, 0x45, 0x7C, 0xD3, 0x3C, 0x6F, 0xBC, 0x32, 0x62, 0xA3, 0x2A, 0x55, 0x8D, 0x1F, 0x48,
        0x76, 0x12, 0x39, 0x5E, 0x00, 0x29, 0x44, 0x00, 0x13, 0x19, 0x00, 0x00, 0xF0, 0x46, 0x70, 0xD4, 0x3D, 0x63, 0xBC, 0x34, 0x57, 0xA3, 0x29, 0x4A, 0x8C, 0x1F, 0x3E, 0x76, 0x14, 0x30,
        0x5E, 0x02, 0x20, 0x44, 0x00, 0x0B, 0x18, 0x00, 0x00, 0xEF, 0x46, 0x62, 0xD4, 0x3E, 0x56, 0xBC, 0x35, 0x4D, 0xA4, 0x2A, 0x40, 0x8C, 0x20, 0x34, 0x76, 0x14, 0x28, 0x5E, 0x03, 0x18,
        0x43, 0x00, 0x03, 0x17, 0x00, 0x00, 0xEF, 0x47, 0x55, 0xD4, 0x3D, 0x4A, 0xBB, 0x35, 0x41, 0xA3, 0x2C, 0x36, 0x8C, 0x22, 0x2B, 0x76, 0x16, 0x1E, 0x5F, 0x03, 0x0E, 0x43, 0x00, 0x00,
        0x17, 0x00, 0x00, 0xEF, 0x46, 0x43, 0xD4, 0x3E, 0x3B, 0xBC, 0x35, 0x33, 0xA3, 0x2D, 0x2A, 0x8D, 0x22, 0x1F, 0x75, 0x16, 0x11, 0x5E, 0x05, 0x02, 0x42, 0x00, 0x00, 0x17, 0x00, 0x00,
        0xEF, 0x47, 0x32, 0xD5, 0x3E, 0x2B, 0xBC, 0x36, 0x25, 0xA4, 0x2D, 0x1C, 0x8B, 0x22, 0x10, 0x75, 0x16, 0x02, 0x5E, 0x07, 0x00, 0x41, 0x00, 0x00, 0x17, 0x00, 0x00, 0xF0, 0x47, 0x22,
        0xD4, 0x3F, 0x1D, 0xBD, 0x36, 0x18, 0xA3, 0x2E, 0x0F, 0x8B, 0x24, 0x02, 0x75, 0x19, 0x00, 0x5E, 0x08, 0x00, 0x42, 0x00, 0x00, 0x17, 0x00, 0x00, 0xED, 0x00, 0x8C, 0xD1, 0x00, 0x7C,
        0xBA, 0x00, 0x70, 0xA2, 0x00, 0x61, 0x8D, 0x00, 0x52, 0x76, 0x00, 0x43, 0x5F, 0x00, 0x31, 0x44, 0x00, 0x1B, 0x14, 0x00, 0x00, 0xED, 0x00, 0x7E, 0xD2, 0x00, 0x71, 0xBB, 0x00, 0x63,
        0xA3, 0x00, 0x56, 0x8B, 0x00, 0x48, 0x76, 0x00, 0x3A, 0x5F, 0x00, 0x2A, 0x43, 0x00, 0x14, 0x14, 0x00, 0x00, 0xED, 0x01, 0x72, 0xD1, 0x01, 0x66, 0xBB, 0x00, 0x5A, 0xA3, 0x00, 0x4E,
        0x8B, 0x00, 0x40, 0x76, 0x00, 0x32, 0x5F, 0x00, 0x23, 0x43, 0x00, 0x0D, 0x14, 0x00, 0x00, 0xEC, 0x10, 0x66, 0xD1, 0x07, 0x5B, 0xBA, 0x00, 0x50, 0xA2, 0x00, 0x44, 0x8B, 0x00, 0x38,
        0x75, 0x00, 0x2B, 0x5E, 0x00, 0x1B, 0x43, 0x00, 0x06, 0x14, 0x00, 0x00, 0xEE, 0x0F, 0x59, 0xD1, 0x0D, 0x4F, 0xBA, 0x06, 0x45, 0xA2, 0x00, 0x3A, 0x8B, 0x00, 0x2F, 0x75, 0x00, 0x22,
        0x5D, 0x00, 0x14, 0x42, 0x00, 0x02, 0x14, 0x00, 0x00, 0xED, 0x14, 0x4E, 0xD2, 0x0C, 0x44, 0xBB, 0x04, 0x3B, 0xA3, 0x00, 0x31, 0x8B, 0x00, 0x26, 0x74, 0x00, 0x1A, 0x5E, 0x00, 0x0B,
        0x42, 0x00, 0x00, 0x14, 0x00, 0x00, 0xED, 0x19, 0x40, 0xD2, 0x12, 0x38, 0xBA, 0x0B, 0x30, 0xA2, 0x04, 0x27, 0x8A, 0x00, 0x1B, 0x75, 0x00, 0x0E, 0x5D, 0x00, 0x00, 0x42, 0x00, 0x00,
        0x14, 0x00, 0x00, 0xEE, 0x19, 0x30, 0xD2, 0x16, 0x2B, 0xBA, 0x0F, 0x23, 0xA2, 0x08, 0x1A, 0x8C, 0x00, 0x0E, 0x75, 0x00, 0x00, 0x5D, 0x00, 0x00, 0x41, 0x00, 0x00, 0x14, 0x00, 0x00,
        0xEE, 0x1C, 0x23, 0xD2, 0x15, 0x1E, 0xBB, 0x0F, 0x18, 0xA2, 0x08, 0x10, 0x8B, 0x01, 0x02, 0x75, 0x00, 0x00, 0x5D, 0x00, 0x00, 0x41, 0x00, 0x00, 0x16, 0x00, 0x00, 0xDB, 0xF2, 0xFC,
        0xC3, 0xD6, 0xE1, 0xAC, 0xBF, 0xC9, 0x94, 0xA5, 0xAF, 0x7F, 0x8E, 0x96, 0x6A, 0x77, 0x7E, 0x54, 0x5F, 0x65, 0x3A, 0x42, 0x48, 0x18, 0x1B, 0x20, 0xDE, 0xEF, 0xE2, 0xC4, 0xD5, 0xCA,
        0xAD, 0xBD, 0xB4, 0x96, 0xA5, 0x9E, 0x81, 0x8D, 0x87, 0x6B, 0x76, 0x71, 0x55, 0x5E, 0x5A, 0x3A, 0x42, 0x3F, 0x15, 0x1A, 0x18, 0xDF, 0xED, 0xCB, 0xC6, 0xD3, 0xB6, 0xAF, 0xBC, 0xA3,
        0x98, 0xA4, 0x8D, 0x81, 0x8C, 0x79, 0x6B, 0x75, 0x65, 0x55, 0x5D, 0x50, 0x3A, 0x40, 0x36, 0x15, 0x1A, 0x12, 0xE2, 0xEC, 0xB3, 0xC9, 0xD2, 0xA0, 0xB1, 0xBB, 0x8F, 0x99, 0xA2, 0x7D,
        0x82, 0x8B, 0x6A, 0x6C, 0x74, 0x59, 0x55, 0x5C, 0x45, 0x3A, 0x40, 0x2D, 0x14, 0x19, 0x08, 0xE3, 0xEA, 0x99, 0xC9, 0xD0, 0x8B, 0xB2, 0xB9, 0x7C, 0x9A, 0xA1, 0x6B, 0x83, 0x8A, 0x5B,
        0x6C, 0x73, 0x4B, 0x55, 0x5B, 0x3A, 0x3A, 0x3F, 0x23, 0x11, 0x19, 0x00, 0xE5, 0xE9, 0x82, 0xCB, 0xCF, 0x74, 0xB2, 0xB8, 0x68, 0x9A, 0xA0, 0x5A, 0x83, 0x89, 0x4C, 0x6D, 0x72, 0x3E,
        0x55, 0x5A, 0x2E, 0x3A, 0x3F, 0x19, 0x10, 0x18, 0x00, 0xE6, 0xE7, 0x64, 0xCA, 0xCD, 0x5A, 0xB3, 0xB7, 0x50, 0x9A, 0x9F, 0x45, 0x83, 0x88, 0x39, 0x6D, 0x71, 0x2E, 0x56, 0x5A, 0x20,
        0x3A, 0x3F, 0x0A, 0x0E, 0x18, 0x00, 0xE6, 0xE6, 0x41, 0xCC, 0xCC, 0x3A, 0xB4, 0xB6, 0x34, 0x9B, 0x9D, 0x2C, 0x84, 0x87, 0x23, 0x6E, 0x71, 0x18, 0x56, 0x59, 0x09, 0x39, 0x3E, 0x00,
        0x0B, 0x18, 0x00, 0xE8, 0xE6, 0x13, 0xCC, 0xCC, 0x13, 0xB4, 0xB5, 0x11, 0x9B, 0x9D, 0x0A, 0x83, 0x86, 0x02, 0x6D, 0x70, 0x00, 0x55, 0x59, 0x00, 0x39, 0x3E, 0x00, 0x0A, 0x17, 0x00,
        0xDA, 0xD8, 0xEC, 0xC2, 0xC0, 0xD3, 0xAC, 0xAB, 0xBC, 0x95, 0x95, 0xA4, 0x80, 0x7F, 0x8D, 0x6A, 0x6A, 0x77, 0x54, 0x54, 0x5E, 0x3B, 0x39, 0x42, 0x19, 0x12, 0x1A, 0xDD, 0xD6, 0xD3,
        0xC4, 0xBF, 0xBE, 0xAE, 0xAA, 0xAA, 0x96, 0x94, 0x94, 0x80, 0x7E, 0x7F, 0x6B, 0x69, 0x6A, 0x55, 0x53, 0x54, 0x3B, 0x38, 0x3A, 0x17, 0x11, 0x12, 0xDE, 0xD5, 0xBE, 0xC5, 0xBD, 0xAA,
        0xAF, 0xA9, 0x99, 0x97, 0x93, 0x85, 0x81, 0x7E, 0x71, 0x6C, 0x69, 0x5E, 0x55, 0x52, 0x4A, 0x3B, 0x38, 0x31, 0x16, 0x11, 0x0B, 0xE0, 0xD3, 0xA8, 0xC7, 0xBC, 0x97, 0xAF, 0xA8, 0x87,
        0x98, 0x92, 0x75, 0x81, 0x7C, 0x63, 0x6B, 0x67, 0x52, 0x54, 0x52, 0x40, 0x3B, 0x37, 0x29, 0x15, 0x11, 0x01, 0xE0, 0xD2, 0x91, 0xC7, 0xBB, 0x82, 0xB0, 0xA6, 0x75, 0x98, 0x91, 0x65,
        0x81, 0x7B, 0x56, 0x6B, 0x67, 0x46, 0x55, 0x51, 0x35, 0x3A, 0x37, 0x1F, 0x13, 0x11, 0x00, 0xE3, 0xD0, 0x7B, 0xC8, 0xBA, 0x6E, 0xB1, 0xA5, 0x62, 0x99, 0x8F, 0x54, 0x82, 0x7A, 0x46,
        0x6C, 0x66, 0x39, 0x55, 0x50, 0x29, 0x3A, 0x36, 0x14, 0x12, 0x10, 0x00, 0xE3, 0xD0, 0x61, 0xCA, 0xB9, 0x56, 0xB1, 0xA4, 0x4D, 0x99, 0x8E, 0x41, 0x82, 0x7A, 0x36, 0x6C, 0x65, 0x2A,
        0x55, 0x50, 0x1B, 0x3A, 0x36, 0x07, 0x10, 0x10, 0x00, 0xE4, 0xCE, 0x42, 0xCA, 0xB8, 0x3A, 0xB2, 0xA3, 0x32, 0x9A, 0x8D, 0x2A, 0x83, 0x79, 0x21, 0x6D, 0x65, 0x15, 0x56, 0x4F, 0x05,
        0x3A, 0x36, 0x00, 0x0D, 0x10, 0x00, 0xE4, 0xCE, 0x1D, 0xCA, 0xB7, 0x19, 0xB2, 0xA3, 0x14, 0x9A, 0x8D, 0x0F, 0x83, 0x79, 0x05, 0x6C, 0x64, 0x00, 0x55, 0x4F, 0x00, 0x3A, 0x35, 0x00,
        0x0D, 0x10, 0x00, 0xD9, 0xC1, 0xDD, 0xC1, 0xAC, 0xC6, 0xAC, 0x99, 0xB2, 0x95, 0x85, 0x9A, 0x80, 0x72, 0x84, 0x6B, 0x5E, 0x6F, 0x55, 0x4A, 0x59, 0x3B, 0x31, 0x3D, 0x19, 0x08, 0x16,
        0xDB, 0xBF, 0xC6, 0xC3, 0xAB, 0xB2, 0xAD, 0x99, 0x9F, 0x95, 0x84, 0x8B, 0x80, 0x71, 0x77, 0x6B, 0x5E, 0x64, 0x55, 0x49, 0x4F, 0x3B, 0x30, 0x34, 0x19, 0x07, 0x0E, 0xDD, 0xBF, 0xB4,
        0xC4, 0xAA, 0xA0, 0xAE, 0x98, 0x90, 0x96, 0x84, 0x7D, 0x81, 0x71, 0x6B, 0x6B, 0x5D, 0x59, 0x55, 0x49, 0x45, 0x3B, 0x30, 0x2D, 0x17, 0x07, 0x04, 0xDE, 0xBD, 0x9F, 0xC5, 0xA9, 0x8E,
        0xAE, 0x97, 0x7F, 0x97, 0x83, 0x6E, 0x81, 0x70, 0x5E, 0x6C, 0x5D, 0x4E, 0x55, 0x48, 0x3C, 0x3A, 0x2F, 0x25, 0x16, 0x07, 0x00, 0xDF, 0xBC, 0x8A, 0xC5, 0xA8, 0x7B, 0xAF, 0x96, 0x6D,
        0x97, 0x82, 0x5F, 0x82, 0x6F, 0x51, 0x6C, 0x5C, 0x41, 0x55, 0x48, 0x31, 0x3B, 0x2F, 0x1B, 0x15, 0x07, 0x00, 0xE0, 0xBB, 0x76, 0xC6, 0xA7, 0x69, 0xB0, 0x95, 0x5D, 0x98, 0x81, 0x4F,
        0x82, 0x6E, 0x44, 0x6C, 0x5B, 0x36, 0x55, 0x47, 0x26, 0x3B, 0x2F, 0x11, 0x12, 0x07, 0x00, 0xE0, 0xBB, 0x5D, 0xC7, 0xA6, 0x53, 0xB0, 0x94, 0x49, 0x98, 0x80, 0x3E, 0x81, 0x6D, 0x33,
        0x6C, 0x5A, 0x27, 0x55, 0x47, 0x19, 0x3A, 0x2E, 0x03, 0x10, 0x08, 0x00, 0xE2, 0xBA, 0x40, 0xC8, 0xA5, 0x39, 0xB1, 0x93, 0x32, 0x99, 0x7F, 0x28, 0x82, 0x6C, 0x1F, 0x6C, 0x5A, 0x13,
        0x55, 0x46, 0x03, 0x3A, 0x2E, 0x00, 0x10, 0x08, 0x00, 0xE3, 0xB9, 0x23, 0xC8, 0xA5, 0x1E, 0xB0, 0x92, 0x19, 0x98, 0x7F, 0x12, 0x82, 0x6C, 0x07, 0x6C, 0x59, 0x00, 0x55, 0x46, 0x00,
        0x39, 0x2E, 0x00, 0x0E, 0x08, 0x00, 0xD8, 0xA9, 0xCD, 0xC0, 0x96, 0xB8, 0xAB, 0x86, 0xA4, 0x95, 0x74, 0x90, 0x80, 0x63, 0x7C, 0x6B, 0x51, 0x67, 0x55, 0x3F, 0x51, 0x3C, 0x27, 0x37,
        0x1A, 0x00, 0x0F, 0xD9, 0xA8, 0xBA, 0xC1, 0x96, 0xA5, 0xAC, 0x86, 0x95, 0x96, 0x74, 0x82, 0x80, 0x63, 0x6F, 0x6B, 0x51, 0x5C, 0x55, 0x3E, 0x48, 0x3B, 0x27, 0x2F, 0x19, 0x00, 0x06,
        0xDB, 0xA8, 0xA8, 0xC2, 0x95, 0x96, 0xAD, 0x85, 0x87, 0x96, 0x74, 0x75, 0x80, 0x62, 0x63, 0x6B, 0x50, 0x52, 0x56, 0x3E, 0x3F, 0x3B, 0x26, 0x27, 0x18, 0x00, 0x00, 0xDB, 0xA6, 0x94,
        0xC3, 0x95, 0x85, 0xAD, 0x85, 0x77, 0x96, 0x73, 0x67, 0x80, 0x62, 0x58, 0x6B, 0x50, 0x48, 0x55, 0x3D, 0x36, 0x3B, 0x26, 0x20, 0x17, 0x00, 0x00, 0xDC, 0xA6, 0x81, 0xC4, 0x94, 0x74,
        0xAE, 0x84, 0x67, 0x97, 0x72, 0x59, 0x81, 0x61, 0x4B, 0x6B, 0x4F, 0x3C, 0x55, 0x3D, 0x2C, 0x3B, 0x26, 0x16, 0x15, 0x00, 0x00, 0xDE, 0xA4, 0x6E, 0xC5, 0x93, 0x63, 0xAF, 0x83, 0x57,
        0x97, 0x71, 0x4B, 0x81, 0x60, 0x3F, 0x6B, 0x4F, 0x31, 0x55, 0x3D, 0x21, 0x3A, 0x26, 0x0C, 0x13, 0x00, 0x00, 0xDE, 0xA4, 0x58, 0xC5, 0x92, 0x4F, 0xAE, 0x82, 0x45, 0x97, 0x71, 0x3A,
        0x81, 0x5F, 0x2F, 0x6B, 0x4E, 0x23, 0x55, 0x3C, 0x14, 0x3A, 0x26, 0x00, 0x12, 0x00, 0x00, 0xDF, 0xA4, 0x3F, 0xC6, 0x91, 0x37, 0xAF, 0x81, 0x30, 0x97, 0x70, 0x27, 0x81, 0x5F, 0x1D,
        0x6B, 0x4E, 0x10, 0x55, 0x3C, 0x01, 0x3A, 0x26, 0x00, 0x11, 0x00, 0x00, 0xDF, 0xA3, 0x24, 0xC6, 0x91, 0x20, 0xAE, 0x81, 0x1A, 0x97, 0x6F, 0x11, 0x81, 0x5F, 0x07, 0x6B, 0x4E, 0x00,
        0x54, 0x3C, 0x00, 0x39, 0x25, 0x00, 0x0F, 0x00, 0x00, 0xD7, 0x93, 0xC0, 0xBF, 0x82, 0xAC, 0xAA, 0x74, 0x99, 0x94, 0x64, 0x85, 0x7F, 0x55, 0x73, 0x6B, 0x45, 0x60, 0x55, 0x33, 0x4B,
        0x3C, 0x1C, 0x32, 0x19, 0x00, 0x08, 0xD9, 0x92, 0xAD, 0xC0, 0x82, 0x9A, 0xAB, 0x73, 0x8A, 0x95, 0x64, 0x79, 0x80, 0x54, 0x67, 0x6B, 0x44, 0x55, 0x55, 0x33, 0x42, 0x3C, 0x1C, 0x2A,
        0x19, 0x00, 0x00, 0xD9, 0x91, 0x9D, 0xC1, 0x81, 0x8C, 0xAD, 0x73, 0x7D, 0x95, 0x64, 0x6D, 0x80, 0x54, 0x5C, 0x6B, 0x44, 0x4C, 0x55, 0x33, 0x3A, 0x3B, 0x1C, 0x23, 0x17, 0x00, 0x00,
        0xDA, 0x91, 0x8C, 0xC1, 0x81, 0x7D, 0xAC, 0x72, 0x6E, 0x95, 0x63, 0x60, 0x80, 0x53, 0x51, 0x6B, 0x43, 0x41, 0x54, 0x33, 0x31, 0x3B, 0x1D, 0x1B, 0x16, 0x00, 0x00, 0xDB, 0x90, 0x79,
        0xC2, 0x80, 0x6C, 0xAC, 0x71, 0x60, 0x95, 0x62, 0x53, 0x80, 0x53, 0x45, 0x6B, 0x44, 0x37, 0x55, 0x32, 0x28, 0x3B, 0x1C, 0x12, 0x14, 0x00, 0x00, 0xDC, 0x8F, 0x68, 0xC3, 0x80, 0x5D,
        0xAD, 0x72, 0x52, 0x96, 0x62, 0x45, 0x7F, 0x52, 0x3A, 0x6B, 0x43, 0x2D, 0x55, 0x32, 0x1E, 0x3B, 0x1C, 0x07, 0x13, 0x00, 0x00, 0xDC, 0x8F, 0x54, 0xC3, 0x7F, 0x4A, 0xAD, 0x71, 0x41,
        0x95, 0x61, 0x37, 0x80, 0x52, 0x2C, 0x6A, 0x43, 0x20, 0x54, 0x32, 0x10, 0x3A, 0x1C, 0x00, 0x12, 0x00, 0x00, 0xDD, 0x8E, 0x3E, 0xC4, 0x7E, 0x35, 0xAD, 0x70, 0x2E, 0x96, 0x61, 0x25,
        0x80, 0x52, 0x1A, 0x6B, 0x42, 0x0E, 0x54, 0x32, 0x00, 0x3A, 0x1C, 0x00, 0x10, 0x00, 0x00, 0xDE, 0x8E, 0x26, 0xC4, 0x7E, 0x22, 0xAE, 0x70, 0x1B, 0x96, 0x60, 0x11, 0x80, 0x52, 0x06,
        0x6A, 0x42, 0x00, 0x54, 0x32, 0x00, 0x39, 0x1D, 0x00, 0x10, 0x00, 0x00, 0xD6, 0x7B, 0xB3, 0xBF, 0x6E, 0x9F, 0xA9, 0x62, 0x8F, 0x93, 0x54, 0x7C, 0x7E, 0x46, 0x6A, 0x6B, 0x37, 0x58,
        0x55, 0x27, 0x45, 0x3C, 0x0F, 0x2D, 0x17, 0x00, 0x02, 0xD8, 0x7B, 0xA1, 0xC0, 0x6E, 0x90, 0xAA, 0x62, 0x81, 0x94, 0x54, 0x70, 0x7F, 0x46, 0x5F, 0x6B, 0x37, 0x4F, 0x55, 0x27, 0x3D,
        0x3C, 0x0F, 0x25, 0x14, 0x00, 0x00, 0xD9, 0x7A, 0x91, 0xC0, 0x6E, 0x82, 0xAA, 0x61, 0x74, 0x95, 0x54, 0x65, 0x7F, 0x46, 0x55, 0x6A, 0x37, 0x46, 0x55, 0x27, 0x35, 0x3B, 0x10, 0x1E,
        0x13, 0x00, 0x00, 0xD9, 0x7B, 0x83, 0xC0, 0x6D, 0x74, 0xAB, 0x60, 0x67, 0x95, 0x53, 0x59, 0x7F, 0x46, 0x4B, 0x6A, 0x37, 0x3C, 0x55, 0x28, 0x2D, 0x3B, 0x10, 0x17, 0x11, 0x00, 0x00,
        0xD9, 0x7A, 0x72, 0xC1, 0x6D, 0x65, 0xAC, 0x60, 0x5B, 0x95, 0x52, 0x4D, 0x80, 0x45, 0x40, 0x6A, 0x37, 0x32, 0x54, 0x27, 0x23, 0x3B, 0x11, 0x0E, 0x11, 0x00, 0x00, 0xDA, 0x7A, 0x62,
        0xC2, 0x6C, 0x57, 0xAB, 0x60, 0x4D, 0x95, 0x52, 0x41, 0x7F, 0x45, 0x34, 0x6A, 0x37, 0x28, 0x54, 0x28, 0x19, 0x3B, 0x12, 0x03, 0x0F, 0x00, 0x00, 0xDB, 0x7A, 0x50, 0xC1, 0x6C, 0x46,
        0xAC, 0x5F, 0x3D, 0x95, 0x52, 0x33, 0x7F, 0x45, 0x28, 0x6A, 0x37, 0x1C, 0x54, 0x27, 0x0C, 0x3A, 0x11, 0x00, 0x0D, 0x00, 0x00, 0xDB, 0x79, 0x3B, 0xC2, 0x6C, 0x34, 0xAC, 0x60, 0x2C,
        0x95, 0x52, 0x23, 0x7F, 0x44, 0x18, 0x6A, 0x37, 0x0B, 0x54, 0x28, 0x00, 0x39, 0x12, 0x00, 0x0D, 0x00, 0x00, 0xDB, 0x79, 0x28, 0xC1, 0x6C, 0x21, 0xAC, 0x5F, 0x1A, 0x95, 0x51, 0x13,
        0x80, 0x44, 0x06, 0x6A, 0x36, 0x00, 0x54, 0x27, 0x00, 0x39, 0x12, 0x00, 0x0D, 0x00, 0x00, 0xD5, 0x63, 0xA5, 0xBD, 0x57, 0x94, 0xA9, 0x4C, 0x84, 0x93, 0x40, 0x73, 0x7E, 0x34, 0x62,
        0x6A, 0x27, 0x51, 0x55, 0x17, 0x3F, 0x3C, 0x00, 0x27, 0x10, 0x00, 0x00, 0xD6, 0x62, 0x95, 0xBF, 0x57, 0x85, 0xAA, 0x4C, 0x77, 0x94, 0x41, 0x67, 0x7F, 0x35, 0x58, 0x6A, 0x27, 0x48,
        0x55, 0x18, 0x37, 0x3C, 0x00, 0x20, 0x0F, 0x00, 0x00, 0xD7, 0x63, 0x88, 0xBF, 0x57, 0x79, 0xAA, 0x4D, 0x6C, 0x94, 0x41, 0x5D, 0x7E, 0x35, 0x4F, 0x6A, 0x28, 0x40, 0x55, 0x18, 0x2F,
        0x3B, 0x00, 0x19, 0x0E, 0x00, 0x00, 0xD7, 0x63, 0x79, 0xC0, 0x57, 0x6C, 0xAA, 0x4D, 0x60, 0x94, 0x41, 0x52, 0x7E, 0x35, 0x45, 0x6A, 0x28, 0x37, 0x55, 0x19, 0x27, 0x3B, 0x00, 0x12,
        0x0D, 0x00, 0x00, 0xD8, 0x63, 0x6A, 0xBF, 0x57, 0x5F, 0xAA, 0x4C, 0x53, 0x94, 0x41, 0x47, 0x7E, 0x35, 0x3A, 0x6A, 0x29, 0x2D, 0x55, 0x1A, 0x1E, 0x3B, 0x00, 0x08, 0x0B, 0x00, 0x00,
        0xD8, 0x62, 0x5B, 0xC0, 0x58, 0x52, 0xAA, 0x4D, 0x47, 0x94, 0x41, 0x3C, 0x7F, 0x35, 0x30, 0x69, 0x29, 0x24, 0x53, 0x1A, 0x15, 0x3A, 0x01, 0x02, 0x0B, 0x00, 0x00, 0xD9, 0x63, 0x4B,
        0xC0, 0x57, 0x42, 0xAA, 0x4C, 0x39, 0x94, 0x41, 0x2F, 0x7E, 0x35, 0x24, 0x69, 0x29, 0x18, 0x53, 0x1A, 0x08, 0x39, 0x02, 0x00, 0x09, 0x00, 0x00, 0xD9, 0x62, 0x39, 0xC0, 0x57, 0x31,
        0xAB, 0x4D, 0x29, 0x93, 0x41, 0x20, 0x7E, 0x35, 0x15, 0x69, 0x29, 0x08, 0x54, 0x1B, 0x00, 0x39, 0x03, 0x00, 0x09, 0x00, 0x00, 0xD9, 0x62, 0x28, 0xC1, 0x57, 0x22, 0xAB, 0x4C, 0x1B,
        0x94, 0x41, 0x13, 0x7E, 0x35, 0x06, 0x69, 0x29, 0x00, 0x53, 0x1B, 0x00, 0x39, 0x04, 0x00, 0x09, 0x00, 0x00, 0xD3, 0x43, 0x98, 0xBD, 0x3A, 0x88, 0xA8, 0x32, 0x7A, 0x93, 0x27, 0x69,
        0x7F, 0x1C, 0x59, 0x6A, 0x0E, 0x4A, 0x55, 0x00, 0x38, 0x3B, 0x00, 0x21, 0x09, 0x00, 0x00, 0xD5, 0x44, 0x8A, 0xBE, 0x3B, 0x7B, 0xA9, 0x33, 0x6D, 0x94, 0x28, 0x5F, 0x7E, 0x1E, 0x50,
        0x6A, 0x10, 0x41, 0x55, 0x00, 0x30, 0x3B, 0x00, 0x1B, 0x09, 0x00, 0x00, 0xD6, 0x45, 0x7D, 0xBE, 0x3B, 0x6F, 0xA8, 0x33, 0x63, 0x94, 0x29, 0x56, 0x7E, 0x1F, 0x48, 0x6A, 0x12, 0x3A,
        0x55, 0x00, 0x29, 0x3B, 0x00, 0x14, 0x07, 0x00, 0x00, 0xD7, 0x46, 0x70, 0xBE, 0x3D, 0x64, 0xA9, 0x34, 0x58, 0x93, 0x2A, 0x4C, 0x7E, 0x20, 0x3F, 0x6A, 0x13, 0x31, 0x54, 0x01, 0x22,
        0x3A, 0x00, 0x0D, 0x07, 0x00, 0x00, 0xD6, 0x46, 0x63, 0xBE, 0x3E, 0x58, 0xA9, 0x35, 0x4D, 0x93, 0x2B, 0x41, 0x7D, 0x20, 0x35, 0x6A, 0x14, 0x28, 0x54, 0x03, 0x1A, 0x3A, 0x00, 0x04,
        0x07, 0x00, 0x00, 0xD6, 0x47, 0x56, 0xBE, 0x3D, 0x4B, 0xA9, 0x35, 0x41, 0x92, 0x2B, 0x36, 0x7E, 0x21, 0x2C, 0x69, 0x15, 0x1F, 0x53, 0x04, 0x11, 0x39, 0x00, 0x00, 0x07, 0x00, 0x00,
        0xD7, 0x47, 0x47, 0xBF, 0x3E, 0x3E, 0xA9, 0x35, 0x35, 0x93, 0x2C, 0x2C, 0x7E, 0x22, 0x21, 0x69, 0x16, 0x14, 0x53, 0x05, 0x04, 0x39, 0x00, 0x00, 0x07, 0x00, 0x00, 0xD7, 0x47, 0x36,
        0xBF, 0x3E, 0x2F, 0xA9, 0x36, 0x27, 0x93, 0x2C, 0x1E, 0x7E, 0x23, 0x14, 0x69, 0x17, 0x06, 0x53, 0x06, 0x00, 0x38, 0x00, 0x00, 0x05, 0x00, 0x00, 0xD7, 0x47, 0x29, 0xBF, 0x3F, 0x22,
        0xAA, 0x36, 0x1B, 0x93, 0x2D, 0x11, 0x7E, 0x23, 0x06, 0x69, 0x17, 0x00, 0x53, 0x08, 0x00, 0x38, 0x00, 0x00, 0x05, 0x00, 0x00, 0xD2, 0x0D, 0x8C, 0xBD, 0x01, 0x7D, 0xA7, 0x00, 0x6E,
        0x92, 0x00, 0x60, 0x7E, 0x00, 0x51, 0x6A, 0x00, 0x43, 0x55, 0x00, 0x33, 0x3B, 0x00, 0x1C, 0x04, 0x00, 0x00, 0xD4, 0x12, 0x7E, 0xBE, 0x07, 0x71, 0xA8, 0x00, 0x64, 0x92, 0x00, 0x56,
        0x7E, 0x00, 0x49, 0x6A, 0x00, 0x3B, 0x54, 0x00, 0x2B, 0x3B, 0x00, 0x16, 0x04, 0x00, 0x00, 0xD4, 0x15, 0x73, 0xBE, 0x0D, 0x67, 0xA8, 0x03, 0x5B, 0x92, 0x00, 0x4E, 0x7D, 0x00, 0x41,
        0x69, 0x00, 0x34, 0x54, 0x00, 0x24, 0x3A, 0x00, 0x10, 0x04, 0x00, 0x00, 0xD5, 0x18, 0x67, 0xBD, 0x13, 0x5B, 0xA8, 0x09, 0x52, 0x92, 0x00, 0x45, 0x7D, 0x00, 0x39, 0x69, 0x00, 0x2C,
        0x54, 0x00, 0x1D, 0x3A, 0x00, 0x07, 0x04, 0x00, 0x00, 0xD5, 0x1B, 0x5C, 0xBC, 0x15, 0x51, 0xA8, 0x0E, 0x47, 0x92, 0x01, 0x3B, 0x7D, 0x00, 0x30, 0x69, 0x00, 0x24, 0x54, 0x00, 0x15,
        0x3A, 0x00, 0x04, 0x04, 0x00, 0x00, 0xD5, 0x1E, 0x50, 0xBD, 0x16, 0x45, 0xA8, 0x11, 0x3D, 0x92, 0x05, 0x32, 0x7D, 0x00, 0x27, 0x68, 0x00, 0x1B, 0x53, 0x00, 0x0C, 0x39, 0x00, 0x00,
        0x04, 0x00, 0x00, 0xD6, 0x1E, 0x43, 0xBD, 0x19, 0x39, 0xA8, 0x14, 0x32, 0x92, 0x09, 0x28, 0x7D, 0x00, 0x1D, 0x68, 0x00, 0x11, 0x53, 0x00, 0x02, 0x38, 0x00, 0x00, 0x04, 0x00, 0x00,
        0xD6, 0x20, 0x35, 0xBD, 0x1B, 0x2C, 0xA9, 0x14, 0x26, 0x92, 0x0D, 0x1C, 0x7C, 0x02, 0x11, 0x68, 0x00, 0x04, 0x53, 0x00, 0x00, 0x38, 0x00, 0x00, 0x04, 0x00, 0x00, 0xD6, 0x21, 0x29,
        0xBE, 0x1B, 0x21, 0xA8, 0x17, 0x1B, 0x92, 0x0D, 0x12, 0x7D, 0x03, 0x05, 0x69, 0x00, 0x00, 0x53, 0x00, 0x00, 0x38, 0x00, 0x00, 0x04, 0x00, 0x00, 0xB9, 0xE5, 0xFA, 0xA4, 0xCC, 0xDF,
        0x92, 0xB6, 0xC7, 0x7F, 0x9E, 0xAE, 0x6C, 0x88, 0x95, 0x59, 0x71, 0x7D, 0x46, 0x5A, 0x64, 0x2E, 0x3E, 0x47, 0x0A, 0x19, 0x21, 0xBD, 0xE3, 0xE1, 0xA8, 0xCA, 0xC9, 0x94, 0xB5, 0xB3,
        0x81, 0x9D, 0x9C, 0x6D, 0x87, 0x86, 0x5A, 0x71, 0x71, 0x46, 0x59, 0x5A, 0x2E, 0x3E, 0x3E, 0x08, 0x18, 0x19, 0xC0, 0xE2, 0xCA, 0xAA, 0xCA, 0xB6, 0x97, 0xB3, 0xA2, 0x82, 0x9C, 0x8D,
        0x6E, 0x85, 0x79, 0x5B, 0x70, 0x65, 0x47, 0x59, 0x50, 0x2E, 0x3D, 0x36, 0x07, 0x18, 0x13, 0xC2, 0xE0, 0xB3, 0xAD, 0xC8, 0xA0, 0x99, 0xB2, 0x90, 0x84, 0x9B, 0x7D, 0x70, 0x85, 0x6B,
        0x5C, 0x6F, 0x59, 0x47, 0x58, 0x45, 0x2E, 0x3D, 0x2D, 0x06, 0x17, 0x0A, 0xC4, 0xDF, 0x9B, 0xAE, 0xC6, 0x8B, 0x9A, 0xB0, 0x7C, 0x84, 0x99, 0x6B, 0x71, 0x83, 0x5B, 0x5C, 0x6E, 0x4B,
        0x48, 0x57, 0x3A, 0x2F, 0x3C, 0x25, 0x04, 0x17, 0x00, 0xC6, 0xDD, 0x83, 0xAF, 0xC5, 0x75, 0x9B, 0xAF, 0x69, 0x85, 0x98, 0x5B, 0x71, 0x82, 0x4C, 0x5C, 0x6D, 0x3F, 0x48, 0x56, 0x2F,
        0x2E, 0x3C, 0x1A, 0x03, 0x17, 0x00, 0xC8, 0xDC, 0x68, 0xB0, 0xC4, 0x5E, 0x9C, 0xAF, 0x54, 0x86, 0x97, 0x48, 0x71, 0x81, 0x3B, 0x5D, 0x6C, 0x2F, 0x48, 0x55, 0x21, 0x2E, 0x3B, 0x0D,
        0x00, 0x17, 0x00, 0xC9, 0xDB, 0x49, 0xB3, 0xC3, 0x41, 0x9D, 0xAD, 0x39, 0x87, 0x96, 0x30, 0x72, 0x81, 0x27, 0x5E, 0x6C, 0x1C, 0x48, 0x55, 0x0F, 0x2F, 0x3B, 0x00, 0x00, 0x16, 0x00,
        0xCB, 0xDB, 0x2A, 0xB2, 0xC3, 0x25, 0x9D, 0xAD, 0x20, 0x87, 0x96, 0x1A, 0x72, 0x80, 0x10, 0x5E, 0x6B, 0x06, 0x49, 0x55, 0x00, 0x2E, 0x3A, 0x00, 0x00, 0x16, 0x00, 0xBA, 0xCD, 0xE9,
        0xA5, 0xB7, 0xD1, 0x94, 0xA3, 0xBB, 0x80, 0x8E, 0xA3, 0x6D, 0x79, 0x8C, 0x5B, 0x65, 0x76, 0x47, 0x50, 0x5E, 0x30, 0x36, 0x42, 0x0C, 0x0F, 0x1B, 0xBD, 0xCC, 0xD3, 0xA9, 0xB6, 0xBD,
        0x97, 0xA3, 0xA9, 0x83, 0x8D, 0x93, 0x6F, 0x79, 0x7E, 0x5C, 0x65, 0x69, 0x48, 0x4F, 0x54, 0x30, 0x36, 0x3A, 0x0B, 0x0F, 0x13, 0xC0, 0xCA, 0xBE, 0xAB, 0xB5, 0xAA, 0x98, 0xA1, 0x98,
        0x83, 0x8D, 0x85, 0x70, 0x78, 0x71, 0x5D, 0x64, 0x5E, 0x48, 0x4F, 0x4A, 0x30, 0x35, 0x32, 0x0A, 0x0F, 0x0B, 0xC3, 0xC9, 0xA9, 0xAC, 0xB3, 0x97, 0x99, 0xA0, 0x87, 0x84, 0x8B, 0x75,
        0x71, 0x77, 0x64, 0x5D, 0x63, 0x52, 0x48, 0x4E, 0x40, 0x30, 0x35, 0x29, 0x09, 0x0E, 0x03, 0xC3, 0xC8, 0x92, 0xAE, 0xB3, 0x83, 0x9A, 0x9F, 0x75, 0x85, 0x8A, 0x65, 0x71, 0x76, 0x56,
        0x5D, 0x62, 0x46, 0x49, 0x4D, 0x35, 0x30, 0x34, 0x20, 0x08, 0x0F, 0x00, 0xC6, 0xC7, 0x7D, 0xAF, 0xB1, 0x6F, 0x9B, 0x9E, 0x64, 0x85, 0x89, 0x55, 0x71, 0x75, 0x47, 0x5D, 0x61, 0x39,
        0x48, 0x4D, 0x2A, 0x2F, 0x34, 0x16, 0x05, 0x0E, 0x00, 0xC7, 0xC6, 0x65, 0xB0, 0xB1, 0x59, 0x9B, 0x9D, 0x4F, 0x86, 0x88, 0x44, 0x71, 0x74, 0x38, 0x5E, 0x61, 0x2C, 0x49, 0x4C, 0x1E,
        0x2F, 0x34, 0x0A, 0x02, 0x0F, 0x00, 0xC8, 0xC5, 0x48, 0xB2, 0xB0, 0x3F, 0x9D, 0x9C, 0x38, 0x87, 0x88, 0x2E, 0x72, 0x74, 0x25, 0x5E, 0x60, 0x1A, 0x49, 0x4C, 0x0B, 0x2F, 0x33, 0x00,
        0x00, 0x0E, 0x00, 0xC9, 0xC5, 0x2D, 0xB1, 0xAF, 0x26, 0x9C, 0x9B, 0x1F, 0x87, 0x87, 0x19, 0x72, 0x73, 0x11, 0x5E, 0x60, 0x05, 0x49, 0x4B, 0x00, 0x2E, 0x33, 0x00, 0x00, 0x0E, 0x00,
        0xBB, 0xB7, 0xDA, 0xA7, 0xA5, 0xC5, 0x95, 0x93, 0xB0, 0x81, 0x7F, 0x99, 0x6F, 0x6D, 0x84, 0x5C, 0x5A, 0x6F, 0x49, 0x46, 0x59, 0x31, 0x2E, 0x3E, 0x0F, 0x04, 0x16, 0xBE, 0xB7, 0xC5,
        0xAA, 0xA4, 0xB1, 0x97, 0x92, 0x9F, 0x82, 0x7F, 0x8B, 0x70, 0x6D, 0x77, 0x5D, 0x5A, 0x63, 0x48, 0x46, 0x4E, 0x31, 0x2D, 0x35, 0x0E, 0x04, 0x0F, 0xC0, 0xB6, 0xB3, 0xAB, 0xA3, 0xA1,
        0x99, 0x91, 0x90, 0x84, 0x7E, 0x7D, 0x71, 0x6C, 0x6B, 0x5D, 0x59, 0x58, 0x49, 0x46, 0x45, 0x31, 0x2D, 0x2D, 0x0D, 0x05, 0x06, 0xC3, 0xB5, 0x9F, 0xAC, 0xA2, 0x8E, 0x98, 0x91, 0x7F,
        0x84, 0x7D, 0x6F, 0x71, 0x6B, 0x5E, 0x5D, 0x58, 0x4D, 0x49, 0x45, 0x3B, 0x30, 0x2D, 0x25, 0x0B, 0x05, 0x00, 0xC3, 0xB4, 0x8B, 0xAD, 0xA1, 0x7C, 0x99, 0x8F, 0x6E, 0x85, 0x7D, 0x60,
        0x71, 0x6A, 0x51, 0x5E, 0x58, 0x42, 0x49, 0x44, 0x31, 0x31, 0x2C, 0x1C, 0x09, 0x06, 0x00, 0xC4, 0xB3, 0x76, 0xAE, 0xA0, 0x6A, 0x9A, 0x8E, 0x5E, 0x85, 0x7C, 0x51, 0x71, 0x69, 0x44,
        0x5E, 0x57, 0x36, 0x49, 0x44, 0x27, 0x30, 0x2C, 0x12, 0x05, 0x05, 0x00, 0xC5, 0xB2, 0x60, 0xB0, 0x9F, 0x56, 0x9B, 0x8D, 0x4B, 0x86, 0x7B, 0x40, 0x72, 0x69, 0x35, 0x5E, 0x57, 0x28,
        0x49, 0x44, 0x1A, 0x30, 0x2C, 0x05, 0x02, 0x06, 0x00, 0xC7, 0xB2, 0x46, 0xB0, 0x9E, 0x3E, 0x9C, 0x8D, 0x36, 0x86, 0x7A, 0x2C, 0x72, 0x68, 0x23, 0x5E, 0x56, 0x17, 0x49, 0x43, 0x08,
        0x2F, 0x2C, 0x00, 0x02, 0x06, 0x00, 0xC7, 0xB1, 0x2D, 0xB2, 0x9E, 0x28, 0x9C, 0x8C, 0x20, 0x87, 0x7A, 0x1A, 0x72, 0x68, 0x10, 0x5E, 0x56, 0x04, 0x49, 0x43, 0x00, 0x2F, 0x2C, 0x00,
        0x00, 0x07, 0x00, 0xBC, 0xA1, 0xCC, 0xA8, 0x90, 0xB7, 0x95, 0x81, 0xA4, 0x82, 0x70, 0x90, 0x70, 0x5F, 0x7B, 0x5D, 0x4E, 0x67, 0x4A, 0x3C, 0x51, 0x32, 0x24, 0x38, 0x10, 0x00, 0x10,
        0xBE, 0xA0, 0xB9, 0xAA, 0x90, 0xA5, 0x97, 0x80, 0x94, 0x84, 0x6F, 0x82, 0x70, 0x5F, 0x6E, 0x5D, 0x4E, 0x5C, 0x4A, 0x3B, 0x48, 0x32, 0x24, 0x30, 0x10, 0x00, 0x08, 0xC0, 0xA0, 0xA7,
        0xAB, 0x8F, 0x96, 0x99, 0x80, 0x86, 0x84, 0x6F, 0x75, 0x70, 0x5E, 0x64, 0x5E, 0x4D, 0x52, 0x4A, 0x3B, 0x3F, 0x32, 0x24, 0x28, 0x0E, 0x00, 0x00, 0xC1, 0x9F, 0x95, 0xAC, 0x8F, 0x86,
        0x99, 0x7F, 0x77, 0x85, 0x6E, 0x67, 0x71, 0x5E, 0x57, 0x5D, 0x4D, 0x48, 0x49, 0x3B, 0x36, 0x32, 0x24, 0x20, 0x0C, 0x00, 0x00, 0xC3, 0x9F, 0x83, 0xAD, 0x8E, 0x75, 0x99, 0x7F, 0x68,
        0x84, 0x6E, 0x5A, 0x71, 0x5D, 0x4C, 0x5D, 0x4C, 0x3D, 0x4A, 0x3B, 0x2D, 0x31, 0x24, 0x17, 0x09, 0x00, 0x00, 0xC4, 0x9E, 0x71, 0xAE, 0x8D, 0x65, 0x9B, 0x7E, 0x59, 0x85, 0x6D, 0x4C,
        0x71, 0x5D, 0x40, 0x5E, 0x4C, 0x33, 0x4A, 0x3A, 0x23, 0x31, 0x24, 0x0E, 0x06, 0x00, 0x00, 0xC5, 0x9D, 0x5C, 0xAE, 0x8D, 0x50, 0x9A, 0x7D, 0x47, 0x86, 0x6C, 0x3C, 0x72, 0x5C, 0x32,
        0x5E, 0x4B, 0x25, 0x49, 0x3A, 0x16, 0x30, 0x24, 0x01, 0x05, 0x00, 0x00, 0xC5, 0x9D, 0x44, 0xAF, 0x8C, 0x3B, 0x9B, 0x7C, 0x33, 0x86, 0x6C, 0x29, 0x71, 0x5B, 0x20, 0x5E, 0x4B, 0x15,
        0x49, 0x39, 0x05, 0x30, 0x23, 0x00, 0x05, 0x00, 0x00, 0xC6, 0x9C, 0x2E, 0xB0, 0x8C, 0x28, 0x9B, 0x7C, 0x20, 0x86, 0x6B, 0x18, 0x72, 0x5B, 0x0E, 0x5E, 0x4B, 0x02, 0x49, 0x39, 0x00,
        0x30, 0x24, 0x00, 0x03, 0x00, 0x00, 0xBD, 0x8C, 0xBF, 0xA8, 0x7E, 0xAC, 0x96, 0x70, 0x9A, 0x83, 0x61, 0x86, 0x70, 0x52, 0x73, 0x5E, 0x42, 0x60, 0x4A, 0x31, 0x4B, 0x33, 0x19, 0x32,
        0x0C, 0x00, 0x0A, 0xBF, 0x8B, 0xAD, 0xAA, 0x7D, 0x9A, 0x98, 0x6F, 0x8A, 0x84, 0x60, 0x79, 0x71, 0x51, 0x67, 0x5E, 0x42, 0x55, 0x4A, 0x30, 0x42, 0x32, 0x1A, 0x2A, 0x0C, 0x00, 0x01,
        0xC0, 0x8B, 0x9D, 0xAB, 0x7D, 0x8C, 0x98, 0x6F, 0x7D, 0x84, 0x60, 0x6D, 0x71, 0x51, 0x5C, 0x5E, 0x41, 0x4C, 0x4A, 0x30, 0x3A, 0x32, 0x1A, 0x23, 0x09, 0x00, 0x00, 0xC1, 0x8B, 0x8C,
        0xAC, 0x7C, 0x7D, 0x99, 0x6E, 0x70, 0x85, 0x5F, 0x60, 0x71, 0x50, 0x52, 0x5E, 0x41, 0x42, 0x4A, 0x31, 0x32, 0x32, 0x1A, 0x1C, 0x07, 0x00, 0x00, 0xC2, 0x8A, 0x7B, 0xAC, 0x7B, 0x6D,
        0x99, 0x6E, 0x61, 0x85, 0x5F, 0x54, 0x71, 0x50, 0x46, 0x5E, 0x41, 0x38, 0x4A, 0x30, 0x28, 0x32, 0x1A, 0x14, 0x06, 0x00, 0x00, 0xC2, 0x8A, 0x69, 0xAD, 0x7B, 0x5E, 0x99, 0x6D, 0x53,
        0x85, 0x5E, 0x46, 0x70, 0x4F, 0x3B, 0x5E, 0x40, 0x2E, 0x4A, 0x30, 0x1F, 0x32, 0x1A, 0x09, 0x04, 0x00, 0x00, 0xC4, 0x8A, 0x57, 0xAE, 0x7A, 0x4D, 0x99, 0x6D, 0x43, 0x85, 0x5D, 0x38,
        0x71, 0x4F, 0x2E, 0x5E, 0x40, 0x22, 0x49, 0x30, 0x12, 0x31, 0x1B, 0x00, 0x04, 0x00, 0x00, 0xC4, 0x89, 0x41, 0xAE, 0x7A, 0x39, 0x9A, 0x6C, 0x31, 0x85, 0x5D, 0x27, 0x71, 0x4F, 0x1D,
        0x5E, 0x40, 0x12, 0x4A, 0x30, 0x03, 0x31, 0x1B, 0x00, 0x02, 0x00, 0x00, 0xC5, 0x89, 0x2F, 0xAF, 0x7A, 0x28, 0x9B, 0x6C, 0x20, 0x85, 0x5D, 0x17, 0x72, 0x4F, 0x0E, 0x5E, 0x40, 0x01,
        0x49, 0x30, 0x00, 0x30, 0x1B, 0x00, 0x02, 0x00, 0x00, 0xBD, 0x77, 0xB1, 0xA8, 0x6A, 0x9F, 0x96, 0x5E, 0x8E, 0x83, 0x51, 0x7C, 0x71, 0x43, 0x6B, 0x5E, 0x35, 0x59, 0x4A, 0x25, 0x45,
        0x33, 0x0B, 0x2D, 0x06, 0x00, 0x03, 0xBF, 0x77, 0xA1, 0xAA, 0x6A, 0x90, 0x98, 0x5E, 0x81, 0x84, 0x51, 0x70, 0x71, 0x43, 0x60, 0x5E, 0x35, 0x4F, 0x4A, 0x25, 0x3D, 0x33, 0x0D, 0x26,
        0x06, 0x00, 0x00, 0xC0, 0x77, 0x92, 0xAA, 0x6A, 0x83, 0x98, 0x5E, 0x75, 0x84, 0x50, 0x65, 0x70, 0x43, 0x55, 0x5E, 0x35, 0x46, 0x4A, 0x25, 0x35, 0x32, 0x0E, 0x1F, 0x04, 0x00, 0x00,
        0xC0, 0x77, 0x83, 0xAB, 0x6A, 0x75, 0x99, 0x5E, 0x69, 0x84, 0x50, 0x59, 0x71, 0x43, 0x4B, 0x5E, 0x36, 0x3D, 0x4A, 0x26, 0x2D, 0x33, 0x0E, 0x17, 0x03, 0x00, 0x00, 0xC1, 0x76, 0x72,
        0xAB, 0x6A, 0x66, 0x99, 0x5D, 0x5A, 0x84, 0x50, 0x4E, 0x71, 0x43, 0x41, 0x5E, 0x35, 0x34, 0x4A, 0x25, 0x24, 0x32, 0x0F, 0x10, 0x01, 0x00, 0x00, 0xC2, 0x76, 0x63, 0xAC, 0x69, 0x59,
        0x99, 0x5D, 0x4E, 0x84, 0x50, 0x42, 0x71, 0x43, 0x36, 0x5E, 0x35, 0x2A, 0x4A, 0x26, 0x1B, 0x32, 0x10, 0x05, 0x01, 0x00, 0x00, 0xC2, 0x76, 0x52, 0xAD, 0x69, 0x48, 0x99, 0x5D, 0x3F,
        0x84, 0x4F, 0x35, 0x71, 0x43, 0x2A, 0x5E, 0x35, 0x1E, 0x4A, 0x26, 0x0F, 0x31, 0x10, 0x00, 0x00, 0x00, 0x00, 0xC3, 0x75, 0x3F, 0xAD, 0x69, 0x37, 0x9A, 0x5D, 0x2F, 0x85, 0x4F, 0x25,
        0x71, 0x42, 0x1B, 0x5E, 0x35, 0x0F, 0x49, 0x26, 0x00, 0x30, 0x10, 0x00, 0x00, 0x00, 0x00, 0xC3, 0x75, 0x2E, 0xAD, 0x68, 0x27, 0x9A, 0x5C, 0x20, 0x85, 0x4F, 0x16, 0x71, 0x42, 0x0D,
        0x5E, 0x35, 0x00, 0x49, 0x26, 0x00, 0x30, 0x11, 0x00, 0x00, 0x00, 0x00, 0xBD, 0x60, 0xA6, 0xA8, 0x55, 0x93, 0x96, 0x4A, 0x84, 0x83, 0x3E, 0x73, 0x71, 0x33, 0x63, 0x5E, 0x26, 0x52,
        0x4A, 0x15, 0x3F, 0x33, 0x00, 0x28, 0x01, 0x00, 0x00, 0xBE, 0x60, 0x96, 0xAA, 0x55, 0x85, 0x98, 0x4B, 0x77, 0x84, 0x3F, 0x68, 0x71, 0x33, 0x58, 0x5E, 0x26, 0x48, 0x4B, 0x16, 0x37,
        0x33, 0x00, 0x21, 0x01, 0x00, 0x00, 0xC0, 0x60, 0x89, 0xAA, 0x55, 0x79, 0x98, 0x4A, 0x6C, 0x84, 0x40, 0x5E, 0x71, 0x34, 0x4F, 0x5E, 0x27, 0x40, 0x4A, 0x17, 0x30, 0x32, 0x00, 0x1A,
        0x00, 0x00, 0x00, 0xC0, 0x60, 0x7A, 0xAB, 0x56, 0x6D, 0x98, 0x4B, 0x60, 0x84, 0x3F, 0x53, 0x71, 0x34, 0x45, 0x5E, 0x27, 0x38, 0x4A, 0x18, 0x29, 0x32, 0x00, 0x13, 0x00, 0x00, 0x00,
        0xC1, 0x60, 0x6B, 0xAB, 0x55, 0x60, 0x98, 0x4B, 0x54, 0x84, 0x40, 0x48, 0x71, 0x34, 0x3C, 0x5E, 0x27, 0x2F, 0x4A, 0x18, 0x20, 0x32, 0x01, 0x0A, 0x00, 0x00, 0x00, 0xC1, 0x60, 0x5D,
        0xAC, 0x55, 0x52, 0x98, 0x4B, 0x48, 0x85, 0x3F, 0x3D, 0x71, 0x33, 0x31, 0x5E, 0x27, 0x25, 0x49, 0x19, 0x17, 0x31, 0x02, 0x02, 0x00, 0x00, 0x00, 0xC2, 0x60, 0x4E, 0xAC, 0x55, 0x44,
        0x98, 0x4B, 0x3B, 0x84, 0x3F, 0x31, 0x71, 0x34, 0x27, 0x5E, 0x28, 0x1A, 0x49, 0x19, 0x0B, 0x30, 0x03, 0x00, 0x00, 0x00, 0x00, 0xC2, 0x60, 0x3C, 0xAD, 0x55, 0x34, 0x99, 0x4B, 0x2C,
        0x84, 0x40, 0x23, 0x70, 0x34, 0x19, 0x5E, 0x28, 0x0C, 0x49, 0x1A, 0x00, 0x30, 0x04, 0x00, 0x00, 0x00, 0x00, 0xC3, 0x60, 0x2E, 0xAD, 0x55, 0x26, 0x9A, 0x4A, 0x1F, 0x85, 0x3F, 0x16,
        0x71, 0x34, 0x0B, 0x5D, 0x28, 0x00, 0x49, 0x1A, 0x00, 0x2F, 0x05, 0x00, 0x00, 0x00, 0x00, 0xBC, 0x43, 0x99, 0xA8, 0x3A, 0x89, 0x97, 0x31, 0x7A, 0x83, 0x27, 0x6A, 0x71, 0x1C, 0x5A,
        0x5E, 0x0D, 0x4B, 0x4B, 0x00, 0x39, 0x33, 0x00, 0x23, 0x00, 0x00, 0x00, 0xBE, 0x44, 0x8A, 0xAA, 0x3B, 0x7B, 0x98, 0x32, 0x6E, 0x84, 0x29, 0x60, 0x71, 0x1D, 0x50, 0x5E, 0x10, 0x42,
        0x4B, 0x00, 0x31, 0x32, 0x00, 0x1B, 0x00, 0x00, 0x00, 0xBF, 0x45, 0x7E, 0xAA, 0x3B, 0x70, 0x97, 0x34, 0x64, 0x84, 0x2A, 0x56, 0x71, 0x1E, 0x49, 0x5F, 0x11, 0x3A, 0x4B, 0x00, 0x2A,
        0x32, 0x00, 0x15, 0x00, 0x00, 0x00, 0xC0, 0x46, 0x71, 0xAA, 0x3D, 0x64, 0x97, 0x34, 0x59, 0x84, 0x2A, 0x4D, 0x71, 0x1F, 0x40, 0x5E, 0x13, 0x32, 0x4A, 0x01, 0x23, 0x32, 0x00, 0x0E,
        0x00, 0x00, 0x00, 0xC0, 0x46, 0x64, 0xAA, 0x3E, 0x59, 0x97, 0x35, 0x4D, 0x83, 0x2B, 0x42, 0x70, 0x20, 0x36, 0x5E, 0x14, 0x2A, 0x4A, 0x02, 0x1B, 0x31, 0x00, 0x05, 0x00, 0x00, 0x00,
        0xC0, 0x47, 0x57, 0xAB, 0x3D, 0x4D, 0x98, 0x35, 0x43, 0x83, 0x2C, 0x39, 0x70, 0x21, 0x2D, 0x5E, 0x15, 0x21, 0x4A, 0x04, 0x13, 0x31, 0x00, 0x01, 0x00, 0x00, 0x00, 0xC1, 0x47, 0x4A,
        0xAB, 0x3E, 0x40, 0x98, 0x35, 0x37, 0x84, 0x2C, 0x2D, 0x71, 0x22, 0x22, 0x5E, 0x16, 0x17, 0x49, 0x05, 0x07, 0x30, 0x00, 0x00, 0x00, 0x00, 0x00, 0xC1, 0x46, 0x3A, 0xAC, 0x3E, 0x32,
        0x98, 0x36, 0x2A, 0x84, 0x2C, 0x20, 0x70, 0x23, 0x16, 0x5D, 0x17, 0x0A, 0x49, 0x06, 0x00, 0x2F, 0x00, 0x00, 0x00, 0x00, 0x00, 0xC1, 0x46, 0x2D, 0xAC, 0x3E, 0x26, 0x99, 0x36, 0x1F,
        0x84, 0x2C, 0x15, 0x70, 0x23, 0x09, 0x5E, 0x17, 0x00, 0x49, 0x07, 0x00, 0x2F, 0x00, 0x00, 0x00, 0x00, 0x00, 0xBD, 0x1A, 0x8D, 0xA9, 0x0F, 0x7E, 0x96, 0x02, 0x70, 0x83, 0x00, 0x61,
        0x71, 0x00, 0x52, 0x5E, 0x00, 0x43, 0x4B, 0x00, 0x33, 0x32, 0x00, 0x1D, 0x00, 0x00, 0x00, 0xBE, 0x1C, 0x80, 0xAA, 0x12, 0x72, 0x97, 0x08, 0x65, 0x84, 0x00, 0x58, 0x71, 0x00, 0x4A,
        0x5E, 0x00, 0x3C, 0x4B, 0x00, 0x2C, 0x32, 0x00, 0x17, 0x00, 0x00, 0x00, 0xBF, 0x1E, 0x75, 0xAA, 0x17, 0x68, 0x98, 0x0B, 0x5C, 0x84, 0x01, 0x4F, 0x71, 0x00, 0x43, 0x5F, 0x00, 0x35,
        0x4B, 0x00, 0x25, 0x32, 0x00, 0x11, 0x00, 0x00, 0x00, 0xBF, 0x21, 0x69, 0xAA, 0x1A, 0x5D, 0x97, 0x12, 0x53, 0x84, 0x06, 0x46, 0x70, 0x00, 0x3A, 0x5E, 0x00, 0x2D, 0x4B, 0x00, 0x1E,
        0x31, 0x00, 0x08, 0x00, 0x00, 0x00, 0xBF, 0x22, 0x5D, 0xAA, 0x1B, 0x52, 0x97, 0x14, 0x48, 0x83, 0x08, 0x3D, 0x70, 0x00, 0x31, 0x5E, 0x00, 0x26, 0x4A, 0x00, 0x17, 0x31, 0x00, 0x04,
        0x00, 0x00, 0x00, 0xBF, 0x24, 0x52, 0xAA, 0x1D, 0x47, 0x97, 0x16, 0x3F, 0x83, 0x0B, 0x34, 0x70, 0x00, 0x29, 0x5D, 0x00, 0x1D, 0x4A, 0x00, 0x0E, 0x30, 0x00, 0x01, 0x00, 0x00, 0x00,
        0xBF, 0x26, 0x45, 0xAA, 0x1F, 0x3C, 0x97, 0x18, 0x33, 0x83, 0x0E, 0x29, 0x70, 0x01, 0x1F, 0x5D, 0x00, 0x13, 0x49, 0x00, 0x03, 0x30, 0x00, 0x00, 0x00, 0x00, 0x00, 0xC0, 0x25, 0x38,
        0xAB, 0x1F, 0x2F, 0x98, 0x19, 0x28, 0x83, 0x11, 0x1E, 0x70, 0x04, 0x13, 0x5D, 0x00, 0x07, 0x49, 0x00, 0x00, 0x2F, 0x00, 0x00, 0x00, 0x00, 0x00, 0xC0, 0x26, 0x2D, 0xAB, 0x21, 0x24,
        0x98, 0x1A, 0x1E, 0x83, 0x12, 0x15, 0x6F, 0x07, 0x09, 0x5D, 0x00, 0x00, 0x49, 0x00, 0x00, 0x2F, 0x00, 0x00, 0x00, 0x00, 0x00, 0x95, 0xDA, 0xF8, 0x85, 0xC2, 0xDE, 0x77, 0xAD, 0xC6,
        0x66, 0x97, 0xAD, 0x56, 0x82, 0x94, 0x46, 0x6C, 0x7D, 0x35, 0x55, 0x64, 0x20, 0x3B, 0x47, 0x00, 0x16, 0x21, 0x9A, 0xD8, 0xDF, 0x89, 0xC1, 0xC8, 0x7A, 0xAC, 0xB2, 0x6A, 0x96, 0x9C,
        0x59, 0x80, 0x85, 0x49, 0x6B, 0x70, 0x36, 0x55, 0x59, 0x1F, 0x3B, 0x3F, 0x00, 0x16, 0x1A, 0x9F, 0xD7, 0xCA, 0x8D, 0xC0, 0xB5, 0x7E, 0xAB, 0xA1, 0x6C, 0x95, 0x8D, 0x5A, 0x80, 0x79,
        0x4A, 0x6B, 0x64, 0x37, 0x55, 0x50, 0x20, 0x3A, 0x37, 0x00, 0x16, 0x13, 0xA1, 0xD5, 0xB3, 0x90, 0xBE, 0xA0, 0x7E, 0xAA, 0x8F, 0x6D, 0x94, 0x7D, 0x5C, 0x7F, 0x6B, 0x4A, 0x6A, 0x59,
        0x38, 0x54, 0x45, 0x20, 0x3A, 0x2E, 0x00, 0x15, 0x0B, 0xA3, 0xD3, 0x9C, 0x90, 0xBD, 0x8B, 0x81, 0xA8, 0x7D, 0x6E, 0x93, 0x6C, 0x5D, 0x7E, 0x5C, 0x4B, 0x69, 0x4C, 0x39, 0x53, 0x3A,
        0x21, 0x3A, 0x25, 0x00, 0x15, 0x01, 0xA7, 0xD3, 0x85, 0x93, 0xBC, 0x78, 0x82, 0xA7, 0x69, 0x6E, 0x91, 0x5C, 0x5D, 0x7D, 0x4E, 0x4C, 0x68, 0x40, 0x3A, 0x53, 0x30, 0x21, 0x39, 0x1B,
        0x00, 0x15, 0x00, 0xA9, 0xD2, 0x6C, 0x95, 0xBB, 0x60, 0x83, 0xA6, 0x56, 0x70, 0x90, 0x4A, 0x5E, 0x7C, 0x3E, 0x4D, 0x67, 0x31, 0x3A, 0x52, 0x23, 0x21, 0x39, 0x0F, 0x00, 0x15, 0x00,
        0xAA, 0xD1, 0x50, 0x97, 0xBA, 0x47, 0x85, 0xA5, 0x3E, 0x72, 0x8F, 0x34, 0x5F, 0x7B, 0x2A, 0x4D, 0x67, 0x20, 0x3A, 0x51, 0x12, 0x21, 0x38, 0x00, 0x00, 0x15, 0x00, 0xAD, 0xD0, 0x37,
        0x98, 0xBA, 0x31, 0x86, 0xA5, 0x29, 0x72, 0x8F, 0x22, 0x5F, 0x7A, 0x19, 0x4D, 0x66, 0x0E, 0x3A, 0x51, 0x00, 0x21, 0x38, 0x00, 0x00, 0x15, 0x00, 0x9A, 0xC3, 0xE8, 0x89, 0xAE, 0xCF,
        0x7A, 0x9C, 0xB9, 0x69, 0x88, 0xA3, 0x59, 0x74, 0x8C, 0x49, 0x61, 0x75, 0x38, 0x4C, 0x5E, 0x23, 0x33, 0x42, 0x00, 0x0D, 0x1C, 0x9E, 0xC2, 0xD1, 0x8D, 0xAE, 0xBB, 0x7D, 0x9B, 0xA7,
        0x6D, 0x87, 0x92, 0x5B, 0x74, 0x7D, 0x4B, 0x60, 0x69, 0x39, 0x4B, 0x53, 0x23, 0x32, 0x39, 0x00, 0x0C, 0x15, 0xA1, 0xC1, 0xBD, 0x90, 0xAD, 0xA9, 0x80, 0x9A, 0x97, 0x6E, 0x86, 0x84,
        0x5D, 0x73, 0x71, 0x4D, 0x5F, 0x5E, 0x3A, 0x4B, 0x4A, 0x23, 0x32, 0x32, 0x00, 0x0C, 0x0D, 0xA4, 0xC0, 0xA8, 0x91, 0xAB, 0x97, 0x81, 0x99, 0x86, 0x6F, 0x85, 0x75, 0x5E, 0x72, 0x64,
        0x4C, 0x5F, 0x52, 0x3A, 0x4B, 0x40, 0x24, 0x32, 0x2A, 0x00, 0x0C, 0x05, 0xA5, 0xBF, 0x93, 0x93, 0xAA, 0x83, 0x82, 0x98, 0x75, 0x71, 0x84, 0x66, 0x5F, 0x71, 0x56, 0x4D, 0x5E, 0x47,
        0x3A, 0x4A, 0x36, 0x23, 0x32, 0x21, 0x00, 0x0D, 0x00, 0xA7, 0xBD, 0x7E, 0x94, 0xA9, 0x71, 0x84, 0x97, 0x64, 0x71, 0x83, 0x56, 0x60, 0x70, 0x49, 0x4D, 0x5D, 0x3B, 0x3B, 0x49, 0x2B,
        0x23, 0x31, 0x17, 0x00, 0x0C, 0x00, 0xAA, 0xBD, 0x68, 0x96, 0xA8, 0x5B, 0x85, 0x96, 0x51, 0x72, 0x82, 0x45, 0x60, 0x6F, 0x39, 0x4E, 0x5C, 0x2E, 0x3B, 0x49, 0x1F, 0x23, 0x31, 0x0B,
        0x00, 0x0D, 0x00, 0xAB, 0xBC, 0x4E, 0x98, 0xA8, 0x44, 0x86, 0x95, 0x3C, 0x73, 0x82, 0x32, 0x60, 0x6F, 0x29, 0x4E, 0x5C, 0x1D, 0x3C, 0x49, 0x0F, 0x23, 0x31, 0x00, 0x00, 0x0C, 0x00,
        0xAD, 0xBB, 0x37, 0x99, 0xA7, 0x2F, 0x86, 0x95, 0x27, 0x73, 0x81, 0x21, 0x61, 0x6E, 0x18, 0x4F, 0x5C, 0x0D, 0x3C, 0x48, 0x00, 0x23, 0x30, 0x00, 0x00, 0x0C, 0x00, 0x9D, 0xAF, 0xD9,
        0x8B, 0x9D, 0xC4, 0x7D, 0x8D, 0xAF, 0x6D, 0x7A, 0x99, 0x5C, 0x68, 0x84, 0x4C, 0x56, 0x6E, 0x3B, 0x43, 0x58, 0x25, 0x2B, 0x3D, 0x01, 0x01, 0x17, 0xA1, 0xAE, 0xC4, 0x90, 0x9C, 0xB0,
        0x7F, 0x8C, 0x9E, 0x6E, 0x79, 0x89, 0x5E, 0x68, 0x76, 0x4D, 0x55, 0x62, 0x3B, 0x43, 0x4E, 0x25, 0x2B, 0x35, 0x00, 0x02, 0x10, 0xA3, 0xAE, 0xB2, 0x92, 0x9C, 0xA0, 0x82, 0x8B, 0x8F,
        0x70, 0x79, 0x7C, 0x5F, 0x67, 0x6A, 0x4E, 0x55, 0x58, 0x3C, 0x42, 0x45, 0x25, 0x2A, 0x2E, 0x00, 0x02, 0x07, 0xA6, 0xAD, 0x9F, 0x93, 0x9A, 0x8E, 0x82, 0x8A, 0x7F, 0x71, 0x78, 0x6F,
        0x60, 0x67, 0x5F, 0x4E, 0x54, 0x4D, 0x3C, 0x42, 0x3B, 0x25, 0x2B, 0x25, 0x00, 0x02, 0x00, 0xA6, 0xAC, 0x8B, 0x94, 0x9A, 0x7D, 0x83, 0x89, 0x70, 0x71, 0x78, 0x60, 0x60, 0x66, 0x51,
        0x4E, 0x54, 0x42, 0x3C, 0x41, 0x32, 0x25, 0x2A, 0x1D, 0x00, 0x03, 0x00, 0xA7, 0xAB, 0x78, 0x95, 0x99, 0x6B, 0x85, 0x89, 0x5F, 0x72, 0x76, 0x51, 0x61, 0x65, 0x45, 0x4F, 0x54, 0x38,
        0x3C, 0x41, 0x28, 0x25, 0x2A, 0x13, 0x00, 0x03, 0x00, 0xAA, 0xAA, 0x63, 0x97, 0x98, 0x57, 0x86, 0x88, 0x4D, 0x73, 0x76, 0x42, 0x61, 0x65, 0x37, 0x4F, 0x53, 0x2A, 0x3D, 0x41, 0x1C,
        0x25, 0x2A, 0x07, 0x00, 0x03, 0x00, 0xAC, 0xAA, 0x4B, 0x98, 0x97, 0x41, 0x86, 0x87, 0x39, 0x73, 0x75, 0x30, 0x61, 0x64, 0x26, 0x4F, 0x53, 0x1B, 0x3D, 0x40, 0x0C, 0x24, 0x2A, 0x00,
        0x00, 0x03, 0x00, 0xAC, 0xA9, 0x37, 0x9A, 0x97, 0x2E, 0x87, 0x86, 0x28, 0x74, 0x74, 0x20, 0x61, 0x63, 0x15, 0x50, 0x52, 0x0A, 0x3D, 0x40, 0x00, 0x24, 0x29, 0x00, 0x00, 0x03, 0x00,
        0xA0, 0x9A, 0xCB, 0x8F, 0x8B, 0xB6, 0x7F, 0x7C, 0xA4, 0x6F, 0x6B, 0x8F, 0x5F, 0x5B, 0x7A, 0x4E, 0x4B, 0x67, 0x3C, 0x39, 0x51, 0x27, 0x21, 0x38, 0x01, 0x00, 0x12, 0xA3, 0x9A, 0xB8,
        0x92, 0x8A, 0xA5, 0x82, 0x7B, 0x94, 0x71, 0x6B, 0x81, 0x60, 0x5A, 0x6E, 0x4F, 0x4A, 0x5C, 0x3D, 0x38, 0x48, 0x27, 0x22, 0x30, 0x02, 0x00, 0x09, 0xA5, 0x9A, 0xA7, 0x93, 0x89, 0x95,
        0x83, 0x7A, 0x86, 0x72, 0x6A, 0x75, 0x60, 0x5A, 0x64, 0x4F, 0x4A, 0x52, 0x3D, 0x38, 0x40, 0x27, 0x21, 0x28, 0x02, 0x00, 0x01, 0xA6, 0x99, 0x96, 0x95, 0x89, 0x85, 0x84, 0x7A, 0x77,
        0x72, 0x6A, 0x68, 0x61, 0x5A, 0x58, 0x4F, 0x4A, 0x48, 0x3D, 0x38, 0x37, 0x27, 0x22, 0x21, 0x00, 0x00, 0x00, 0xA8, 0x98, 0x84, 0x95, 0x88, 0x75, 0x84, 0x79, 0x68, 0x72, 0x69, 0x5A,
        0x61, 0x59, 0x4C, 0x4F, 0x49, 0x3E, 0x3D, 0x38, 0x2E, 0x26, 0x22, 0x19, 0x00, 0x00, 0x00, 0xA9, 0x97, 0x72, 0x96, 0x87, 0x65, 0x85, 0x79, 0x5A, 0x72, 0x68, 0x4D, 0x61, 0x59, 0x41,
        0x50, 0x49, 0x33, 0x3D, 0x38, 0x24, 0x26, 0x22, 0x10, 0x00, 0x00, 0x00, 0xAA, 0x96, 0x5E, 0x97, 0x87, 0x53, 0x86, 0x78, 0x49, 0x73, 0x68, 0x3E, 0x62, 0x58, 0x33, 0x50, 0x48, 0x27,
        0x3D, 0x38, 0x18, 0x26, 0x22, 0x03, 0x00, 0x00, 0x00, 0xAC, 0x96, 0x48, 0x99, 0x86, 0x3F, 0x87, 0x77, 0x37, 0x73, 0x67, 0x2D, 0x62, 0x58, 0x24, 0x50, 0x48, 0x18, 0x3D, 0x37, 0x09,
        0x26, 0x22, 0x00, 0x00, 0x00, 0x00, 0xAC, 0x96, 0x36, 0x99, 0x86, 0x2F, 0x87, 0x77, 0x26, 0x74, 0x67, 0x1E, 0x62, 0x57, 0x15, 0x50, 0x48, 0x08, 0x3E, 0x37, 0x00, 0x25, 0x22, 0x00,
        0x00, 0x00, 0x00, 0xA2, 0x86, 0xBE, 0x91, 0x78, 0xAB, 0x81, 0x6C, 0x99, 0x71, 0x5D, 0x86, 0x61, 0x4E, 0x73, 0x50, 0x3F, 0x60, 0x3E, 0x2E, 0x4B, 0x29, 0x17, 0x33, 0x00, 0x00, 0x0B,
        0xA5, 0x86, 0xAD, 0x93, 0x78, 0x9A, 0x83, 0x6B, 0x8A, 0x72, 0x5C, 0x78, 0x61, 0x4E, 0x67, 0x50, 0x3F, 0x55, 0x3E, 0x2E, 0x42, 0x28, 0x17, 0x2B, 0x00, 0x00, 0x02, 0xA6, 0x86, 0x9D,
        0x94, 0x78, 0x8C, 0x84, 0x6A, 0x7D, 0x72, 0x5C, 0x6D, 0x61, 0x4D, 0x5D, 0x51, 0x3F, 0x4D, 0x3E, 0x2E, 0x3A, 0x28, 0x18, 0x24, 0x00, 0x00, 0x00, 0xA8, 0x85, 0x8C, 0x95, 0x77, 0x7D,
        0x84, 0x6A, 0x70, 0x73, 0x5C, 0x61, 0x62, 0x4D, 0x52, 0x51, 0x3E, 0x43, 0x3E, 0x2E, 0x32, 0x28, 0x18, 0x1D, 0x00, 0x00, 0x00, 0xA8, 0x85, 0x7B, 0x96, 0x77, 0x6E, 0x85, 0x6A, 0x61,
        0x73, 0x5B, 0x54, 0x62, 0x4D, 0x46, 0x51, 0x3E, 0x39, 0x3E, 0x2E, 0x29, 0x28, 0x18, 0x14, 0x00, 0x00, 0x00, 0xA9, 0x84, 0x6B, 0x96, 0x76, 0x5E, 0x85, 0x69, 0x54, 0x73, 0x5B, 0x48,
        0x62, 0x4C, 0x3C, 0x50, 0x3E, 0x2F, 0x3E, 0x2E, 0x20, 0x27, 0x19, 0x0B, 0x00, 0x00, 0x00, 0xAB, 0x84, 0x59, 0x98, 0x76, 0x4F, 0x87, 0x69, 0x45, 0x73, 0x5A, 0x3A, 0x62, 0x4C, 0x2F,
        0x50, 0x3E, 0x24, 0x3E, 0x2E, 0x15, 0x27, 0x19, 0x00, 0x00, 0x00, 0x00, 0xAB, 0x84, 0x45, 0x99, 0x75, 0x3C, 0x87, 0x68, 0x34, 0x74, 0x5A, 0x2A, 0x62, 0x4C, 0x21, 0x51, 0x3D, 0x15,
        0x3E, 0x2E, 0x06, 0x26, 0x19, 0x00, 0x00, 0x00, 0x00, 0xAC, 0x84, 0x36, 0x99, 0x76, 0x2D, 0x87, 0x68, 0x26, 0x74, 0x5A, 0x1C, 0x62, 0x4C, 0x12, 0x51, 0x3D, 0x06, 0x3E, 0x2E, 0x00,
        0x26, 0x19, 0x00, 0x00, 0x00, 0x00, 0xA4, 0x73, 0xB1, 0x92, 0x67, 0x9F, 0x82, 0x5B, 0x8F, 0x72, 0x4E, 0x7D, 0x61, 0x41, 0x6B, 0x51, 0x33, 0x59, 0x3F, 0x22, 0x45, 0x29, 0x09, 0x2E,
        0x00, 0x00, 0x04, 0xA6, 0x73, 0xA1, 0x94, 0x67, 0x90, 0x84, 0x5B, 0x81, 0x73, 0x4E, 0x70, 0x62, 0x41, 0x60, 0x51, 0x33, 0x4F, 0x3F, 0x23, 0x3D, 0x29, 0x0B, 0x26, 0x00, 0x00, 0x00,
        0xA7, 0x73, 0x92, 0x96, 0x66, 0x83, 0x84, 0x5B, 0x75, 0x73, 0x4E, 0x65, 0x62, 0x41, 0x56, 0x51, 0x33, 0x47, 0x3F, 0x23, 0x36, 0x29, 0x0C, 0x20, 0x00, 0x00, 0x00, 0xA8, 0x72, 0x84,
        0x96, 0x67, 0x76, 0x85, 0x5B, 0x69, 0x74, 0x4E, 0x5B, 0x62, 0x40, 0x4C, 0x52, 0x33, 0x3D, 0x3F, 0x24, 0x2E, 0x29, 0x0D, 0x18, 0x00, 0x00, 0x00, 0xA9, 0x72, 0x74, 0x96, 0x66, 0x67,
        0x86, 0x5A, 0x5B, 0x74, 0x4E, 0x4F, 0x62, 0x41, 0x42, 0x51, 0x33, 0x35, 0x3F, 0x24, 0x25, 0x28, 0x0E, 0x11, 0x00, 0x00, 0x00, 0xA9, 0x72, 0x65, 0x97, 0x65, 0x59, 0x86, 0x5A, 0x4F,
        0x74, 0x4D, 0x43, 0x62, 0x40, 0x38, 0x51, 0x33, 0x2C, 0x3F, 0x24, 0x1D, 0x28, 0x0F, 0x07, 0x00, 0x00, 0x00, 0xAA, 0x72, 0x55, 0x98, 0x65, 0x4B, 0x87, 0x5A, 0x41, 0x74, 0x4D, 0x36,
        0x62, 0x40, 0x2C, 0x51, 0x33, 0x20, 0x3F, 0x24, 0x11, 0x27, 0x0F, 0x00, 0x00, 0x00, 0x00, 0xAC, 0x71, 0x42, 0x98, 0x65, 0x3A, 0x87, 0x59, 0x31, 0x74, 0x4D, 0x28, 0x63, 0x40, 0x1E,
        0x51, 0x33, 0x12, 0x3E, 0x24, 0x03, 0x26, 0x10, 0x00, 0x00, 0x00, 0x00, 0xAB, 0x71, 0x33, 0x99, 0x65, 0x2C, 0x88, 0x59, 0x24, 0x74, 0x4D, 0x1C, 0x63, 0x40, 0x12, 0x51, 0x33, 0x05,
        0x3E, 0x24, 0x00, 0x26, 0x10, 0x00, 0x00, 0x00, 0x00, 0xA5, 0x5E, 0xA6, 0x93, 0x52, 0x93, 0x84, 0x48, 0x84, 0x73, 0x3D, 0x73, 0x62, 0x31, 0x63, 0x52, 0x24, 0x52, 0x40, 0x13, 0x40,
        0x2A, 0x00, 0x29, 0x00, 0x00, 0x00, 0xA7, 0x5D, 0x96, 0x96, 0x53, 0x86, 0x85, 0x49, 0x78, 0x74, 0x3E, 0x68, 0x63, 0x31, 0x58, 0x52, 0x24, 0x48, 0x40, 0x14, 0x37, 0x29, 0x00, 0x21,
        0x00, 0x00, 0x00, 0xA9, 0x5D, 0x89, 0x96, 0x53, 0x7A, 0x86, 0x49, 0x6D, 0x74, 0x3D, 0x5E, 0x63, 0x32, 0x50, 0x52, 0x25, 0x41, 0x40, 0x15, 0x31, 0x29, 0x00, 0x1B, 0x00, 0x00, 0x00,
        0xA9, 0x5E, 0x7B, 0x96, 0x53, 0x6E, 0x85, 0x49, 0x61, 0x74, 0x3D, 0x53, 0x63, 0x32, 0x46, 0x52, 0x26, 0x39, 0x3F, 0x17, 0x2A, 0x29, 0x00, 0x14, 0x00, 0x00, 0x00, 0xA9, 0x5E, 0x6D,
        0x96, 0x54, 0x61, 0x86, 0x49, 0x55, 0x74, 0x3E, 0x49, 0x63, 0x33, 0x3D, 0x51, 0x26, 0x30, 0x3F, 0x17, 0x21, 0x29, 0x01, 0x0B, 0x00, 0x00, 0x00, 0xAA, 0x5E, 0x60, 0x96, 0x53, 0x54,
        0x86, 0x49, 0x4A, 0x74, 0x3D, 0x3E, 0x63, 0x32, 0x33, 0x52, 0x26, 0x27, 0x40, 0x17, 0x18, 0x28, 0x03, 0x04, 0x00, 0x00, 0x00, 0xAB, 0x5D, 0x4F, 0x98, 0x52, 0x46, 0x87, 0x49, 0x3D,
        0x74, 0x3E, 0x33, 0x62, 0x33, 0x28, 0x51, 0x26, 0x1C, 0x3F, 0x18, 0x0E, 0x27, 0x04, 0x00, 0x00, 0x00, 0x00, 0xAB, 0x5E, 0x40, 0x98, 0x53, 0x37, 0x87, 0x49, 0x2F, 0x74, 0x3E, 0x25,
        0x62, 0x32, 0x1B, 0x51, 0x26, 0x0F, 0x3F, 0x18, 0x01, 0x27, 0x04, 0x00, 0x00, 0x00, 0x00, 0xAC, 0x5D, 0x33, 0x99, 0x52, 0x2A, 0x87, 0x49, 0x23, 0x75, 0x3E, 0x1A, 0x63, 0x33, 0x10,
        0x51, 0x27, 0x03, 0x3F, 0x19, 0x00, 0x26, 0x05, 0x00, 0x00, 0x00, 0x00, 0xA6, 0x44, 0x99, 0x94, 0x3B, 0x89, 0x85, 0x31, 0x79, 0x73, 0x27, 0x6A, 0x63, 0x1C, 0x5B, 0x52, 0x0D, 0x4B,
        0x41, 0x00, 0x3A, 0x2A, 0x00, 0x24, 0x00, 0x00, 0x00, 0xA8, 0x44, 0x8B, 0x96, 0x3B, 0x7C, 0x86, 0x32, 0x6E, 0x74, 0x28, 0x60, 0x63, 0x1E, 0x51, 0x52, 0x10, 0x42, 0x40, 0x00, 0x32,
        0x29, 0x00, 0x1D, 0x00, 0x00, 0x00, 0xA9, 0x45, 0x7E, 0x96, 0x3B, 0x71, 0x86, 0x33, 0x65, 0x75, 0x2A, 0x57, 0x64, 0x1E, 0x49, 0x52, 0x11, 0x3B, 0x41, 0x00, 0x2B, 0x29, 0x00, 0x17,
        0x00, 0x00, 0x00, 0xA9, 0x46, 0x73, 0x96, 0x3D, 0x66, 0x86, 0x34, 0x59, 0x74, 0x2A, 0x4D, 0x63, 0x20, 0x41, 0x52, 0x13, 0x34, 0x40, 0x00, 0x24, 0x29, 0x00, 0x0F, 0x00, 0x00, 0x00,
        0xA9, 0x46, 0x65, 0x96, 0x3D, 0x5A, 0x86, 0x34, 0x4F, 0x74, 0x2B, 0x44, 0x63, 0x20, 0x37, 0x52, 0x15, 0x2B, 0x40, 0x02, 0x1C, 0x29, 0x00, 0x06, 0x00, 0x00, 0x00, 0xAA, 0x46, 0x59,
        0x97, 0x3E, 0x4F, 0x86, 0x35, 0x45, 0x74, 0x2C, 0x3A, 0x63, 0x21, 0x2E, 0x51, 0x15, 0x22, 0x40, 0x03, 0x14, 0x29, 0x00, 0x02, 0x00, 0x00, 0x00, 0xAA, 0x47, 0x4C, 0x98, 0x3E, 0x42,
        0x86, 0x35, 0x39, 0x74, 0x2B, 0x2E, 0x63, 0x21, 0x24, 0x52, 0x16, 0x18, 0x40, 0x05, 0x0A, 0x28, 0x00, 0x00, 0x00, 0x00, 0x00, 0xAB, 0x46, 0x3D, 0x98, 0x3E, 0x34, 0x87, 0x35, 0x2C,
        0x74, 0x2C, 0x23, 0x63, 0x22, 0x18, 0x52, 0x16, 0x0C, 0x3F, 0x06, 0x00, 0x27, 0x00, 0x00, 0x00, 0x00, 0x00, 0xAB, 0x47, 0x31, 0x99, 0x3E, 0x29, 0x87, 0x36, 0x21, 0x75, 0x2D, 0x19,
        0x62, 0x22, 0x0D, 0x51, 0x17, 0x00, 0x3F, 0x07, 0x00, 0x27, 0x00, 0x00, 0x00, 0x00, 0x00, 0xA7, 0x21, 0x8E, 0x95, 0x18, 0x7F, 0x86, 0x0A, 0x71, 0x74, 0x00, 0x61, 0x64, 0x00, 0x53,
        0x53, 0x00, 0x44, 0x41, 0x00, 0x34, 0x28, 0x00, 0x1E, 0x00, 0x00, 0x00, 0xA9, 0x21, 0x81, 0x96, 0x1A, 0x73, 0x86, 0x11, 0x66, 0x74, 0x03, 0x59, 0x64, 0x00, 0x4B, 0x53, 0x00, 0x3C,
        0x41, 0x00, 0x2D, 0x28, 0x00, 0x18, 0x00, 0x00, 0x00, 0xA9, 0x24, 0x76, 0x97, 0x1B, 0x68, 0x86, 0x13, 0x5D, 0x74, 0x07, 0x50, 0x64, 0x00, 0x43, 0x53, 0x00, 0x36, 0x41, 0x00, 0x26,
        0x29, 0x00, 0x11, 0x00, 0x00, 0x00, 0xA9, 0x27, 0x6B, 0x96, 0x1E, 0x5E, 0x86, 0x16, 0x54, 0x74, 0x0B, 0x47, 0x63, 0x00, 0x3B, 0x53, 0x00, 0x2E, 0x40, 0x00, 0x1F, 0x28, 0x00, 0x09,
        0x00, 0x00, 0x00, 0xA9, 0x27, 0x5F, 0x97, 0x1F, 0x53, 0x86, 0x18, 0x49, 0x74, 0x0F, 0x3E, 0x64, 0x01, 0x33, 0x53, 0x00, 0x26, 0x40, 0x00, 0x18, 0x28, 0x00, 0x05, 0x00, 0x00, 0x00,
        0xA9, 0x29, 0x53, 0x97, 0x21, 0x49, 0x86, 0x1A, 0x40, 0x75, 0x11, 0x36, 0x63, 0x04, 0x2A, 0x52, 0x00, 0x1E, 0x40, 0x00, 0x10, 0x28, 0x00, 0x01, 0x00, 0x00, 0x00, 0xAA, 0x2A, 0x47,
        0x98, 0x22, 0x3E, 0x86, 0x1C, 0x35, 0x75, 0x13, 0x2C, 0x63, 0x06, 0x21, 0x52, 0x00, 0x15, 0x3F, 0x00, 0x04, 0x27, 0x00, 0x00, 0x00, 0x00, 0x00, 0xAB, 0x2A, 0x3B, 0x98, 0x23, 0x32,
        0x86, 0x1D, 0x2A, 0x75, 0x15, 0x20, 0x63, 0x09, 0x16, 0x52, 0x00, 0x09, 0x3F, 0x00, 0x00, 0x26, 0x00, 0x00, 0x00, 0x00, 0x00, 0xAC, 0x2A, 0x30, 0x98, 0x24, 0x28, 0x87, 0x1D, 0x20,
        0x75, 0x15, 0x17, 0x63, 0x0A, 0x0C, 0x52, 0x00, 0x00, 0x3F, 0x00, 0x00, 0x26, 0x00, 0x00, 0x00, 0x00, 0x00, 0x6B, 0xCF, 0xF6, 0x60, 0xB9, 0xDC, 0x56, 0xA5, 0xC4, 0x49, 0x90, 0xAB,
        0x3C, 0x7B, 0x93, 0x2E, 0x67, 0x7D, 0x20, 0x52, 0x64, 0x09, 0x38, 0x47, 0x00, 0x14, 0x21, 0x73, 0xCE, 0xDD, 0x68, 0xB8, 0xC6, 0x5C, 0xA4, 0xB2, 0x4E, 0x8F, 0x9A, 0x40, 0x7B, 0x85,
        0x33, 0x66, 0x6F, 0x22, 0x51, 0x59, 0x0A, 0x38, 0x3F, 0x00, 0x14, 0x1B, 0x7A, 0xCC, 0xC8, 0x6C, 0xB7, 0xB4, 0x5F, 0xA3, 0xA1, 0x52, 0x8E, 0x8C, 0x44, 0x7A, 0x78, 0x36, 0x66, 0x65,
        0x24, 0x51, 0x4F, 0x0B, 0x38, 0x37, 0x00, 0x14, 0x14, 0x7D, 0xCB, 0xB3, 0x6F, 0xB5, 0xA0, 0x61, 0xA2, 0x8F, 0x55, 0x8D, 0x7C, 0x46, 0x79, 0x6B, 0x37, 0x65, 0x59, 0x26, 0x50, 0x45,
        0x0E, 0x37, 0x2E, 0x00, 0x13, 0x0A, 0x80, 0xCA, 0x9C, 0x71, 0xB4, 0x8C, 0x66, 0xA1, 0x7D, 0x57, 0x8C, 0x6C, 0x47, 0x78, 0x5C, 0x38, 0x64, 0x4C, 0x27, 0x4F, 0x3B, 0x0E, 0x37, 0x26,
        0x00, 0x14, 0x03, 0x84, 0xC8, 0x87, 0x75, 0xB3, 0x79, 0x67, 0x9F, 0x6A, 0x58, 0x8B, 0x5D, 0x49, 0x77, 0x4F, 0x39, 0x64, 0x41, 0x29, 0x4F, 0x31, 0x0F, 0x36, 0x1C, 0x00, 0x13, 0x00,
        0x86, 0xC8, 0x6F, 0x77, 0xB2, 0x62, 0x69, 0x9E, 0x57, 0x59, 0x8A, 0x4C, 0x4A, 0x76, 0x40, 0x3A, 0x63, 0x33, 0x29, 0x4E, 0x25, 0x10, 0x36, 0x11, 0x00, 0x13, 0x00, 0x89, 0xC7, 0x55,
        0x7A, 0xB1, 0x4B, 0x6C, 0x9E, 0x42, 0x5B, 0x89, 0x38, 0x4B, 0x76, 0x2E, 0x3B, 0x62, 0x23, 0x2A, 0x4E, 0x16, 0x10, 0x36, 0x03, 0x00, 0x13, 0x00, 0x8C, 0xC6, 0x3E, 0x7D, 0xB1, 0x37,
        0x6D, 0x9E, 0x2F, 0x5C, 0x89, 0x28, 0x4C, 0x75, 0x20, 0x3B, 0x62, 0x15, 0x2A, 0x4E, 0x06, 0x10, 0x36, 0x00, 0x00, 0x12, 0x00, 0x76, 0xBA, 0xE7, 0x6A, 0xA7, 0xCE, 0x5D, 0x95, 0xB8,
        0x51, 0x82, 0xA1, 0x43, 0x6F, 0x8B, 0x36, 0x5C, 0x75, 0x27, 0x48, 0x5D, 0x11, 0x30, 0x42, 0x00, 0x0A, 0x1D, 0x7B, 0xB9, 0xCF, 0x6E, 0xA6, 0xBA, 0x62, 0x94, 0xA7, 0x55, 0x81, 0x91,
        0x47, 0x6F, 0x7D, 0x38, 0x5C, 0x68, 0x28, 0x48, 0x53, 0x12, 0x30, 0x39, 0x00, 0x0A, 0x16, 0x80, 0xB8, 0xBC, 0x71, 0xA5, 0xA8, 0x66, 0x93, 0x97, 0x58, 0x80, 0x83, 0x49, 0x6E, 0x71,
        0x3A, 0x5B, 0x5E, 0x2A, 0x47, 0x4A, 0x13, 0x30, 0x32, 0x00, 0x09, 0x0F, 0x83, 0xB7, 0xA8, 0x74, 0xA4, 0x97, 0x68, 0x92, 0x86, 0x59, 0x7F, 0x75, 0x49, 0x6D, 0x64, 0x3A, 0x5A, 0x53,
        0x2A, 0x47, 0x41, 0x14, 0x30, 0x2A, 0x00, 0x09, 0x05, 0x86, 0xB6, 0x94, 0x78, 0xA3, 0x83, 0x69, 0x91, 0x76, 0x5A, 0x7E, 0x66, 0x4B, 0x6C, 0x56, 0x3B, 0x5A, 0x48, 0x2B, 0x47, 0x37,
        0x13, 0x2F, 0x22, 0x00, 0x09, 0x00, 0x88, 0xB5, 0x80, 0x7A, 0xA2, 0x73, 0x6B, 0x90, 0x66, 0x5C, 0x7D, 0x57, 0x4C, 0x6B, 0x4A, 0x3D, 0x59, 0x3C, 0x2C, 0x46, 0x2D, 0x14, 0x2F, 0x18,
        0x00, 0x08, 0x00, 0x8B, 0xB4, 0x6A, 0x7C, 0xA1, 0x5F, 0x6D, 0x90, 0x53, 0x5D, 0x7C, 0x47, 0x4D, 0x6B, 0x3C, 0x3D, 0x59, 0x2F, 0x2C, 0x46, 0x21, 0x14, 0x2F, 0x0D, 0x00, 0x08, 0x00,
        0x8E, 0xB3, 0x52, 0x7D, 0xA0, 0x48, 0x6F, 0x8F, 0x3F, 0x5E, 0x7C, 0x36, 0x4D, 0x6A, 0x2C, 0x3D, 0x58, 0x20, 0x2C, 0x45, 0x12, 0x14, 0x2E, 0x00, 0x00, 0x08, 0x00, 0x8F, 0xB3, 0x3E,
        0x7F, 0xA0, 0x36, 0x6F, 0x8E, 0x2F, 0x5E, 0x7C, 0x27, 0x4E, 0x6A, 0x1D, 0x3E, 0x58, 0x12, 0x2D, 0x45, 0x03, 0x14, 0x2E, 0x00, 0x00, 0x08, 0x00, 0x7C, 0xA7, 0xD8, 0x70, 0x96, 0xC2,
        0x63, 0x86, 0xAE, 0x57, 0x75, 0x99, 0x49, 0x64, 0x83, 0x3A, 0x52, 0x6E, 0x2B, 0x40, 0x58, 0x17, 0x28, 0x3D, 0x00, 0x00, 0x18, 0x81, 0xA6, 0xC3, 0x74, 0x96, 0xAF, 0x67, 0x86, 0x9E,
        0x59, 0x74, 0x89, 0x4B, 0x63, 0x76, 0x3C, 0x52, 0x62, 0x2C, 0x3F, 0x4E, 0x17, 0x28, 0x35, 0x00, 0x00, 0x11, 0x84, 0xA6, 0xB1, 0x77, 0x95, 0xA0, 0x6A, 0x85, 0x8F, 0x5A, 0x73, 0x7C,
        0x4C, 0x63, 0x6B, 0x3D, 0x51, 0x58, 0x2D, 0x3F, 0x45, 0x18, 0x28, 0x2E, 0x00, 0x00, 0x09, 0x88, 0xA6, 0x9F, 0x79, 0x94, 0x8F, 0x6B, 0x84, 0x7E, 0x5C, 0x73, 0x6F, 0x4D, 0x62, 0x5E,
        0x3E, 0x51, 0x4E, 0x2E, 0x3F, 0x3C, 0x17, 0x28, 0x26, 0x00, 0x00, 0x00, 0x8A, 0xA4, 0x8C, 0x7A, 0x93, 0x7D, 0x6C, 0x83, 0x6F, 0x5D, 0x72, 0x61, 0x4F, 0x62, 0x52, 0x3F, 0x50, 0x43,
        0x2E, 0x3E, 0x32, 0x18, 0x28, 0x1D, 0x00, 0x00, 0x00, 0x8B, 0xA3, 0x7A, 0x7C, 0x92, 0x6D, 0x6E, 0x83, 0x60, 0x5E, 0x72, 0x53, 0x4F, 0x61, 0x46, 0x3F, 0x51, 0x39, 0x2E, 0x3E, 0x29,
        0x18, 0x28, 0x15, 0x00, 0x00, 0x00, 0x8D, 0xA3, 0x65, 0x7E, 0x91, 0x5A, 0x6F, 0x82, 0x4F, 0x5F, 0x71, 0x44, 0x4F, 0x60, 0x38, 0x3F, 0x50, 0x2C, 0x2F, 0x3E, 0x1E, 0x17, 0x28, 0x0A,
        0x00, 0x00, 0x00, 0x90, 0xA2, 0x4F, 0x7F, 0x91, 0x46, 0x70, 0x81, 0x3C, 0x5F, 0x70, 0x33, 0x4F, 0x60, 0x29, 0x40, 0x4F, 0x1E, 0x2F, 0x3D, 0x0F, 0x17, 0x28, 0x00, 0x00, 0x00, 0x00,
        0x91, 0xA2, 0x3C, 0x81, 0x91, 0x34, 0x71, 0x81, 0x2E, 0x60, 0x70, 0x25, 0x4F, 0x5F, 0x1B, 0x40, 0x4F, 0x10, 0x2F, 0x3D, 0x01, 0x17, 0x27, 0x00, 0x00, 0x00, 0x00, 0x83, 0x93, 0xCA,
        0x75, 0x85, 0xB5, 0x69, 0x77, 0xA2, 0x5B, 0x67, 0x8E, 0x4D, 0x57, 0x7A, 0x3E, 0x47, 0x66, 0x2F, 0x36, 0x51, 0x1A, 0x1F, 0x38, 0x00, 0x00, 0x12, 0x87, 0x93, 0xB7, 0x78, 0x84, 0xA4,
        0x6B, 0x76, 0x93, 0x5D, 0x66, 0x80, 0x4E, 0x57, 0x6E, 0x3F, 0x47, 0x5C, 0x2F, 0x36, 0x48, 0x1A, 0x1F, 0x30, 0x00, 0x00, 0x0A, 0x8A, 0x93, 0xA6, 0x7B, 0x83, 0x95, 0x6C, 0x76, 0x85,
        0x5E, 0x66, 0x74, 0x4F, 0x56, 0x64, 0x40, 0x47, 0x52, 0x30, 0x36, 0x40, 0x1B, 0x1F, 0x29, 0x00, 0x00, 0x02, 0x8B, 0x92, 0x95, 0x7C, 0x83, 0x86, 0x6F, 0x75, 0x77, 0x5E, 0x65, 0x67,
        0x4F, 0x56, 0x58, 0x40, 0x46, 0x48, 0x30, 0x35, 0x37, 0x1B, 0x1F, 0x21, 0x00, 0x00, 0x00, 0x8D, 0x92, 0x84, 0x7D, 0x83, 0x75, 0x6F, 0x75, 0x68, 0x5F, 0x65, 0x5B, 0x50, 0x56, 0x4D,
        0x41, 0x46, 0x3E, 0x30, 0x35, 0x2E, 0x1A, 0x1F, 0x19, 0x00, 0x00, 0x00, 0x8F, 0x91, 0x73, 0x7E, 0x82, 0x65, 0x70, 0x74, 0x5A, 0x60, 0x64, 0x4E, 0x50, 0x55, 0x41, 0x41, 0x46, 0x34,
        0x31, 0x35, 0x25, 0x1B, 0x20, 0x11, 0x00, 0x00, 0x00, 0x90, 0x90, 0x60, 0x80, 0x81, 0x55, 0x70, 0x73, 0x4B, 0x61, 0x64, 0x40, 0x51, 0x55, 0x34, 0x41, 0x45, 0x28, 0x31, 0x35, 0x1A,
        0x1A, 0x1F, 0x05, 0x00, 0x00, 0x00, 0x92, 0x90, 0x4C, 0x81, 0x81, 0x43, 0x72, 0x73, 0x3A, 0x61, 0x63, 0x30, 0x52, 0x54, 0x26, 0x42, 0x45, 0x1B, 0x31, 0x35, 0x0C, 0x1A, 0x20, 0x00,
        0x00, 0x00, 0x00, 0x92, 0x90, 0x3B, 0x82, 0x80, 0x33, 0x72, 0x72, 0x2B, 0x62, 0x63, 0x23, 0x52, 0x54, 0x19, 0x42, 0x45, 0x0D, 0x31, 0x35, 0x00, 0x1A, 0x20, 0x00, 0x00, 0x00, 0x00,
        0x87, 0x81, 0xBD, 0x7A, 0x73, 0xAA, 0x6B, 0x67, 0x98, 0x5E, 0x59, 0x85, 0x4F, 0x4A, 0x72, 0x40, 0x3C, 0x5F, 0x31, 0x2B, 0x4B, 0x1D, 0x14, 0x33, 0x00, 0x00, 0x0C, 0x8A, 0x81, 0xAB,
        0x7C, 0x73, 0x99, 0x6E, 0x67, 0x8A, 0x5F, 0x59, 0x78, 0x51, 0x4A, 0x67, 0x42, 0x3C, 0x56, 0x32, 0x2C, 0x43, 0x1C, 0x15, 0x2B, 0x00, 0x00, 0x03, 0x8C, 0x81, 0x9C, 0x7D, 0x73, 0x8C,
        0x6F, 0x67, 0x7D, 0x60, 0x59, 0x6D, 0x51, 0x4A, 0x5D, 0x43, 0x3C, 0x4C, 0x32, 0x2C, 0x3B, 0x1D, 0x16, 0x24, 0x00, 0x00, 0x00, 0x8E, 0x80, 0x8C, 0x7F, 0x73, 0x7D, 0x70, 0x66, 0x70,
        0x61, 0x58, 0x61, 0x52, 0x4A, 0x53, 0x43, 0x3C, 0x43, 0x32, 0x2C, 0x33, 0x1D, 0x16, 0x1D, 0x00, 0x00, 0x00, 0x8E, 0x80, 0x7C, 0x7F, 0x72, 0x6F, 0x71, 0x66, 0x62, 0x62, 0x58, 0x55,
        0x52, 0x4A, 0x47, 0x42, 0x3C, 0x3A, 0x32, 0x2C, 0x2A, 0x1D, 0x16, 0x15, 0x00, 0x00, 0x00, 0x90, 0x7F, 0x6C, 0x80, 0x72, 0x60, 0x71, 0x65, 0x55, 0x62, 0x57, 0x49, 0x52, 0x4A, 0x3D,
        0x43, 0x3C, 0x30, 0x32, 0x2C, 0x21, 0x1C, 0x17, 0x0C, 0x00, 0x00, 0x00, 0x91, 0x7F, 0x5B, 0x81, 0x72, 0x51, 0x73, 0x65, 0x47, 0x62, 0x57, 0x3C, 0x52, 0x49, 0x30, 0x43, 0x3B, 0x25,
        0x32, 0x2C, 0x16, 0x1D, 0x17, 0x01, 0x00, 0x00, 0x00, 0x93, 0x7F, 0x49, 0x82, 0x71, 0x3F, 0x73, 0x65, 0x37, 0x62, 0x57, 0x2D, 0x53, 0x49, 0x23, 0x43, 0x3B, 0x18, 0x32, 0x2C, 0x0A,
        0x1C, 0x18, 0x00, 0x00, 0x00, 0x00, 0x93, 0x7F, 0x3A, 0x83, 0x71, 0x31, 0x73, 0x64, 0x2A, 0x63, 0x56, 0x21, 0x53, 0x49, 0x17, 0x43, 0x3B, 0x0A, 0x32, 0x2C, 0x00, 0x1B, 0x18, 0x00,
        0x00, 0x00, 0x00, 0x8A, 0x6E, 0xB1, 0x7C, 0x63, 0x9F, 0x6E, 0x58, 0x8E, 0x60, 0x4B, 0x7D, 0x52, 0x3E, 0x6B, 0x42, 0x30, 0x59, 0x33, 0x21, 0x46, 0x1E, 0x08, 0x2E, 0x00, 0x00, 0x05,
        0x8E, 0x6F, 0xA0, 0x7F, 0x63, 0x90, 0x71, 0x58, 0x82, 0x62, 0x4B, 0x70, 0x52, 0x3E, 0x60, 0x44, 0x31, 0x50, 0x33, 0x21, 0x3D, 0x1E, 0x0A, 0x27, 0x00, 0x00, 0x00, 0x8F, 0x6F, 0x92,
        0x80, 0x63, 0x83, 0x72, 0x58, 0x76, 0x62, 0x4B, 0x65, 0x53, 0x3E, 0x56, 0x44, 0x31, 0x47, 0x34, 0x21, 0x36, 0x1E, 0x0B, 0x20, 0x00, 0x00, 0x00, 0x90, 0x6F, 0x84, 0x80, 0x63, 0x76,
        0x71, 0x58, 0x6A, 0x63, 0x4B, 0x5B, 0x53, 0x3E, 0x4D, 0x44, 0x31, 0x3E, 0x34, 0x22, 0x2E, 0x1E, 0x0C, 0x19, 0x00, 0x00, 0x00, 0x90, 0x6F, 0x75, 0x81, 0x62, 0x68, 0x72, 0x57, 0x5C,
        0x63, 0x4B, 0x50, 0x53, 0x3E, 0x43, 0x44, 0x31, 0x35, 0x33, 0x22, 0x26, 0x1E, 0x0D, 0x12, 0x00, 0x00, 0x00, 0x91, 0x6F, 0x67, 0x82, 0x62, 0x5B, 0x72, 0x57, 0x50, 0x63, 0x4B, 0x44,
        0x53, 0x3F, 0x39, 0x44, 0x32, 0x2D, 0x33, 0x22, 0x1E, 0x1E, 0x0E, 0x08, 0x00, 0x00, 0x00, 0x92, 0x6E, 0x57, 0x83, 0x62, 0x4C, 0x73, 0x57, 0x43, 0x63, 0x4B, 0x38, 0x53, 0x3E, 0x2D,
        0x44, 0x31, 0x21, 0x34, 0x23, 0x13, 0x1E, 0x0F, 0x02, 0x00, 0x00, 0x00, 0x94, 0x6E, 0x46, 0x83, 0x62, 0x3C, 0x74, 0x56, 0x34, 0x63, 0x4A, 0x2B, 0x54, 0x3E, 0x21, 0x45, 0x31, 0x15,
        0x34, 0x23, 0x06, 0x1D, 0x0F, 0x00, 0x00, 0x00, 0x00, 0x94, 0x6E, 0x38, 0x84, 0x61, 0x30, 0x75, 0x57, 0x28, 0x64, 0x4B, 0x1F, 0x54, 0x3E, 0x16, 0x44, 0x31, 0x09, 0x33, 0x23, 0x00,
        0x1C, 0x0F, 0x00, 0x00, 0x00, 0x00, 0x8E, 0x5B, 0xA6, 0x7E, 0x50, 0x94, 0x71, 0x47, 0x84, 0x62, 0x3B, 0x73, 0x53, 0x2F, 0x63, 0x45, 0x22, 0x52, 0x35, 0x11, 0x40, 0x20, 0x00, 0x29,
        0x00, 0x00, 0x00, 0x8F, 0x5B, 0x96, 0x80, 0x51, 0x87, 0x72, 0x47, 0x78, 0x63, 0x3C, 0x68, 0x55, 0x30, 0x59, 0x45, 0x23, 0x49, 0x35, 0x13, 0x38, 0x20, 0x00, 0x22, 0x00, 0x00, 0x00,
        0x91, 0x5B, 0x89, 0x81, 0x51, 0x7A, 0x73, 0x47, 0x6D, 0x64, 0x3C, 0x5E, 0x55, 0x30, 0x51, 0x45, 0x23, 0x41, 0x35, 0x13, 0x31, 0x20, 0x00, 0x1C, 0x00, 0x00, 0x00, 0x92, 0x5C, 0x7C,
        0x82, 0x51, 0x6E, 0x73, 0x47, 0x62, 0x64, 0x3C, 0x54, 0x55, 0x31, 0x47, 0x45, 0x24, 0x39, 0x35, 0x15, 0x2A, 0x20, 0x00, 0x15, 0x00, 0x00, 0x00, 0x93, 0x5B, 0x6E, 0x82, 0x51, 0x61,
        0x73, 0x47, 0x56, 0x64, 0x3C, 0x4A, 0x54, 0x31, 0x3E, 0x45, 0x24, 0x30, 0x35, 0x16, 0x22, 0x20, 0x00, 0x0D, 0x00, 0x00, 0x00, 0x93, 0x5C, 0x61, 0x82, 0x51, 0x55, 0x74, 0x48, 0x4C,
        0x64, 0x3C, 0x3F, 0x55, 0x31, 0x34, 0x45, 0x25, 0x28, 0x35, 0x16, 0x1A, 0x1F, 0x01, 0x05, 0x00, 0x00, 0x00, 0x94, 0x5C, 0x52, 0x83, 0x51, 0x47, 0x74, 0x47, 0x3E, 0x64, 0x3C, 0x35,
        0x54, 0x31, 0x2A, 0x45, 0x25, 0x1E, 0x34, 0x17, 0x10, 0x1F, 0x02, 0x00, 0x00, 0x00, 0x00, 0x94, 0x5B, 0x43, 0x84, 0x51, 0x39, 0x75, 0x47, 0x31, 0x64, 0x3C, 0x27, 0x54, 0x31, 0x1E,
        0x45, 0x25, 0x12, 0x34, 0x17, 0x02, 0x1E, 0x02, 0x00, 0x00, 0x00, 0x00, 0x95, 0x5B, 0x36, 0x84, 0x51, 0x2E, 0x76, 0x47, 0x27, 0x65, 0x3C, 0x1D, 0x55, 0x31, 0x13, 0x45, 0x25, 0x06,
        0x34, 0x17, 0x00, 0x1D, 0x03, 0x00, 0x00, 0x00, 0x00, 0x8F, 0x44, 0x99, 0x80, 0x3B, 0x89, 0x73, 0x31, 0x7A, 0x63, 0x27, 0x6B, 0x55, 0x1C, 0x5B, 0x46, 0x0D, 0x4B, 0x36, 0x00, 0x3A,
        0x20, 0x00, 0x24, 0x00, 0x00, 0x00, 0x92, 0x44, 0x8C, 0x83, 0x3B, 0x7D, 0x74, 0x33, 0x6F, 0x64, 0x28, 0x61, 0x55, 0x1D, 0x52, 0x46, 0x0F, 0x43, 0x36, 0x00, 0x32, 0x20, 0x00, 0x1D,
        0x00, 0x00, 0x00, 0x93, 0x44, 0x7F, 0x83, 0x3B, 0x72, 0x75, 0x33, 0x66, 0x65, 0x29, 0x58, 0x56, 0x1E, 0x4A, 0x46, 0x11, 0x3C, 0x36, 0x00, 0x2C, 0x20, 0x00, 0x17, 0x00, 0x00, 0x00,
        0x93, 0x46, 0x73, 0x83, 0x3C, 0x67, 0x74, 0x34, 0x5B, 0x64, 0x2A, 0x4E, 0x55, 0x20, 0x41, 0x46, 0x13, 0x35, 0x36, 0x01, 0x26, 0x20, 0x00, 0x11, 0x00, 0x00, 0x00, 0x93, 0x46, 0x67,
        0x83, 0x3D, 0x5B, 0x75, 0x35, 0x51, 0x65, 0x2B, 0x45, 0x56, 0x20, 0x39, 0x46, 0x14, 0x2C, 0x36, 0x02, 0x1E, 0x20, 0x00, 0x07, 0x00, 0x00, 0x00, 0x94, 0x46, 0x5B, 0x84, 0x3D, 0x50,
        0x75, 0x34, 0x46, 0x65, 0x2B, 0x3B, 0x55, 0x21, 0x30, 0x46, 0x15, 0x24, 0x35, 0x04, 0x16, 0x20, 0x00, 0x03, 0x00, 0x00, 0x00, 0x94, 0x46, 0x4E, 0x84, 0x3E, 0x44, 0x75, 0x35, 0x3A,
        0x65, 0x2B, 0x30, 0x55, 0x22, 0x26, 0x46, 0x16, 0x1A, 0x35, 0x06, 0x0C, 0x1F, 0x00, 0x00, 0x00, 0x00, 0x00, 0x95, 0x47, 0x40, 0x84, 0x3E, 0x36, 0x76, 0x36, 0x2E, 0x65, 0x2C, 0x25,
        0x55, 0x22, 0x1B, 0x45, 0x17, 0x0F, 0x35, 0x07, 0x01, 0x1E, 0x00, 0x00, 0x00, 0x00, 0x00, 0x96, 0x46, 0x35, 0x86, 0x3D, 0x2C, 0x76, 0x36, 0x24, 0x65, 0x2C, 0x1C, 0x55, 0x23, 0x11,
        0x45, 0x17, 0x04, 0x34, 0x08, 0x00, 0x1E, 0x00, 0x00, 0x00, 0x00, 0x00, 0x91, 0x26, 0x8F, 0x82, 0x1D, 0x80, 0x75, 0x12, 0x72, 0x65, 0x03, 0x62, 0x57, 0x00, 0x54, 0x48, 0x00, 0x45,
        0x36, 0x00, 0x35, 0x1E, 0x00, 0x1F, 0x00, 0x00, 0x00, 0x93, 0x26, 0x82, 0x84, 0x1E, 0x74, 0x75, 0x16, 0x67, 0x65, 0x08, 0x59, 0x57, 0x00, 0x4C, 0x48, 0x00, 0x3E, 0x36, 0x00, 0x2E,
        0x1E, 0x00, 0x18, 0x00, 0x00, 0x00, 0x94, 0x28, 0x77, 0x84, 0x1F, 0x69, 0x75, 0x17, 0x5E, 0x65, 0x0D, 0x51, 0x57, 0x00, 0x44, 0x47, 0x00, 0x37, 0x36, 0x00, 0x27, 0x1E, 0x00, 0x12,
        0x00, 0x00, 0x00, 0x94, 0x2A, 0x6C, 0x84, 0x22, 0x60, 0x75, 0x19, 0x55, 0x66, 0x0F, 0x49, 0x56, 0x02, 0x3C, 0x47, 0x00, 0x2F, 0x36, 0x00, 0x21, 0x1E, 0x00, 0x0B, 0x00, 0x00, 0x00,
        0x94, 0x2B, 0x60, 0x85, 0x23, 0x55, 0x75, 0x1C, 0x4B, 0x66, 0x12, 0x40, 0x57, 0x05, 0x34, 0x47, 0x00, 0x28, 0x36, 0x00, 0x19, 0x1E, 0x00, 0x05, 0x00, 0x00, 0x00, 0x95, 0x2C, 0x55,
        0x84, 0x24, 0x4B, 0x76, 0x1D, 0x42, 0x65, 0x14, 0x37, 0x56, 0x08, 0x2C, 0x46, 0x00, 0x20, 0x35, 0x00, 0x12, 0x1D, 0x00, 0x02, 0x00, 0x00, 0x00, 0x95, 0x2D, 0x4A, 0x85, 0x25, 0x40,
        0x76, 0x1F, 0x37, 0x66, 0x15, 0x2D, 0x55, 0x0A, 0x22, 0x46, 0x00, 0x16, 0x35, 0x00, 0x06, 0x1C, 0x00, 0x00, 0x00, 0x00, 0x00, 0x96, 0x2E, 0x3D, 0x85, 0x27, 0x34, 0x76, 0x1F, 0x2C,
        0x66, 0x17, 0x22, 0x55, 0x0C, 0x18, 0x46, 0x00, 0x0C, 0x34, 0x00, 0x00, 0x1C, 0x00, 0x00, 0x00, 0x00, 0x00, 0x96, 0x2E, 0x33, 0x85, 0x28, 0x2A, 0x77, 0x20, 0x23, 0x66, 0x18, 0x19,
        0x55, 0x0D, 0x0E, 0x46, 0x00, 0x01, 0x34, 0x00, 0x00, 0x1B, 0x00, 0x00, 0x00, 0x00, 0x00, 0x35, 0xC6, 0xF4, 0x31, 0xB1, 0xDA, 0x29, 0x9E, 0xC3, 0x20, 0x8A, 0xAB, 0x16, 0x76, 0x93,
        0x0B, 0x62, 0x7C, 0x00, 0x4E, 0x64, 0x00, 0x36, 0x47, 0x00, 0x12, 0x22, 0x45, 0xC4, 0xDC, 0x40, 0xAF, 0xC4, 0x36, 0x9D, 0xB0, 0x2D, 0x89, 0x9A, 0x20, 0x75, 0x85, 0x13, 0x62, 0x6F,
        0x00, 0x4E, 0x59, 0x00, 0x35, 0x3F, 0x00, 0x11, 0x1B, 0x50, 0xC3, 0xC6, 0x45, 0xAF, 0xB3, 0x3C, 0x9C, 0x9F, 0x32, 0x88, 0x8B, 0x26, 0x74, 0x78, 0x19, 0x62, 0x65, 0x04, 0x4D, 0x50,
        0x00, 0x35, 0x37, 0x00, 0x11, 0x15, 0x54, 0xC1, 0xB1, 0x4B, 0xAD, 0x9F, 0x40, 0x9B, 0x8E, 0x37, 0x87, 0x7C, 0x29, 0x74, 0x6B, 0x1B, 0x61, 0x59, 0x09, 0x4C, 0x46, 0x00, 0x35, 0x2F,
        0x00, 0x11, 0x0B, 0x59, 0xC1, 0x9D, 0x4F, 0xAC, 0x8C, 0x46, 0x9A, 0x7D, 0x39, 0x86, 0x6D, 0x2C, 0x73, 0x5C, 0x20, 0x60, 0x4C, 0x0D, 0x4C, 0x3B, 0x00, 0x34, 0x27, 0x00, 0x10, 0x04,
        0x5E, 0xBF, 0x87, 0x55, 0xAB, 0x79, 0x48, 0x98, 0x6C, 0x3C, 0x85, 0x5E, 0x2F, 0x72, 0x50, 0x20, 0x5F, 0x41, 0x0F, 0x4C, 0x31, 0x00, 0x34, 0x1D, 0x00, 0x10, 0x00, 0x62, 0xBE, 0x71,
        0x57, 0xAA, 0x64, 0x4C, 0x98, 0x59, 0x3E, 0x84, 0x4D, 0x31, 0x71, 0x41, 0x23, 0x5F, 0x34, 0x12, 0x4B, 0x25, 0x00, 0x34, 0x12, 0x00, 0x0F, 0x00, 0x67, 0xBE, 0x59, 0x5A, 0xA9, 0x50,
        0x4E, 0x97, 0x46, 0x40, 0x84, 0x3C, 0x33, 0x71, 0x31, 0x25, 0x5E, 0x26, 0x14, 0x4B, 0x19, 0x00, 0x34, 0x05, 0x00, 0x0F, 0x00, 0x6A, 0xBD, 0x45, 0x5D, 0xA9, 0x3D, 0x50, 0x97, 0x35,
        0x42, 0x83, 0x2D, 0x34, 0x71, 0x24, 0x25, 0x5E, 0x19, 0x13, 0x4A, 0x0B, 0x00, 0x33, 0x00, 0x00, 0x0F, 0x00, 0x4C, 0xB2, 0xE5, 0x44, 0x9F, 0xCD, 0x3D, 0x8E, 0xB7, 0x32, 0x7C, 0xA0,
        0x28, 0x6A, 0x8A, 0x1C, 0x58, 0x74, 0x0C, 0x45, 0x5D, 0x00, 0x2D, 0x42, 0x00, 0x05, 0x1D, 0x56, 0xB1, 0xCF, 0x4E, 0x9E, 0xB8, 0x43, 0x8E, 0xA6, 0x38, 0x7B, 0x91, 0x2D, 0x6A, 0x7D,
        0x1F, 0x58, 0x69, 0x10, 0x45, 0x53, 0x00, 0x2D, 0x3A, 0x00, 0x06, 0x16, 0x5D, 0xB0, 0xBB, 0x51, 0x9E, 0xA8, 0x47, 0x8D, 0x96, 0x3D, 0x7B, 0x83, 0x2F, 0x69, 0x71, 0x23, 0x57, 0x5E,
        0x14, 0x44, 0x4A, 0x00, 0x2D, 0x33, 0x00, 0x05, 0x10, 0x62, 0xAF, 0xA8, 0x54, 0x9D, 0x96, 0x4B, 0x8C, 0x86, 0x3F, 0x7A, 0x75, 0x32, 0x68, 0x64, 0x25, 0x57, 0x53, 0x15, 0x44, 0x41,
        0x00, 0x2D, 0x2A, 0x00, 0x04, 0x07, 0x64, 0xAE, 0x95, 0x59, 0x9B, 0x84, 0x4C, 0x8B, 0x75, 0x41, 0x79, 0x66, 0x35, 0x68, 0x57, 0x27, 0x56, 0x48, 0x17, 0x43, 0x37, 0x00, 0x2D, 0x22,
        0x00, 0x03, 0x00, 0x67, 0xAD, 0x82, 0x5C, 0x9B, 0x73, 0x50, 0x8A, 0x66, 0x44, 0x78, 0x58, 0x35, 0x67, 0x4B, 0x28, 0x56, 0x3D, 0x18, 0x43, 0x2D, 0x00, 0x2D, 0x19, 0x00, 0x03, 0x00,
        0x6B, 0xAC, 0x6C, 0x5F, 0x9A, 0x60, 0x52, 0x89, 0x55, 0x46, 0x77, 0x49, 0x37, 0x66, 0x3D, 0x2A, 0x55, 0x31, 0x19, 0x43, 0x22, 0x00, 0x2D, 0x0E, 0x00, 0x03, 0x00, 0x6E, 0xAC, 0x56,
        0x61, 0x99, 0x4C, 0x55, 0x89, 0x43, 0x46, 0x77, 0x39, 0x38, 0x66, 0x2E, 0x2A, 0x54, 0x23, 0x1A, 0x42, 0x15, 0x00, 0x2C, 0x01, 0x00, 0x03, 0x00, 0x70, 0xAB, 0x43, 0x62, 0x99, 0x3B,
        0x56, 0x89, 0x34, 0x47, 0x77, 0x2C, 0x3A, 0x66, 0x22, 0x2C, 0x55, 0x16, 0x1B, 0x42, 0x07, 0x00, 0x2C, 0x00, 0x00, 0x03, 0x00, 0x5A, 0xA0, 0xD7, 0x51, 0x90, 0xC1, 0x46, 0x81, 0xAD,
        0x3D, 0x70, 0x97, 0x31, 0x5F, 0x83, 0x25, 0x4F, 0x6D, 0x16, 0x3D, 0x57, 0x00, 0x26, 0x3D, 0x00, 0x00, 0x19, 0x60, 0xA0, 0xC2, 0x56, 0x8F, 0xAE, 0x4B, 0x80, 0x9D, 0x41, 0x70, 0x89,
        0x35, 0x5F, 0x75, 0x28, 0x4E, 0x62, 0x19, 0x3C, 0x4E, 0x00, 0x26, 0x35, 0x00, 0x00, 0x11, 0x64, 0x9F, 0xB1, 0x59, 0x8F, 0x9F, 0x4F, 0x80, 0x8F, 0x43, 0x6F, 0x7C, 0x37, 0x5F, 0x6B,
        0x2A, 0x4E, 0x59, 0x1B, 0x3C, 0x46, 0x02, 0x26, 0x2E, 0x00, 0x00, 0x09, 0x68, 0x9E, 0x9F, 0x5C, 0x8E, 0x8F, 0x51, 0x7F, 0x7F, 0x45, 0x6E, 0x6E, 0x38, 0x5E, 0x5E, 0x2B, 0x4E, 0x4E,
        0x1C, 0x3C, 0x3C, 0x02, 0x26, 0x26, 0x00, 0x00, 0x01, 0x6B, 0x9D, 0x8C, 0x5E, 0x8D, 0x7D, 0x52, 0x7E, 0x70, 0x47, 0x6E, 0x61, 0x3B, 0x5E, 0x52, 0x2D, 0x4D, 0x43, 0x1D, 0x3B, 0x33,
        0x04, 0x25, 0x1E, 0x00, 0x00, 0x00, 0x6E, 0x9C, 0x7A, 0x61, 0x8C, 0x6D, 0x55, 0x7D, 0x61, 0x48, 0x6D, 0x53, 0x3A, 0x5D, 0x47, 0x2D, 0x4D, 0x39, 0x1D, 0x3C, 0x2A, 0x05, 0x26, 0x16,
        0x00, 0x00, 0x00, 0x6F, 0x9C, 0x67, 0x63, 0x8B, 0x5B, 0x57, 0x7D, 0x51, 0x49, 0x6C, 0x45, 0x3C, 0x5C, 0x3A, 0x2E, 0x4D, 0x2D, 0x1E, 0x3B, 0x1F, 0x05, 0x26, 0x0C, 0x00, 0x00, 0x00,
        0x73, 0x9C, 0x52, 0x65, 0x8C, 0x49, 0x58, 0x7C, 0x3F, 0x4A, 0x6C, 0x35, 0x3C, 0x5C, 0x2C, 0x2E, 0x4C, 0x20, 0x1F, 0x3B, 0x12, 0x06, 0x25, 0x00, 0x00, 0x00, 0x00, 0x74, 0x9B, 0x41,
        0x66, 0x8B, 0x3A, 0x59, 0x7C, 0x31, 0x4B, 0x6C, 0x29, 0x3D, 0x5C, 0x20, 0x30, 0x4C, 0x15, 0x1F, 0x3B, 0x06, 0x05, 0x25, 0x00, 0x00, 0x00, 0x00, 0x64, 0x8D, 0xC9, 0x58, 0x7F, 0xB5,
        0x4F, 0x72, 0xA2, 0x45, 0x63, 0x8E, 0x39, 0x53, 0x7A, 0x2C, 0x44, 0x66, 0x1E, 0x33, 0x51, 0x07, 0x1C, 0x38, 0x00, 0x00, 0x13, 0x69, 0x8D, 0xB6, 0x5E, 0x7F, 0xA3, 0x53, 0x72, 0x92,
        0x47, 0x62, 0x80, 0x3B, 0x53, 0x6E, 0x2E, 0x44, 0x5B, 0x1F, 0x33, 0x48, 0x0A, 0x1C, 0x30, 0x00, 0x00, 0x0B, 0x6C, 0x8D, 0xA6, 0x60, 0x7F, 0x95, 0x55, 0x71, 0x85, 0x49, 0x62, 0x74,
        0x3C, 0x53, 0x63, 0x2E, 0x44, 0x52, 0x20, 0x33, 0x40, 0x0B, 0x1D, 0x29, 0x00, 0x00, 0x02, 0x6F, 0x8D, 0x95, 0x62, 0x7E, 0x86, 0x58, 0x70, 0x77, 0x4A, 0x61, 0x67, 0x3D, 0x53, 0x58,
        0x30, 0x43, 0x48, 0x21, 0x33, 0x38, 0x0B, 0x1D, 0x22, 0x00, 0x00, 0x00, 0x70, 0x8C, 0x84, 0x64, 0x7D, 0x76, 0x59, 0x70, 0x69, 0x4B, 0x61, 0x5B, 0x3E, 0x52, 0x4D, 0x31, 0x44, 0x3E,
        0x21, 0x33, 0x2F, 0x0C, 0x1D, 0x1A, 0x00, 0x00, 0x00, 0x73, 0x8C, 0x74, 0x66, 0x7D, 0x67, 0x5A, 0x6F, 0x5B, 0x4C, 0x60, 0x4E, 0x3E, 0x52, 0x41, 0x31, 0x43, 0x34, 0x22, 0x33, 0x26,
        0x0D, 0x1D, 0x12, 0x00, 0x00, 0x00, 0x75, 0x8B, 0x61, 0x67, 0x7C, 0x57, 0x5B, 0x6F, 0x4D, 0x4E, 0x60, 0x41, 0x3F, 0x51, 0x36, 0x31, 0x43, 0x29, 0x22, 0x33, 0x1B, 0x0C, 0x1D, 0x07,
        0x00, 0x00, 0x00, 0x77, 0x8A, 0x4E, 0x69, 0x7C, 0x45, 0x5C, 0x6E, 0x3C, 0x4E, 0x5F, 0x32, 0x41, 0x51, 0x28, 0x32, 0x43, 0x1D, 0x22, 0x33, 0x0F, 0x0D, 0x1E, 0x00, 0x00, 0x00, 0x00,
        0x78, 0x8A, 0x40, 0x6A, 0x7C, 0x36, 0x5D, 0x6E, 0x2F, 0x4E, 0x5F, 0x26, 0x41, 0x51, 0x1D, 0x32, 0x42, 0x11, 0x22, 0x32, 0x02, 0x0D, 0x1D, 0x00, 0x00, 0x00, 0x00, 0x6B, 0x7C, 0xBD,
        0x60, 0x6F, 0xA9, 0x55, 0x63, 0x98, 0x49, 0x55, 0x84, 0x3D, 0x47, 0x72, 0x30, 0x39, 0x5F, 0x22, 0x29, 0x4B, 0x0E, 0x12, 0x33, 0x00, 0x00, 0x0D, 0x6F, 0x7C, 0xAB, 0x64, 0x6F, 0x99,
        0x58, 0x63, 0x89, 0x4B, 0x55, 0x78, 0x3F, 0x48, 0x67, 0x32, 0x3A, 0x55, 0x24, 0x29, 0x42, 0x0F, 0x13, 0x2B, 0x00, 0x00, 0x04, 0x71, 0x7C, 0x9C, 0x65, 0x6F, 0x8B, 0x5A, 0x63, 0x7D,
        0x4D, 0x55, 0x6D, 0x40, 0x47, 0x5D, 0x33, 0x39, 0x4D, 0x24, 0x2A, 0x3B, 0x11, 0x14, 0x25, 0x00, 0x00, 0x00, 0x73, 0x7C, 0x8C, 0x67, 0x6F, 0x7D, 0x5A, 0x63, 0x70, 0x4E, 0x55, 0x61,
        0x40, 0x47, 0x52, 0x34, 0x39, 0x43, 0x24, 0x2A, 0x32, 0x10, 0x14, 0x1E, 0x00, 0x00, 0x00, 0x75, 0x7B, 0x7D, 0x68, 0x6E, 0x6F, 0x5C, 0x62, 0x63, 0x4F, 0x55, 0x56, 0x41, 0x47, 0x48,
        0x33, 0x3A, 0x3B, 0x25, 0x2A, 0x2B, 0x11, 0x15, 0x16, 0x00, 0x00, 0x00, 0x76, 0x7B, 0x6E, 0x69, 0x6E, 0x61, 0x5D, 0x62, 0x56, 0x4E, 0x54, 0x4A, 0x42, 0x47, 0x3E, 0x34, 0x39, 0x31,
        0x25, 0x2A, 0x22, 0x11, 0x16, 0x0E, 0x00, 0x00, 0x00, 0x78, 0x7B, 0x5D, 0x6A, 0x6D, 0x52, 0x5E, 0x61, 0x48, 0x50, 0x54, 0x3D, 0x42, 0x47, 0x32, 0x34, 0x39, 0x26, 0x25, 0x2A, 0x18,
        0x11, 0x16, 0x02, 0x00, 0x00, 0x00, 0x79, 0x7A, 0x4B, 0x6C, 0x6D, 0x42, 0x5F, 0x61, 0x3A, 0x50, 0x54, 0x30, 0x42, 0x47, 0x25, 0x34, 0x39, 0x1A, 0x25, 0x2A, 0x0C, 0x10, 0x16, 0x00,
        0x00, 0x00, 0x00, 0x7A, 0x7B, 0x3E, 0x6C, 0x6D, 0x34, 0x5F, 0x61, 0x2D, 0x51, 0x54, 0x24, 0x43, 0x46, 0x1A, 0x34, 0x39, 0x0E, 0x25, 0x2A, 0x00, 0x0F, 0x16, 0x00, 0x00, 0x00, 0x00,
        0x71, 0x6B, 0xB1, 0x66, 0x60, 0x9F, 0x59, 0x55, 0x8D, 0x4E, 0x48, 0x7C, 0x41, 0x3C, 0x6B, 0x34, 0x2E, 0x59, 0x25, 0x1E, 0x46, 0x12, 0x05, 0x2E, 0x00, 0x00, 0x06, 0x74, 0x6B, 0xA0,
        0x68, 0x60, 0x90, 0x5C, 0x55, 0x81, 0x50, 0x48, 0x70, 0x43, 0x3C, 0x60, 0x35, 0x2F, 0x50, 0x26, 0x1F, 0x3E, 0x13, 0x07, 0x27, 0x00, 0x00, 0x00, 0x76, 0x6B, 0x93, 0x69, 0x60, 0x83,
        0x5D, 0x55, 0x76, 0x50, 0x48, 0x65, 0x43, 0x3C, 0x57, 0x36, 0x2F, 0x47, 0x27, 0x1F, 0x36, 0x13, 0x08, 0x20, 0x00, 0x00, 0x00, 0x77, 0x6B, 0x84, 0x6A, 0x60, 0x76, 0x5E, 0x55, 0x6A,
        0x51, 0x49, 0x5B, 0x43, 0x3C, 0x4D, 0x36, 0x2F, 0x3F, 0x27, 0x20, 0x2F, 0x14, 0x09, 0x19, 0x00, 0x00, 0x00, 0x77, 0x6B, 0x76, 0x6A, 0x5F, 0x69, 0x5E, 0x55, 0x5D, 0x51, 0x48, 0x50,
        0x44, 0x3C, 0x44, 0x36, 0x2F, 0x36, 0x27, 0x20, 0x27, 0x14, 0x0B, 0x12, 0x00, 0x00, 0x00, 0x79, 0x6B, 0x68, 0x6B, 0x60, 0x5C, 0x5F, 0x54, 0x50, 0x51, 0x48, 0x45, 0x44, 0x3D, 0x3A,
        0x36, 0x30, 0x2E, 0x27, 0x21, 0x1F, 0x14, 0x0C, 0x09, 0x00, 0x00, 0x00, 0x7B, 0x6B, 0x58, 0x6C, 0x5F, 0x4D, 0x60, 0x54, 0x44, 0x52, 0x48, 0x39, 0x44, 0x3C, 0x2E, 0x36, 0x2F, 0x23,
        0x27, 0x21, 0x14, 0x13, 0x0D, 0x02, 0x00, 0x00, 0x00, 0x7B, 0x6A, 0x48, 0x6E, 0x5F, 0x3F, 0x60, 0x54, 0x36, 0x52, 0x48, 0x2D, 0x45, 0x3C, 0x23, 0x37, 0x30, 0x17, 0x27, 0x21, 0x09,
        0x12, 0x0E, 0x00, 0x00, 0x00, 0x00, 0x7D, 0x6A, 0x3C, 0x6E, 0x5E, 0x32, 0x62, 0x54, 0x2A, 0x53, 0x48, 0x22, 0x45, 0x3C, 0x19, 0x37, 0x30, 0x0C, 0x27, 0x21, 0x00, 0x11, 0x0D, 0x00,
        0x00, 0x00, 0x00, 0x76, 0x59, 0xA5, 0x69, 0x4F, 0x94, 0x5D, 0x45, 0x84, 0x51, 0x39, 0x73, 0x44, 0x2D, 0x63, 0x37, 0x20, 0x52, 0x29, 0x0F, 0x40, 0x15, 0x00, 0x29, 0x00, 0x00, 0x00,
        0x78, 0x59, 0x96, 0x6B, 0x4F, 0x87, 0x60, 0x45, 0x79, 0x52, 0x3A, 0x69, 0x46, 0x2E, 0x59, 0x38, 0x22, 0x49, 0x29, 0x11, 0x38, 0x15, 0x00, 0x22, 0x00, 0x00, 0x00, 0x79, 0x59, 0x89,
        0x6C, 0x4F, 0x7B, 0x60, 0x45, 0x6D, 0x52, 0x3A, 0x5F, 0x46, 0x2F, 0x51, 0x38, 0x22, 0x42, 0x29, 0x12, 0x31, 0x15, 0x00, 0x1C, 0x00, 0x00, 0x00, 0x7A, 0x5A, 0x7C, 0x6D, 0x4F, 0x6E,
        0x60, 0x45, 0x63, 0x53, 0x3A, 0x55, 0x46, 0x2F, 0x48, 0x38, 0x23, 0x3A, 0x29, 0x13, 0x2A, 0x15, 0x00, 0x16, 0x00, 0x00, 0x00, 0x7B, 0x5A, 0x6F, 0x6E, 0x4F, 0x62, 0x61, 0x45, 0x57,
        0x53, 0x3B, 0x4B, 0x46, 0x2F, 0x3F, 0x38, 0x23, 0x32, 0x29, 0x14, 0x23, 0x15, 0x00, 0x0E, 0x00, 0x00, 0x00, 0x7B, 0x5A, 0x62, 0x6E, 0x4F, 0x57, 0x61, 0x46, 0x4C, 0x54, 0x3A, 0x40,
        0x46, 0x30, 0x35, 0x38, 0x24, 0x29, 0x28, 0x15, 0x1A, 0x15, 0x00, 0x05, 0x00, 0x00, 0x00, 0x7D, 0x59, 0x54, 0x6F, 0x4F, 0x49, 0x61, 0x45, 0x40, 0x54, 0x3B, 0x36, 0x46, 0x30, 0x2B,
        0x38, 0x24, 0x1F, 0x28, 0x16, 0x11, 0x14, 0x01, 0x01, 0x00, 0x00, 0x00, 0x7D, 0x59, 0x45, 0x70, 0x4F, 0x3C, 0x62, 0x46, 0x33, 0x54, 0x3B, 0x2A, 0x46, 0x30, 0x20, 0x38, 0x24, 0x14,
        0x29, 0x16, 0x05, 0x13, 0x02, 0x00, 0x00, 0x00, 0x00, 0x7E, 0x59, 0x39, 0x70, 0x4F, 0x31, 0x63, 0x46, 0x29, 0x54, 0x3B, 0x20, 0x46, 0x30, 0x16, 0x38, 0x24, 0x0A, 0x28, 0x16, 0x00,
        0x12, 0x02, 0x00, 0x00, 0x00, 0x00, 0x79, 0x43, 0x9A, 0x6C, 0x3A, 0x8A, 0x61, 0x32, 0x7C, 0x54, 0x27, 0x6B, 0x47, 0x1C, 0x5C, 0x3A, 0x0C, 0x4C, 0x2B, 0x00, 0x3B, 0x14, 0x00, 0x25,
        0x00, 0x00, 0x00, 0x7C, 0x44, 0x8C, 0x6F, 0x3B, 0x7E, 0x62, 0x32, 0x70, 0x54, 0x28, 0x62, 0x47, 0x1D, 0x53, 0x3A, 0x0F, 0x43, 0x2A, 0x00, 0x33, 0x14, 0x00, 0x1E, 0x00, 0x00, 0x00,
        0x7C, 0x44, 0x81, 0x6F, 0x3B, 0x72, 0x63, 0x33, 0x66, 0x56, 0x29, 0x58, 0x47, 0x1E, 0x4B, 0x3A, 0x11, 0x3C, 0x2A, 0x00, 0x2D, 0x14, 0x00, 0x18, 0x00, 0x00, 0x00, 0x7D, 0x46, 0x74,
        0x6F, 0x3C, 0x67, 0x63, 0x33, 0x5C, 0x55, 0x29, 0x4F, 0x47, 0x1F, 0x42, 0x3A, 0x13, 0x35, 0x2A, 0x03, 0x26, 0x14, 0x00, 0x11, 0x00, 0x00, 0x00, 0x7D, 0x46, 0x68, 0x6F, 0x3D, 0x5D,
        0x63, 0x34, 0x51, 0x55, 0x2B, 0x45, 0x48, 0x20, 0x3A, 0x3A, 0x14, 0x2D, 0x2A, 0x04, 0x1F, 0x14, 0x00, 0x08, 0x00, 0x00, 0x00, 0x7E, 0x46, 0x5C, 0x6F, 0x3D, 0x51, 0x63, 0x34, 0x47,
        0x55, 0x2A, 0x3C, 0x47, 0x21, 0x31, 0x39, 0x15, 0x25, 0x2A, 0x06, 0x17, 0x14, 0x00, 0x03, 0x00, 0x00, 0x00, 0x7E, 0x46, 0x4F, 0x70, 0x3D, 0x46, 0x63, 0x35, 0x3C, 0x55, 0x2B, 0x32,
        0x47, 0x21, 0x27, 0x39, 0x16, 0x1C, 0x29, 0x07, 0x0D, 0x13, 0x00, 0x00, 0x00, 0x00, 0x00, 0x7F, 0x47, 0x42, 0x71, 0x3E, 0x38, 0x64, 0x35, 0x30, 0x56, 0x2C, 0x27, 0x47, 0x22, 0x1D,
        0x39, 0x17, 0x12, 0x29, 0x08, 0x02, 0x12, 0x00, 0x00, 0x00, 0x00, 0x00, 0x80, 0x46, 0x37, 0x72, 0x3E, 0x2E, 0x64, 0x36, 0x27, 0x56, 0x2C, 0x1E, 0x47, 0x22, 0x14, 0x39, 0x17, 0x07,
        0x29, 0x09, 0x00, 0x12, 0x00, 0x00, 0x00, 0x00, 0x00, 0x7C, 0x29, 0x91, 0x6F, 0x20, 0x80, 0x63, 0x17, 0x72, 0x56, 0x0A, 0x64, 0x49, 0x00, 0x55, 0x3C, 0x00, 0x47, 0x2B, 0x00, 0x36,
        0x11, 0x00, 0x20, 0x00, 0x00, 0x00, 0x7E, 0x2A, 0x83, 0x71, 0x21, 0x75, 0x64, 0x19, 0x68, 0x56, 0x0E, 0x5A, 0x49, 0x00, 0x4D, 0x3C, 0x00, 0x3F, 0x2C, 0x00, 0x2F, 0x12, 0x00, 0x19,
        0x00, 0x00, 0x00, 0x7F, 0x2B, 0x78, 0x71, 0x22, 0x6A, 0x65, 0x1A, 0x5F, 0x56, 0x11, 0x52, 0x49, 0x02, 0x45, 0x3B, 0x00, 0x38, 0x2B, 0x00, 0x29, 0x12, 0x00, 0x13, 0x00, 0x00, 0x00,
        0x7F, 0x2D, 0x6D, 0x71, 0x25, 0x61, 0x65, 0x1C, 0x55, 0x56, 0x13, 0x4A, 0x49, 0x05, 0x3D, 0x3B, 0x00, 0x30, 0x2B, 0x00, 0x22, 0x13, 0x00, 0x0B, 0x00, 0x00, 0x00, 0x7F, 0x2E, 0x62,
        0x72, 0x26, 0x56, 0x64, 0x1E, 0x4C, 0x57, 0x15, 0x41, 0x49, 0x09, 0x36, 0x3B, 0x00, 0x29, 0x2B, 0x00, 0x1A, 0x12, 0x00, 0x05, 0x00, 0x00, 0x00, 0x7F, 0x2F, 0x57, 0x71, 0x27, 0x4C,
        0x65, 0x1F, 0x43, 0x56, 0x16, 0x38, 0x48, 0x0B, 0x2D, 0x3B, 0x00, 0x21, 0x2B, 0x00, 0x13, 0x12, 0x00, 0x02, 0x00, 0x00, 0x00, 0x80, 0x30, 0x4B, 0x72, 0x27, 0x41, 0x65, 0x21, 0x38,
        0x56, 0x17, 0x2E, 0x48, 0x0C, 0x24, 0x3A, 0x00, 0x18, 0x2A, 0x00, 0x09, 0x11, 0x00, 0x00, 0x00, 0x00, 0x00, 0x81, 0x30, 0x3F, 0x72, 0x29, 0x36, 0x66, 0x21, 0x2E, 0x57, 0x18, 0x24,
        0x48, 0x0E, 0x1A, 0x3A, 0x01, 0x0E, 0x2A, 0x00, 0x02, 0x10, 0x00, 0x00, 0x00, 0x00, 0x00, 0x80, 0x30, 0x35, 0x72, 0x29, 0x2C, 0x66, 0x22, 0x25, 0x57, 0x19, 0x1B, 0x48, 0x0F, 0x11,
        0x3A, 0x01, 0x03, 0x29, 0x00, 0x00, 0x0F, 0x00, 0x00, 0x00, 0x00, 0x00, 0x00, 0xBD, 0xF2, 0x00, 0xA9, 0xD9, 0x00, 0x97, 0xC2, 0x00, 0x84, 0xAA, 0x00, 0x71, 0x93, 0x00, 0x5E, 0x7B,
        0x00, 0x4A, 0x63, 0x00, 0x33, 0x47, 0x00, 0x0F, 0x22, 0x01, 0xBB, 0xDB, 0x01, 0xA7, 0xC3, 0x00, 0x96, 0xAF, 0x00, 0x83, 0x99, 0x00, 0x71, 0x84, 0x00, 0x5E, 0x6F, 0x00, 0x4A, 0x59,
        0x00, 0x32, 0x3F, 0x00, 0x0D, 0x1C, 0x01, 0xBA, 0xC6, 0x01, 0xA7, 0xB2, 0x00, 0x95, 0x9E, 0x00, 0x82, 0x8B, 0x00, 0x6F, 0x77, 0x00, 0x5D, 0x64, 0x00, 0x4A, 0x50, 0x00, 0x32, 0x37,
        0x00, 0x0D, 0x16, 0x01, 0xB9, 0xB0, 0x01, 0xA5, 0x9F, 0x01, 0x94, 0x8E, 0x00, 0x81, 0x7B, 0x00, 0x6F, 0x6A, 0x00, 0x5D, 0x59, 0x00, 0x49, 0x46, 0x00, 0x32, 0x2F, 0x00, 0x0D, 0x0D,
        0x01, 0xB8, 0x9D, 0x01, 0xA4, 0x8D, 0x01, 0x93, 0x7D, 0x00, 0x80, 0x6E, 0x00, 0x6E, 0x5D, 0x00, 0x5C, 0x4D, 0x00, 0x49, 0x3C, 0x00, 0x32, 0x27, 0x00, 0x0C, 0x05, 0x19, 0xB6, 0x89,
        0x19, 0xA3, 0x7A, 0x11, 0x92, 0x6D, 0x00, 0x80, 0x60, 0x00, 0x6E, 0x51, 0x00, 0x5C, 0x42, 0x00, 0x49, 0x33, 0x00, 0x32, 0x1E, 0x00, 0x0A, 0x00, 0x2A, 0xB5, 0x72, 0x23, 0xA3, 0x66,
        0x1E, 0x91, 0x5B, 0x0E, 0x7F, 0x50, 0x00, 0x6D, 0x43, 0x00, 0x5B, 0x35, 0x00, 0x48, 0x27, 0x00, 0x32, 0x13, 0x00, 0x0A, 0x00, 0x34, 0xB5, 0x5C, 0x2B, 0xA2, 0x53, 0x20, 0x91, 0x49,
        0x13, 0x7E, 0x3F, 0x00, 0x6C, 0x34, 0x00, 0x5A, 0x28, 0x00, 0x48, 0x1B, 0x00, 0x32, 0x07, 0x00, 0x0A, 0x00, 0x39, 0xB5, 0x4A, 0x30, 0xA2, 0x42, 0x25, 0x90, 0x39, 0x18, 0x7E, 0x31,
        0x07, 0x6C, 0x28, 0x00, 0x5A, 0x1D, 0x00, 0x48, 0x0F, 0x00, 0x31, 0x00, 0x00, 0x0A, 0x00, 0x01, 0xAA, 0xE3, 0x01, 0x98, 0xCB, 0x00, 0x88, 0xB6, 0x00, 0x77, 0x9F, 0x00, 0x65, 0x89,
        0x00, 0x54, 0x73, 0x00, 0x41, 0x5C, 0x00, 0x2B, 0x42, 0x00, 0x01, 0x1D, 0x01, 0xA9, 0xCE, 0x01, 0x97, 0xB8, 0x01, 0x88, 0xA5, 0x00, 0x76, 0x90, 0x00, 0x66, 0x7D, 0x00, 0x54, 0x69,
        0x00, 0x41, 0x53, 0x00, 0x2B, 0x3A, 0x00, 0x00, 0x16, 0x1D, 0xA8, 0xBA, 0x15, 0x97, 0xA7, 0x0E, 0x87, 0x96, 0x04, 0x76, 0x83, 0x00, 0x65, 0x70, 0x00, 0x53, 0x5E, 0x00, 0x41, 0x4B,
        0x00, 0x2B, 0x33, 0x00, 0x00, 0x10, 0x29, 0xA7, 0xA7, 0x21, 0x96, 0x96, 0x1F, 0x86, 0x86, 0x13, 0x75, 0x75, 0x04, 0x64, 0x64, 0x00, 0x53, 0x53, 0x00, 0x41, 0x41, 0x00, 0x2A, 0x2B,
        0x00, 0x00, 0x08, 0x30, 0xA7, 0x95, 0x29, 0x95, 0x85, 0x21, 0x85, 0x76, 0x19, 0x74, 0x67, 0x0D, 0x63, 0x58, 0x00, 0x53, 0x49, 0x00, 0x41, 0x38, 0x00, 0x2A, 0x23, 0x00, 0x00, 0x00,
        0x3A, 0xA5, 0x82, 0x31, 0x94, 0x73, 0x2A, 0x84, 0x67, 0x1F, 0x73, 0x59, 0x12, 0x63, 0x4B, 0x00, 0x52, 0x3D, 0x00, 0x40, 0x2E, 0x00, 0x2A, 0x1A, 0x00, 0x00, 0x00, 0x3E, 0xA4, 0x6E,
        0x37, 0x93, 0x61, 0x2D, 0x84, 0x57, 0x23, 0x73, 0x4B, 0x16, 0x62, 0x3F, 0x05, 0x52, 0x32, 0x00, 0x40, 0x24, 0x00, 0x2A, 0x10, 0x00, 0x00, 0x00, 0x45, 0xA4, 0x59, 0x3C, 0x93, 0x4E,
        0x32, 0x83, 0x46, 0x25, 0x72, 0x3B, 0x1A, 0x62, 0x31, 0x0A, 0x51, 0x25, 0x00, 0x40, 0x18, 0x00, 0x2A, 0x04, 0x00, 0x00, 0x00, 0x47, 0xA4, 0x47, 0x3F, 0x93, 0x3F, 0x35, 0x83, 0x37,
        0x28, 0x72, 0x2F, 0x1C, 0x62, 0x26, 0x0D, 0x51, 0x1A, 0x00, 0x40, 0x0C, 0x00, 0x2A, 0x00, 0x00, 0x00, 0x00, 0x1C, 0x99, 0xD6, 0x18, 0x8A, 0xC1, 0x17, 0x7B, 0xAB, 0x10, 0x6B, 0x96,
        0x00, 0x5B, 0x82, 0x00, 0x4B, 0x6D, 0x00, 0x3A, 0x57, 0x00, 0x23, 0x3D, 0x00, 0x00, 0x19, 0x30, 0x99, 0xC2, 0x29, 0x8A, 0xAE, 0x22, 0x7B, 0x9C, 0x1B, 0x6B, 0x88, 0x10, 0x5B, 0x75,
        0x01, 0x4B, 0x62, 0x00, 0x39, 0x4E, 0x00, 0x23, 0x35, 0x00, 0x00, 0x11, 0x37, 0x99, 0xB1, 0x2F, 0x89, 0x9E, 0x2A, 0x7A, 0x8E, 0x21, 0x6B, 0x7C, 0x16, 0x5B, 0x6A, 0x06, 0x4B, 0x58,
        0x00, 0x39, 0x46, 0x00, 0x23, 0x2E, 0x00, 0x00, 0x09, 0x3D, 0x98, 0x9E, 0x35, 0x88, 0x8F, 0x2D, 0x7A, 0x7F, 0x24, 0x6A, 0x6F, 0x18, 0x5A, 0x5E, 0x0A, 0x4A, 0x4E, 0x00, 0x39, 0x3D,
        0x00, 0x23, 0x27, 0x00, 0x00, 0x02, 0x43, 0x97, 0x8D, 0x3B, 0x87, 0x7E, 0x31, 0x79, 0x70, 0x27, 0x69, 0x62, 0x1D, 0x5A, 0x53, 0x0E, 0x4A, 0x44, 0x00, 0x39, 0x34, 0x00, 0x23, 0x1F,
        0x00, 0x00, 0x00, 0x47, 0x96, 0x7B, 0x3E, 0x87, 0x6E, 0x36, 0x78, 0x62, 0x2A, 0x69, 0x54, 0x1F, 0x59, 0x47, 0x10, 0x4A, 0x3A, 0x00, 0x39, 0x2B, 0x00, 0x23, 0x16, 0x00, 0x00, 0x00,
        0x4A, 0x96, 0x69, 0x40, 0x86, 0x5C, 0x37, 0x78, 0x53, 0x2D, 0x68, 0x47, 0x22, 0x59, 0x3B, 0x14, 0x49, 0x2F, 0x00, 0x39, 0x20, 0x00, 0x23, 0x0D, 0x00, 0x00, 0x00, 0x4E, 0x95, 0x54,
        0x45, 0x86, 0x4B, 0x3B, 0x78, 0x42, 0x2F, 0x67, 0x38, 0x22, 0x58, 0x2E, 0x16, 0x49, 0x22, 0x01, 0x39, 0x14, 0x00, 0x23, 0x01, 0x00, 0x00, 0x00, 0x50, 0x95, 0x45, 0x46, 0x85, 0x3D,
        0x3C, 0x77, 0x35, 0x31, 0x67, 0x2C, 0x24, 0x58, 0x23, 0x17, 0x49, 0x18, 0x02, 0x38, 0x0A, 0x00, 0x23, 0x00, 0x00, 0x00, 0x00, 0x3A, 0x88, 0xC8, 0x32, 0x7A, 0xB4, 0x2D, 0x6D, 0xA2,
        0x26, 0x5E, 0x8D, 0x1B, 0x50, 0x79, 0x0F, 0x41, 0x66, 0x00, 0x30, 0x51, 0x00, 0x1A, 0x38, 0x00, 0x00, 0x13, 0x42, 0x88, 0xB6, 0x3B, 0x7A, 0xA3, 0x34, 0x6D, 0x92, 0x2A, 0x5E, 0x80,
        0x20, 0x50, 0x6D, 0x14, 0x41, 0x5B, 0x02, 0x30, 0x48, 0x00, 0x1A, 0x31, 0x00, 0x00, 0x0B, 0x46, 0x88, 0xA5, 0x3E, 0x7A, 0x95, 0x37, 0x6C, 0x85, 0x2E, 0x5E, 0x74, 0x23, 0x50, 0x63,
        0x15, 0x41, 0x52, 0x04, 0x31, 0x40, 0x00, 0x1A, 0x29, 0x00, 0x00, 0x03, 0x4C, 0x87, 0x95, 0x42, 0x79, 0x85, 0x3A, 0x6C, 0x77, 0x30, 0x5E, 0x67, 0x24, 0x4F, 0x58, 0x17, 0x41, 0x49,
        0x07, 0x31, 0x38, 0x00, 0x1B, 0x22, 0x00, 0x00, 0x00, 0x4E, 0x87, 0x85, 0x45, 0x78, 0x76, 0x3C, 0x6B, 0x6A, 0x32, 0x5D, 0x5C, 0x27, 0x4F, 0x4D, 0x1A, 0x41, 0x3F, 0x08, 0x31, 0x2F,
        0x00, 0x1B, 0x1A, 0x00, 0x00, 0x00, 0x52, 0x86, 0x75, 0x47, 0x78, 0x68, 0x3E, 0x6B, 0x5C, 0x33, 0x5D, 0x4F, 0x27, 0x4E, 0x42, 0x1B, 0x40, 0x35, 0x0A, 0x30, 0x27, 0x00, 0x1B, 0x12,
        0x00, 0x00, 0x00, 0x54, 0x86, 0x63, 0x49, 0x77, 0x57, 0x40, 0x6A, 0x4D, 0x35, 0x5C, 0x42, 0x2A, 0x4E, 0x37, 0x1C, 0x40, 0x2A, 0x0B, 0x30, 0x1D, 0x00, 0x1C, 0x09, 0x00, 0x00, 0x00,
        0x57, 0x85, 0x51, 0x4C, 0x77, 0x48, 0x42, 0x6A, 0x3E, 0x37, 0x5C, 0x34, 0x2B, 0x4E, 0x2A, 0x1D, 0x40, 0x1F, 0x0C, 0x30, 0x11, 0x00, 0x1C, 0x00, 0x00, 0x00, 0x00, 0x58, 0x86, 0x43,
        0x4D, 0x77, 0x3A, 0x44, 0x6A, 0x33, 0x38, 0x5C, 0x2A, 0x2C, 0x4E, 0x20, 0x1E, 0x40, 0x14, 0x0C, 0x30, 0x06, 0x00, 0x1C, 0x00, 0x00, 0x00, 0x00, 0x49, 0x78, 0xBD, 0x40, 0x6B, 0xA8,
        0x39, 0x60, 0x97, 0x2F, 0x52, 0x85, 0x26, 0x45, 0x72, 0x1A, 0x37, 0x5F, 0x0B, 0x27, 0x4B, 0x00, 0x10, 0x33, 0x00, 0x00, 0x0E, 0x4E, 0x78, 0xAB, 0x45, 0x6B, 0x99, 0x3E, 0x5F, 0x89,
        0x33, 0x52, 0x77, 0x28, 0x45, 0x66, 0x1D, 0x37, 0x55, 0x0F, 0x27, 0x42, 0x00, 0x11, 0x2C, 0x00, 0x00, 0x04, 0x51, 0x78, 0x9C, 0x47, 0x6B, 0x8C, 0x40, 0x5F, 0x7D, 0x35, 0x52, 0x6D,
        0x2A, 0x45, 0x5D, 0x1F, 0x37, 0x4D, 0x10, 0x27, 0x3B, 0x00, 0x12, 0x25, 0x00, 0x00, 0x00, 0x55, 0x78, 0x8D, 0x4A, 0x6B, 0x7E, 0x41, 0x5F, 0x70, 0x36, 0x52, 0x61, 0x2B, 0x45, 0x52,
        0x20, 0x37, 0x43, 0x11, 0x27, 0x33, 0x00, 0x13, 0x1E, 0x00, 0x00, 0x00, 0x56, 0x77, 0x7E, 0x4C, 0x6A, 0x70, 0x42, 0x5F, 0x64, 0x38, 0x51, 0x55, 0x2D, 0x45, 0x48, 0x21, 0x37, 0x3B,
        0x12, 0x28, 0x2B, 0x00, 0x13, 0x16, 0x00, 0x00, 0x00, 0x59, 0x77, 0x6E, 0x4E, 0x6A, 0x62, 0x45, 0x5E, 0x57, 0x38, 0x51, 0x4B, 0x2E, 0x44, 0x3E, 0x21, 0x37, 0x31, 0x12, 0x28, 0x23,
        0x00, 0x14, 0x0F, 0x00, 0x00, 0x00, 0x59, 0x77, 0x5F, 0x50, 0x6A, 0x53, 0x46, 0x5E, 0x49, 0x3A, 0x51, 0x3F, 0x2E, 0x44, 0x33, 0x22, 0x37, 0x27, 0x13, 0x28, 0x19, 0x00, 0x14, 0x04,
        0x00, 0x00, 0x00, 0x5C, 0x76, 0x4E, 0x52, 0x6A, 0x44, 0x46, 0x5D, 0x3B, 0x3B, 0x51, 0x31, 0x2F, 0x44, 0x27, 0x22, 0x37, 0x1C, 0x13, 0x28, 0x0E, 0x00, 0x14, 0x00, 0x00, 0x00, 0x00,
        0x5D, 0x76, 0x41, 0x52, 0x69, 0x37, 0x48, 0x5D, 0x30, 0x3C, 0x51, 0x27, 0x2F, 0x44, 0x1D, 0x22, 0x37, 0x12, 0x14, 0x28, 0x02, 0x00, 0x14, 0x00, 0x00, 0x00, 0x00, 0x53, 0x68, 0xB1,
        0x4A, 0x5D, 0x9F, 0x41, 0x52, 0x8E, 0x38, 0x46, 0x7C, 0x2D, 0x39, 0x6A, 0x21, 0x2C, 0x59, 0x14, 0x1C, 0x46, 0x01, 0x04, 0x2E, 0x00, 0x00, 0x08, 0x56, 0x68, 0xA1, 0x4E, 0x5D, 0x91,
        0x44, 0x52, 0x80, 0x3A, 0x46, 0x70, 0x30, 0x3A, 0x60, 0x23, 0x2D, 0x50, 0x15, 0x1D, 0x3E, 0x01, 0x06, 0x28, 0x00, 0x00, 0x00, 0x59, 0x68, 0x93, 0x4F, 0x5D, 0x83, 0x45, 0x52, 0x76,
        0x3B, 0x46, 0x66, 0x2F, 0x3A, 0x57, 0x24, 0x2D, 0x48, 0x17, 0x1D, 0x37, 0x03, 0x07, 0x21, 0x00, 0x00, 0x00, 0x5A, 0x68, 0x84, 0x50, 0x5D, 0x77, 0x47, 0x52, 0x6A, 0x3C, 0x46, 0x5B,
        0x30, 0x3A, 0x4D, 0x25, 0x2D, 0x3E, 0x17, 0x1E, 0x2F, 0x04, 0x07, 0x1A, 0x00, 0x00, 0x00, 0x5C, 0x68, 0x76, 0x52, 0x5D, 0x69, 0x48, 0x52, 0x5D, 0x3D, 0x45, 0x50, 0x32, 0x3A, 0x44,
        0x25, 0x2D, 0x37, 0x17, 0x1E, 0x27, 0x04, 0x08, 0x12, 0x00, 0x00, 0x00, 0x5E, 0x68, 0x69, 0x52, 0x5C, 0x5D, 0x48, 0x52, 0x52, 0x3D, 0x46, 0x46, 0x32, 0x3A, 0x3A, 0x26, 0x2E, 0x2E,
        0x17, 0x1F, 0x1F, 0x06, 0x0A, 0x0B, 0x00, 0x00, 0x00, 0x5F, 0x68, 0x5A, 0x54, 0x5C, 0x4F, 0x4A, 0x52, 0x46, 0x3E, 0x46, 0x3A, 0x32, 0x3A, 0x30, 0x25, 0x2E, 0x24, 0x17, 0x1F, 0x16,
        0x04, 0x0B, 0x03, 0x00, 0x00, 0x00, 0x60, 0x67, 0x4A, 0x55, 0x5C, 0x41, 0x4B, 0x51, 0x38, 0x3F, 0x46, 0x2F, 0x32, 0x3A, 0x25, 0x26, 0x2E, 0x19, 0x18, 0x1F, 0x0B, 0x03, 0x0B, 0x00,
        0x00, 0x00, 0x00, 0x61, 0x67, 0x3E, 0x56, 0x5C, 0x35, 0x4C, 0x51, 0x2D, 0x3F, 0x45, 0x24, 0x33, 0x3A, 0x1B, 0x26, 0x2E, 0x0F, 0x17, 0x1F, 0x00, 0x03, 0x0B, 0x00, 0x00, 0x00, 0x00,
        0x5A, 0x57, 0xA5, 0x51, 0x4D, 0x94, 0x48, 0x43, 0x84, 0x3E, 0x37, 0x74, 0x32, 0x2C, 0x63, 0x27, 0x1F, 0x52, 0x19, 0x0E, 0x40, 0x01, 0x00, 0x2A, 0x00, 0x00, 0x01, 0x5D, 0x57, 0x96,
        0x53, 0x4D, 0x87, 0x4A, 0x43, 0x79, 0x3F, 0x38, 0x69, 0x34, 0x2D, 0x5A, 0x28, 0x20, 0x4A, 0x19, 0x10, 0x39, 0x03, 0x00, 0x23, 0x00, 0x00, 0x00, 0x5F, 0x57, 0x8A, 0x55, 0x4D, 0x7B,
        0x4B, 0x43, 0x6D, 0x3F, 0x39, 0x5F, 0x35, 0x2D, 0x51, 0x29, 0x21, 0x42, 0x1A, 0x11, 0x32, 0x04, 0x00, 0x1C, 0x00, 0x00, 0x00, 0x5F, 0x58, 0x7C, 0x55, 0x4D, 0x6F, 0x4B, 0x43, 0x63,
        0x3F, 0x39, 0x56, 0x35, 0x2D, 0x48, 0x29, 0x21, 0x3A, 0x1A, 0x12, 0x2B, 0x05, 0x01, 0x16, 0x00, 0x00, 0x00, 0x61, 0x58, 0x70, 0x57, 0x4D, 0x64, 0x4C, 0x44, 0x58, 0x40, 0x39, 0x4C,
        0x35, 0x2E, 0x3F, 0x29, 0x22, 0x32, 0x1A, 0x13, 0x23, 0x05, 0x02, 0x0E, 0x00, 0x00, 0x00, 0x63, 0x57, 0x63, 0x57, 0x4E, 0x58, 0x4C, 0x44, 0x4D, 0x41, 0x39, 0x41, 0x35, 0x2E, 0x36,
        0x29, 0x23, 0x2A, 0x1B, 0x14, 0x1B, 0x06, 0x02, 0x05, 0x00, 0x00, 0x00, 0x64, 0x57, 0x55, 0x58, 0x4D, 0x4B, 0x4D, 0x44, 0x41, 0x41, 0x39, 0x36, 0x35, 0x2E, 0x2C, 0x29, 0x23, 0x20,
        0x1B, 0x15, 0x13, 0x05, 0x03, 0x02, 0x00, 0x00, 0x00, 0x64, 0x58, 0x47, 0x59, 0x4D, 0x3D, 0x4E, 0x44, 0x35, 0x42, 0x39, 0x2C, 0x35, 0x2F, 0x21, 0x29, 0x23, 0x16, 0x1B, 0x15, 0x07,
        0x05, 0x03, 0x00, 0x00, 0x00, 0x00, 0x65, 0x57, 0x3C, 0x5A, 0x4D, 0x34, 0x4F, 0x44, 0x2C, 0x42, 0x3A, 0x22, 0x35, 0x2F, 0x19, 0x29, 0x23, 0x0D, 0x1A, 0x16, 0x00, 0x05, 0x03, 0x00,
        0x00, 0x00, 0x00, 0x61, 0x43, 0x9B, 0x56, 0x3A, 0x8A, 0x4D, 0x32, 0x7D, 0x42, 0x27, 0x6C, 0x37, 0x1C, 0x5C, 0x2B, 0x0C, 0x4C, 0x1D, 0x00, 0x3B, 0x02, 0x00, 0x25, 0x00, 0x00, 0x00,
        0x63, 0x43, 0x8D, 0x58, 0x3B, 0x7F, 0x4E, 0x32, 0x71, 0x44, 0x28, 0x62, 0x38, 0x1D, 0x53, 0x2C, 0x0F, 0x44, 0x1D, 0x00, 0x34, 0x03, 0x00, 0x1E, 0x00, 0x00, 0x00, 0x64, 0x44, 0x81,
        0x59, 0x3B, 0x73, 0x50, 0x33, 0x67, 0x44, 0x29, 0x59, 0x38, 0x1E, 0x4B, 0x2C, 0x10, 0x3D, 0x1E, 0x00, 0x2D, 0x04, 0x00, 0x18, 0x00, 0x00, 0x00, 0x64, 0x45, 0x76, 0x5A, 0x3C, 0x68,
        0x50, 0x33, 0x5C, 0x43, 0x29, 0x4F, 0x38, 0x1F, 0x42, 0x2C, 0x12, 0x35, 0x1D, 0x02, 0x26, 0x04, 0x00, 0x12, 0x00, 0x00, 0x00, 0x65, 0x45, 0x68, 0x5A, 0x3D, 0x5D, 0x4F, 0x33, 0x52,
        0x43, 0x2A, 0x46, 0x38, 0x20, 0x3B, 0x2C, 0x14, 0x2E, 0x1D, 0x04, 0x1F, 0x06, 0x00, 0x09, 0x00, 0x00, 0x00, 0x66, 0x45, 0x5D, 0x5A, 0x3D, 0x53, 0x50, 0x34, 0x48, 0x44, 0x2A, 0x3D,
        0x38, 0x21, 0x32, 0x2B, 0x14, 0x26, 0x1D, 0x05, 0x17, 0x07, 0x00, 0x04, 0x00, 0x00, 0x00, 0x66, 0x46, 0x50, 0x5B, 0x3D, 0x47, 0x50, 0x34, 0x3D, 0x44, 0x2B, 0x33, 0x38, 0x20, 0x28,
        0x2C, 0x15, 0x1D, 0x1E, 0x06, 0x0E, 0x07, 0x00, 0x00, 0x00, 0x00, 0x00, 0x67, 0x46, 0x44, 0x5C, 0x3D, 0x3A, 0x51, 0x35, 0x32, 0x45, 0x2B, 0x29, 0x38, 0x22, 0x1F, 0x2B, 0x16, 0x13,
        0x1D, 0x07, 0x03, 0x07, 0x00, 0x00, 0x00, 0x00, 0x00, 0x68, 0x46, 0x39, 0x5C, 0x3D, 0x30, 0x52, 0x35, 0x28, 0x45, 0x2B, 0x20, 0x38, 0x22, 0x16, 0x2B, 0x17, 0x0A, 0x1D, 0x08, 0x00,
        0x06, 0x00, 0x00, 0x00, 0x00, 0x00, 0x65, 0x2D, 0x91, 0x5B, 0x23, 0x81, 0x50, 0x1A, 0x74, 0x45, 0x0F, 0x65, 0x3B, 0x00, 0x56, 0x2E, 0x00, 0x47, 0x1F, 0x00, 0x37, 0x00, 0x00, 0x21,
        0x00, 0x00, 0x00, 0x68, 0x2C, 0x84, 0x5C, 0x24, 0x76, 0x52, 0x1C, 0x69, 0x47, 0x11, 0x5B, 0x3A, 0x03, 0x4D, 0x2E, 0x00, 0x3F, 0x1F, 0x00, 0x30, 0x02, 0x00, 0x1A, 0x00, 0x00, 0x00,
        0x68, 0x2E, 0x79, 0x5D, 0x25, 0x6B, 0x52, 0x1E, 0x60, 0x46, 0x14, 0x53, 0x3A, 0x06, 0x46, 0x2E, 0x00, 0x39, 0x20, 0x00, 0x29, 0x04, 0x00, 0x14, 0x00, 0x00, 0x00, 0x68, 0x30, 0x6E,
        0x5D, 0x28, 0x62, 0x52, 0x1F, 0x57, 0x46, 0x16, 0x4A, 0x3B, 0x09, 0x3E, 0x2D, 0x00, 0x31, 0x1F, 0x00, 0x23, 0x06, 0x00, 0x0D, 0x00, 0x00, 0x00, 0x68, 0x30, 0x63, 0x5C, 0x29, 0x58,
        0x52, 0x20, 0x4D, 0x46, 0x17, 0x41, 0x3A, 0x0B, 0x36, 0x2E, 0x00, 0x2A, 0x20, 0x00, 0x1B, 0x07, 0x00, 0x05, 0x00, 0x00, 0x00, 0x69, 0x32, 0x58, 0x5D, 0x29, 0x4D, 0x52, 0x22, 0x44,
        0x47, 0x18, 0x39, 0x3A, 0x0D, 0x2E, 0x2D, 0x01, 0x23, 0x1F, 0x00, 0x15, 0x07, 0x00, 0x02, 0x00, 0x00, 0x00, 0x69, 0x32, 0x4C, 0x5E, 0x29, 0x42, 0x53, 0x22, 0x39, 0x47, 0x19, 0x2F,
        0x3A, 0x0F, 0x25, 0x2D, 0x02, 0x19, 0x20, 0x00, 0x0B, 0x07, 0x00, 0x00, 0x00, 0x00, 0x00, 0x6A, 0x32, 0x40, 0x5E, 0x2A, 0x37, 0x53, 0x23, 0x2F, 0x47, 0x1A, 0x26, 0x3A, 0x10, 0x1B,
        0x2D, 0x04, 0x11, 0x1F, 0x00, 0x04, 0x07, 0x00, 0x00, 0x00, 0x00, 0x00, 0x6A, 0x33, 0x36, 0x5F, 0x2A, 0x2D, 0x53, 0x23, 0x26, 0x47, 0x1B, 0x1E, 0x3A, 0x10, 0x13, 0x2D, 0x05, 0x07,
        0x1E, 0x00, 0x00, 0x06, 0x00, 0x00, 0x00, 0x00, 0x00, 0x00, 0xB5, 0xF0, 0x00, 0xA2, 0xD8, 0x00, 0x90, 0xC1, 0x00, 0x7E, 0xA8, 0x00, 0x6D, 0x92, 0x00, 0x5B, 0x7B, 0x00, 0x47, 0x62,
        0x00, 0x30, 0x47, 0x00, 0x09, 0x22, 0x00, 0xB3, 0xDA, 0x00, 0xA1, 0xC3, 0x00, 0x90, 0xAE, 0x00, 0x7E, 0x99, 0x00, 0x6C, 0x84, 0x00, 0x5A, 0x6E, 0x00, 0x47, 0x58, 0x00, 0x30, 0x3F,
        0x00, 0x08, 0x1D, 0x00, 0xB2, 0xC5, 0x00, 0x9F, 0xB1, 0x00, 0x8F, 0x9F, 0x00, 0x7D, 0x8B, 0x00, 0x6B, 0x77, 0x00, 0x5A, 0x63, 0x00, 0x47, 0x4F, 0x00, 0x30, 0x37, 0x00, 0x08, 0x16,
        0x00, 0xB1, 0xB1, 0x00, 0x9E, 0x9E, 0x00, 0x8E, 0x8D, 0x00, 0x7C, 0x7B, 0x00, 0x6B, 0x6A, 0x00, 0x59, 0x58, 0x00, 0x47, 0x46, 0x00, 0x30, 0x2F, 0x00, 0x08, 0x0E, 0x00, 0xB0, 0x9D,
        0x00, 0x9E, 0x8D, 0x00, 0x8D, 0x7E, 0x00, 0x7B, 0x6D, 0x00, 0x6A, 0x5D, 0x00, 0x59, 0x4E, 0x00, 0x46, 0x3C, 0x00, 0x2F, 0x27, 0x00, 0x07, 0x05, 0x00, 0xAF, 0x8A, 0x00, 0x9D, 0x7B,
        0x00, 0x8D, 0x6E, 0x00, 0x7B, 0x60, 0x00, 0x69, 0x51, 0x00, 0x58, 0x43, 0x00, 0x46, 0x33, 0x00, 0x30, 0x1E, 0x00, 0x06, 0x00, 0x00, 0xAD, 0x73, 0x00, 0x9B, 0x68, 0x00, 0x8C, 0x5C,
        0x00, 0x7A, 0x50, 0x00, 0x69, 0x43, 0x00, 0x58, 0x37, 0x00, 0x45, 0x28, 0x00, 0x2F, 0x14, 0x00, 0x06, 0x00, 0x00, 0xAD, 0x5E, 0x00, 0x9B, 0x55, 0x00, 0x8B, 0x4B, 0x00, 0x79, 0x40,
        0x00, 0x68, 0x35, 0x00, 0x58, 0x2A, 0x00, 0x46, 0x1C, 0x00, 0x2F, 0x09, 0x00, 0x06, 0x00, 0x00, 0xAD, 0x4C, 0x00, 0x9B, 0x46, 0x00, 0x8A, 0x3D, 0x00, 0x7A, 0x35, 0x00, 0x68, 0x2C,
        0x00, 0x57, 0x20, 0x00, 0x45, 0x12, 0x00, 0x2F, 0x00, 0x00, 0x06, 0x00, 0x00, 0xA4, 0xE2, 0x00, 0x93, 0xCB, 0x00, 0x83, 0xB5, 0x00, 0x72, 0x9E, 0x00, 0x61, 0x88, 0x00, 0x50, 0x73,
        0x00, 0x3F, 0x5C, 0x00, 0x28, 0x41, 0x00, 0x00, 0x1E, 0x00, 0xA2, 0xCD, 0x00, 0x91, 0xB8, 0x00, 0x82, 0xA4, 0x00, 0x72, 0x8F, 0x00, 0x61, 0x7C, 0x00, 0x51, 0x68, 0x00, 0x3F, 0x53,
        0x00, 0x28, 0x3A, 0x00, 0x00, 0x17, 0x00, 0xA2, 0xBB, 0x00, 0x91, 0xA7, 0x00, 0x82, 0x96, 0x00, 0x71, 0x83, 0x00, 0x60, 0x70, 0x00, 0x50, 0x5D, 0x00, 0x3E, 0x4A, 0x00, 0x28, 0x32,
        0x00, 0x00, 0x10, 0x00, 0xA0, 0xA7, 0x00, 0x90, 0x96, 0x00, 0x81, 0x86, 0x00, 0x70, 0x74, 0x00, 0x60, 0x64, 0x00, 0x50, 0x52, 0x00, 0x3E, 0x41, 0x00, 0x28, 0x2B, 0x00, 0x00, 0x07,
        0x00, 0xA0, 0x94, 0x00, 0x8F, 0x85, 0x00, 0x80, 0x76, 0x00, 0x6F, 0x67, 0x00, 0x60, 0x58, 0x00, 0x50, 0x49, 0x00, 0x3E, 0x38, 0x00, 0x28, 0x23, 0x00, 0x00, 0x00, 0x00, 0x9E, 0x82,
        0x00, 0x8E, 0x75, 0x00, 0x7F, 0x68, 0x00, 0x6F, 0x59, 0x00, 0x5F, 0x4C, 0x00, 0x4F, 0x3E, 0x00, 0x3E, 0x2E, 0x00, 0x28, 0x1A, 0x00, 0x00, 0x00, 0x00, 0x9E, 0x6F, 0x00, 0x8D, 0x63,
        0x00, 0x7F, 0x58, 0x00, 0x6F, 0x4C, 0x00, 0x5F, 0x3F, 0x00, 0x4F, 0x33, 0x00, 0x3E, 0x25, 0x00, 0x28, 0x12, 0x00, 0x00, 0x00, 0x00, 0x9E, 0x5B, 0x00, 0x8D, 0x51, 0x00, 0x7E, 0x48,
        0x00, 0x6E, 0x3E, 0x00, 0x5E, 0x32, 0x00, 0x4F, 0x27, 0x00, 0x3E, 0x19, 0x00, 0x28, 0x05, 0x00, 0x00, 0x00, 0x00, 0x9D, 0x4A, 0x00, 0x8D, 0x42, 0x00, 0x7E, 0x3B, 0x00, 0x6E, 0x31,
        0x00, 0x5E, 0x28, 0x00, 0x4E, 0x1D, 0x00, 0x3D, 0x0F, 0x00, 0x28, 0x00, 0x00, 0x00, 0x00, 0x00, 0x94, 0xD6, 0x00, 0x85, 0xC0, 0x00, 0x77, 0xAB, 0x00, 0x67, 0x96, 0x00, 0x57, 0x81,
        0x00, 0x48, 0x6C, 0x00, 0x37, 0x56, 0x00, 0x20, 0x3D, 0x00, 0x00, 0x19, 0x00, 0x93, 0xC1, 0x00, 0x84, 0xAD, 0x00, 0x76, 0x9B, 0x00, 0x67, 0x88, 0x00, 0x57, 0x74, 0x00, 0x48, 0x62,
        0x00, 0x37, 0x4E, 0x00, 0x20, 0x35, 0x00, 0x00, 0x11, 0x00, 0x93, 0xB0, 0x00, 0x84, 0x9E, 0x00, 0x76, 0x8E, 0x00, 0x66, 0x7C, 0x00, 0x57, 0x6A, 0x00, 0x48, 0x58, 0x00, 0x37, 0x45,
        0x00, 0x21, 0x2E, 0x00, 0x00, 0x09, 0x00, 0x92, 0x9F, 0x00, 0x83, 0x8E, 0x00, 0x75, 0x7F, 0x00, 0x66, 0x6F, 0x00, 0x57, 0x5F, 0x00, 0x47, 0x4F, 0x00, 0x37, 0x3D, 0x00, 0x21, 0x27,
        0x00, 0x00, 0x02, 0x00, 0x91, 0x8C, 0x00, 0x82, 0x7E, 0x00, 0x75, 0x70, 0x00, 0x65, 0x62, 0x00, 0x56, 0x53, 0x00, 0x47, 0x44, 0x00, 0x37, 0x34, 0x00, 0x21, 0x1F, 0x00, 0x00, 0x00,
        0x00, 0x90, 0x7C, 0x00, 0x82, 0x6F, 0x00, 0x74, 0x63, 0x00, 0x65, 0x54, 0x00, 0x56, 0x48, 0x00, 0x47, 0x3B, 0x00, 0x37, 0x2B, 0x00, 0x21, 0x17, 0x00, 0x00, 0x00, 0x00, 0x90, 0x6A,
        0x00, 0x81, 0x5E, 0x00, 0x73, 0x53, 0x00, 0x65, 0x48, 0x00, 0x55, 0x3C, 0x00, 0x47, 0x30, 0x00, 0x37, 0x22, 0x00, 0x21, 0x0E, 0x00, 0x00, 0x00, 0x03, 0x8F, 0x56, 0x00, 0x81, 0x4D,
        0x00, 0x73, 0x44, 0x00, 0x64, 0x3A, 0x00, 0x55, 0x30, 0x00, 0x46, 0x24, 0x00, 0x36, 0x16, 0x00, 0x21, 0x03, 0x00, 0x00, 0x00, 0x12, 0x8F, 0x48, 0x0D, 0x80, 0x3F, 0x00, 0x73, 0x39,
        0x00, 0x64, 0x2F, 0x00, 0x55, 0x25, 0x00, 0x46, 0x1A, 0x00, 0x36, 0x0D, 0x00, 0x21, 0x00, 0x00, 0x00, 0x00, 0x00, 0x84, 0xC8, 0x00, 0x76, 0xB3, 0x00, 0x69, 0xA1, 0x00, 0x5B, 0x8C,
        0x00, 0x4C, 0x79, 0x00, 0x3E, 0x65, 0x00, 0x2E, 0x51, 0x00, 0x18, 0x38, 0x00, 0x00, 0x13, 0x00, 0x83, 0xB6, 0x00, 0x76, 0xA3, 0x00, 0x69, 0x92, 0x00, 0x5B, 0x80, 0x00, 0x4D, 0x6E,
        0x00, 0x3E, 0x5B, 0x00, 0x2E, 0x48, 0x00, 0x19, 0x30, 0x00, 0x00, 0x0B, 0x00, 0x83, 0xA5, 0x00, 0x75, 0x95, 0x00, 0x68, 0x85, 0x00, 0x5B, 0x74, 0x00, 0x4D, 0x63, 0x00, 0x3E, 0x52,
        0x00, 0x2E, 0x40, 0x00, 0x19, 0x29, 0x00, 0x00, 0x04, 0x00, 0x83, 0x95, 0x00, 0x74, 0x86, 0x00, 0x68, 0x77, 0x00, 0x5B, 0x68, 0x00, 0x4D, 0x59, 0x00, 0x3E, 0x49, 0x00, 0x2E, 0x38,
        0x00, 0x19, 0x22, 0x00, 0x00, 0x00, 0x0A, 0x82, 0x85, 0x02, 0x74, 0x77, 0x00, 0x68, 0x6A, 0x00, 0x5A, 0x5B, 0x00, 0x4C, 0x4E, 0x00, 0x3E, 0x40, 0x00, 0x2E, 0x30, 0x00, 0x1A, 0x1B,
        0x00, 0x00, 0x00, 0x17, 0x82, 0x76, 0x14, 0x74, 0x68, 0x0D, 0x67, 0x5D, 0x03, 0x59, 0x4F, 0x00, 0x4C, 0x43, 0x00, 0x3E, 0x36, 0x00, 0x2E, 0x27, 0x00, 0x1A, 0x13, 0x00, 0x00, 0x00,
        0x21, 0x81, 0x65, 0x1B, 0x73, 0x59, 0x13, 0x67, 0x4F, 0x09, 0x59, 0x43, 0x00, 0x4B, 0x38, 0x00, 0x3D, 0x2B, 0x00, 0x2E, 0x1D, 0x00, 0x1A, 0x0A, 0x00, 0x00, 0x00, 0x29, 0x80, 0x53,
        0x23, 0x73, 0x49, 0x1B, 0x66, 0x40, 0x0F, 0x59, 0x37, 0x00, 0x4C, 0x2D, 0x00, 0x3E, 0x21, 0x00, 0x2E, 0x12, 0x00, 0x1A, 0x00, 0x00, 0x00, 0x00, 0x2B, 0x81, 0x45, 0x26, 0x73, 0x3D,
        0x1E, 0x66, 0x36, 0x11, 0x59, 0x2D, 0x02, 0x4B, 0x22, 0x00, 0x3D, 0x17, 0x00, 0x2E, 0x09, 0x00, 0x1A, 0x00, 0x00, 0x00, 0x00, 0x01, 0x74, 0xBC, 0x01, 0x68, 0xA8, 0x00, 0x5C, 0x97,
        0x00, 0x4F, 0x84, 0x00, 0x42, 0x71, 0x00, 0x34, 0x5E, 0x00, 0x24, 0x4B, 0x00, 0x0E, 0x34, 0x00, 0x00, 0x0E, 0x11, 0x74, 0xAB, 0x10, 0x68, 0x99, 0x0E, 0x5C, 0x89, 0x08, 0x4F, 0x77,
        0x00, 0x43, 0x66, 0x00, 0x35, 0x55, 0x00, 0x25, 0x43, 0x00, 0x10, 0x2C, 0x00, 0x00, 0x04, 0x1F, 0x74, 0x9B, 0x1B, 0x68, 0x8C, 0x15, 0x5C, 0x7D, 0x0D, 0x4F, 0x6D, 0x03, 0x42, 0x5D,
        0x00, 0x35, 0x4D, 0x00, 0x25, 0x3B, 0x00, 0x10, 0x26, 0x00, 0x00, 0x00, 0x25, 0x73, 0x8D, 0x1E, 0x67, 0x7E, 0x1A, 0x5C, 0x70, 0x10, 0x4F, 0x62, 0x05, 0x42, 0x53, 0x00, 0x35, 0x43,
        0x00, 0x26, 0x33, 0x00, 0x11, 0x1F, 0x00, 0x00, 0x00, 0x29, 0x73, 0x7E, 0x25, 0x67, 0x70, 0x1F, 0x5C, 0x64, 0x16, 0x4F, 0x56, 0x0A, 0x42, 0x48, 0x00, 0x35, 0x3B, 0x00, 0x26, 0x2C,
        0x00, 0x11, 0x17, 0x00, 0x00, 0x00, 0x30, 0x73, 0x6F, 0x29, 0x66, 0x63, 0x22, 0x5B, 0x58, 0x18, 0x4E, 0x4C, 0x0E, 0x42, 0x3F, 0x00, 0x35, 0x32, 0x00, 0x26, 0x24, 0x00, 0x12, 0x0F,
        0x00, 0x00, 0x00, 0x33, 0x73, 0x5F, 0x2E, 0x66, 0x55, 0x25, 0x5B, 0x4A, 0x1A, 0x4E, 0x3F, 0x10, 0x42, 0x34, 0x00, 0x35, 0x28, 0x00, 0x26, 0x1A, 0x00, 0x12, 0x05, 0x00, 0x00, 0x00,
        0x37, 0x72, 0x50, 0x2F, 0x66, 0x45, 0x28, 0x5A, 0x3C, 0x1E, 0x4E, 0x33, 0x13, 0x42, 0x29, 0x03, 0x35, 0x1D, 0x00, 0x26, 0x0F, 0x00, 0x11, 0x00, 0x00, 0x00, 0x00, 0x38, 0x72, 0x42,
        0x32, 0x66, 0x3A, 0x28, 0x5B, 0x32, 0x20, 0x4E, 0x29, 0x12, 0x42, 0x20, 0x04, 0x35, 0x15, 0x00, 0x26, 0x05, 0x00, 0x11, 0x00, 0x00, 0x00, 0x00, 0x27, 0x66, 0xB2, 0x25, 0x5A, 0x9F,
        0x1E, 0x4F, 0x8E, 0x15, 0x44, 0x7C, 0x0E, 0x37, 0x6A, 0x00, 0x2A, 0x59, 0x00, 0x1A, 0x46, 0x00, 0x04, 0x2E, 0x00, 0x00, 0x08, 0x30, 0x66, 0xA1, 0x2A, 0x5A, 0x91, 0x23, 0x4F, 0x80,
        0x1A, 0x44, 0x70, 0x13, 0x37, 0x60, 0x03, 0x2B, 0x4F, 0x00, 0x1B, 0x3E, 0x00, 0x06, 0x28, 0x00, 0x00, 0x00, 0x32, 0x66, 0x93, 0x2C, 0x5A, 0x84, 0x25, 0x4F, 0x76, 0x1E, 0x44, 0x66,
        0x14, 0x38, 0x57, 0x07, 0x2B, 0x48, 0x00, 0x1C, 0x37, 0x00, 0x06, 0x22, 0x00, 0x00, 0x00, 0x35, 0x65, 0x85, 0x2F, 0x5A, 0x76, 0x29, 0x4F, 0x6A, 0x20, 0x44, 0x5B, 0x15, 0x38, 0x4E,
        0x09, 0x2B, 0x3F, 0x00, 0x1C, 0x2F, 0x00, 0x06, 0x1A, 0x00, 0x00, 0x00, 0x39, 0x65, 0x77, 0x32, 0x59, 0x6A, 0x2A, 0x4F, 0x5E, 0x22, 0x43, 0x51, 0x18, 0x38, 0x44, 0x09, 0x2C, 0x37,
        0x00, 0x1D, 0x28, 0x00, 0x06, 0x13, 0x00, 0x00, 0x00, 0x3C, 0x64, 0x69, 0x32, 0x5A, 0x5E, 0x2D, 0x50, 0x53, 0x24, 0x44, 0x47, 0x18, 0x38, 0x3B, 0x0B, 0x2C, 0x2E, 0x00, 0x1D, 0x20,
        0x00, 0x07, 0x0C, 0x00, 0x00, 0x00, 0x3F, 0x65, 0x5B, 0x37, 0x5A, 0x50, 0x2E, 0x4F, 0x46, 0x25, 0x44, 0x3B, 0x1A, 0x38, 0x31, 0x0C, 0x2C, 0x25, 0x01, 0x1D, 0x17, 0x00, 0x07, 0x03,
        0x00, 0x00, 0x00, 0x40, 0x65, 0x4B, 0x38, 0x59, 0x43, 0x30, 0x4F, 0x39, 0x25, 0x44, 0x30, 0x1B, 0x38, 0x25, 0x0F, 0x2C, 0x1A, 0x00, 0x1D, 0x0C, 0x00, 0x07, 0x00, 0x00, 0x00, 0x00,
        0x42, 0x65, 0x40, 0x3A, 0x59, 0x37, 0x31, 0x4F, 0x2F, 0x27, 0x44, 0x26, 0x1B, 0x38, 0x1D, 0x0E, 0x2C, 0x12, 0x01, 0x1E, 0x02, 0x00, 0x07, 0x00, 0x00, 0x00, 0x00, 0x39, 0x56, 0xA5,
        0x33, 0x4B, 0x94, 0x2D, 0x41, 0x85, 0x26, 0x36, 0x74, 0x1C, 0x2B, 0x64, 0x10, 0x1D, 0x53, 0x00, 0x0D, 0x40, 0x00, 0x00, 0x2A, 0x00, 0x00, 0x03, 0x3C, 0x56, 0x97, 0x37, 0x4B, 0x87,
        0x2F, 0x42, 0x79, 0x27, 0x37, 0x69, 0x1E, 0x2C, 0x5A, 0x12, 0x1F, 0x4A, 0x03, 0x10, 0x39, 0x00, 0x01, 0x23, 0x00, 0x00, 0x00, 0x3E, 0x56, 0x8B, 0x38, 0x4B, 0x7B, 0x31, 0x42, 0x6E,
        0x28, 0x37, 0x5F, 0x1E, 0x2C, 0x51, 0x13, 0x1F, 0x42, 0x04, 0x11, 0x33, 0x00, 0x01, 0x1D, 0x00, 0x00, 0x00, 0x41, 0x56, 0x7D, 0x38, 0x4C, 0x70, 0x31, 0x42, 0x63, 0x27, 0x37, 0x56,
        0x1F, 0x2C, 0x48, 0x13, 0x20, 0x3B, 0x05, 0x12, 0x2C, 0x00, 0x01, 0x17, 0x00, 0x00, 0x00, 0x43, 0x56, 0x71, 0x3A, 0x4B, 0x64, 0x33, 0x42, 0x58, 0x29, 0x38, 0x4D, 0x1F, 0x2D, 0x40,
        0x14, 0x20, 0x33, 0x06, 0x12, 0x23, 0x00, 0x01, 0x0E, 0x00, 0x00, 0x00, 0x45, 0x56, 0x63, 0x3D, 0x4C, 0x58, 0x34, 0x42, 0x4E, 0x2B, 0x38, 0x42, 0x20, 0x2D, 0x37, 0x14, 0x21, 0x2A,
        0x07, 0x13, 0x1B, 0x00, 0x01, 0x06, 0x00, 0x00, 0x00, 0x45, 0x56, 0x56, 0x3D, 0x4C, 0x4B, 0x35, 0x43, 0x42, 0x2B, 0x38, 0x37, 0x21, 0x2D, 0x2D, 0x15, 0x22, 0x22, 0x08, 0x14, 0x14,
        0x00, 0x02, 0x02, 0x00, 0x00, 0x00, 0x47, 0x56, 0x48, 0x3F, 0x4B, 0x3E, 0x36, 0x42, 0x37, 0x2D, 0x38, 0x2D, 0x21, 0x2D, 0x23, 0x16, 0x22, 0x17, 0x07, 0x14, 0x08, 0x00, 0x02, 0x00,
        0x00, 0x00, 0x00, 0x47, 0x56, 0x3E, 0x40, 0x4B, 0x35, 0x37, 0x42, 0x2E, 0x2D, 0x38, 0x24, 0x21, 0x2E, 0x1B, 0x16, 0x22, 0x0F, 0x08, 0x14, 0x00, 0x00, 0x02, 0x00, 0x00, 0x00, 0x00,
        0x45, 0x43, 0x9C, 0x3D, 0x3A, 0x8C, 0x35, 0x32, 0x7D, 0x2D, 0x27, 0x6C, 0x23, 0x1C, 0x5D, 0x19, 0x0C, 0x4D, 0x0C, 0x00, 0x3B, 0x00, 0x00, 0x25, 0x00, 0x00, 0x00, 0x47, 0x44, 0x8E,
        0x3F, 0x3B, 0x7E, 0x38, 0x32, 0x72, 0x2F, 0x28, 0x62, 0x25, 0x1C, 0x54, 0x1A, 0x0F, 0x44, 0x0C, 0x00, 0x35, 0x00, 0x00, 0x1E, 0x00, 0x00, 0x00, 0x48, 0x44, 0x82, 0x3F, 0x3B, 0x74,
        0x38, 0x32, 0x68, 0x2F, 0x28, 0x5A, 0x26, 0x1E, 0x4B, 0x1B, 0x10, 0x3D, 0x0D, 0x00, 0x2E, 0x00, 0x00, 0x18, 0x00, 0x00, 0x00, 0x49, 0x45, 0x76, 0x41, 0x3B, 0x69, 0x39, 0x33, 0x5C,
        0x2F, 0x29, 0x50, 0x25, 0x1E, 0x43, 0x1A, 0x12, 0x35, 0x0E, 0x01, 0x27, 0x00, 0x00, 0x12, 0x00, 0x00, 0x00, 0x4A, 0x45, 0x6A, 0x41, 0x3C, 0x5D, 0x39, 0x33, 0x52, 0x30, 0x29, 0x46,
        0x26, 0x1F, 0x3B, 0x1A, 0x13, 0x2E, 0x0D, 0x02, 0x20, 0x00, 0x00, 0x0A, 0x00, 0x00, 0x00, 0x4C, 0x45, 0x5F, 0x42, 0x3D, 0x54, 0x3A, 0x34, 0x49, 0x30, 0x2A, 0x3D, 0x25, 0x20, 0x32,
        0x1A, 0x14, 0x26, 0x0E, 0x04, 0x18, 0x00, 0x00, 0x04, 0x00, 0x00, 0x00, 0x4C, 0x45, 0x51, 0x44, 0x3C, 0x48, 0x3A, 0x34, 0x3E, 0x30, 0x2A, 0x33, 0x26, 0x20, 0x29, 0x1B, 0x15, 0x1E,
        0x0E, 0x04, 0x10, 0x00, 0x00, 0x01, 0x00, 0x00, 0x00, 0x4C, 0x45, 0x44, 0x44, 0x3D, 0x3C, 0x3C, 0x34, 0x33, 0x31, 0x2B, 0x29, 0x26, 0x21, 0x20, 0x1B, 0x15, 0x14, 0x0E, 0x05, 0x05,
        0x00, 0x00, 0x00, 0x00, 0x00, 0x00, 0x4E, 0x46, 0x3B, 0x45, 0x3D, 0x32, 0x3C, 0x34, 0x2A, 0x31, 0x2B, 0x22, 0x27, 0x21, 0x18, 0x1B, 0x16, 0x0D, 0x0E, 0x07, 0x01, 0x00, 0x00, 0x00,
        0x00, 0x00, 0x00, 0x4B, 0x2E, 0x92, 0x44, 0x26, 0x83, 0x3C, 0x1E, 0x75, 0x32, 0x13, 0x66, 0x29, 0x04, 0x57, 0x1D, 0x00, 0x48, 0x0D, 0x00, 0x37, 0x00, 0x00, 0x21, 0x00, 0x00, 0x00,
        0x4E, 0x2F, 0x84, 0x46, 0x27, 0x77, 0x3D, 0x1E, 0x69, 0x35, 0x14, 0x5C, 0x2A, 0x05, 0x4E, 0x1E, 0x00, 0x40, 0x0D, 0x00, 0x31, 0x00, 0x00, 0x1B, 0x00, 0x00, 0x00, 0x4F, 0x30, 0x7A,
        0x46, 0x28, 0x6C, 0x3E, 0x20, 0x60, 0x34, 0x16, 0x54, 0x2A, 0x09, 0x47, 0x1E, 0x00, 0x3A, 0x0E, 0x00, 0x2A, 0x00, 0x00, 0x14, 0x00, 0x00, 0x00, 0x4F, 0x32, 0x6F, 0x46, 0x2A, 0x63,
        0x3E, 0x21, 0x58, 0x34, 0x17, 0x4A, 0x29, 0x0B, 0x3F, 0x1D, 0x00, 0x32, 0x0E, 0x00, 0x24, 0x00, 0x00, 0x0E, 0x00, 0x00, 0x00, 0x50, 0x32, 0x63, 0x46, 0x2A, 0x59, 0x3D, 0x22, 0x4E,
        0x34, 0x19, 0x43, 0x29, 0x0E, 0x37, 0x1E, 0x00, 0x2A, 0x0F, 0x00, 0x1C, 0x00, 0x00, 0x06, 0x00, 0x00, 0x00, 0x51, 0x33, 0x59, 0x47, 0x2B, 0x4E, 0x3E, 0x23, 0x45, 0x34, 0x19, 0x3A,
        0x2A, 0x0F, 0x2F, 0x1E, 0x03, 0x24, 0x0F, 0x00, 0x16, 0x00, 0x00, 0x03, 0x00, 0x00, 0x00, 0x51, 0x33, 0x4D, 0x47, 0x2C, 0x44, 0x3F, 0x24, 0x3B, 0x35, 0x1A, 0x31, 0x29, 0x10, 0x26,
        0x1F, 0x04, 0x1B, 0x10, 0x00, 0x0C, 0x00, 0x00, 0x00, 0x00, 0x00, 0x00, 0x51, 0x34, 0x41, 0x48, 0x2B, 0x38, 0x3F, 0x24, 0x30, 0x35, 0x1B, 0x27, 0x29, 0x11, 0x1D, 0x1E, 0x04, 0x12,
        0x0E, 0x00, 0x03, 0x00, 0x00, 0x00, 0x00, 0x00, 0x00, 0x51, 0x34, 0x37, 0x49, 0x2C, 0x2F, 0x40, 0x24, 0x27, 0x35, 0x1C, 0x20, 0x2A, 0x12, 0x15, 0x1F, 0x06, 0x09, 0x0E, 0x00, 0x00,
        0x00, 0x00, 0x00, 0x00, 0x00, 0x00, 0x00, 0xAE, 0xEF, 0x00, 0x9C, 0xD6, 0x00, 0x8B, 0xC0, 0x00, 0x79, 0xA8, 0x00, 0x69, 0x91, 0x00, 0x57, 0x7B, 0x00, 0x44, 0x62, 0x00, 0x2E, 0x46,
        0x00, 0x03, 0x23, 0x00, 0xAC, 0xD9, 0x00, 0x9B, 0xC2, 0x00, 0x8B, 0xAD, 0x00, 0x79, 0x98, 0x00, 0x68, 0x82, 0x00, 0x57, 0x6E, 0x00, 0x45, 0x58, 0x00, 0x2E, 0x3F, 0x00, 0x04, 0x1C,
        0x00, 0xAB, 0xC5, 0x00, 0x99, 0xAF, 0x00, 0x8A, 0x9E, 0x00, 0x79, 0x8B, 0x00, 0x67, 0x76, 0x00, 0x56, 0x64, 0x00, 0x44, 0x4F, 0x00, 0x2E, 0x37, 0x00, 0x04, 0x16, 0x00, 0xAA, 0xB1,
        0x00, 0x98, 0x9E, 0x00, 0x88, 0x8D, 0x00, 0x77, 0x7C, 0x00, 0x67, 0x6A, 0x00, 0x56, 0x58, 0x00, 0x44, 0x46, 0x00, 0x2D, 0x2F, 0x00, 0x03, 0x0E, 0x00, 0xA9, 0x9D, 0x00, 0x98, 0x8D,
        0x00, 0x88, 0x7E, 0x00, 0x77, 0x6D, 0x00, 0x66, 0x5E, 0x00, 0x56, 0x4E, 0x00, 0x44, 0x3C, 0x00, 0x2E, 0x27, 0x00, 0x03, 0x05, 0x00, 0xA7, 0x8A, 0x00, 0x96, 0x7C, 0x00, 0x87, 0x6F,
        0x00, 0x76, 0x61, 0x00, 0x66, 0x52, 0x00, 0x55, 0x44, 0x00, 0x44, 0x34, 0x00, 0x2E, 0x1F, 0x00, 0x03, 0x00, 0x00, 0xA7, 0x76, 0x00, 0x96, 0x68, 0x00, 0x87, 0x5E, 0x00, 0x76, 0x51,
        0x00, 0x65, 0x45, 0x00, 0x54, 0x38, 0x00, 0x43, 0x29, 0x00, 0x2D, 0x15, 0x00, 0x03, 0x00, 0x00, 0xA6, 0x61, 0x00, 0x95, 0x57, 0x00, 0x86, 0x4D, 0x00, 0x75, 0x43, 0x00, 0x65, 0x38,
        0x00, 0x55, 0x2C, 0x00, 0x43, 0x1E, 0x00, 0x2D, 0x0A, 0x00, 0x03, 0x00, 0x00, 0xA5, 0x4F, 0x00, 0x95, 0x49, 0x00, 0x85, 0x40, 0x00, 0x75, 0x38, 0x00, 0x65, 0x2E, 0x00, 0x55, 0x22,
        0x00, 0x44, 0x15, 0x00, 0x2E, 0x01, 0x00, 0x03, 0x00, 0x00, 0x9E, 0xE1, 0x00, 0x8D, 0xC9, 0x00, 0x7E, 0xB4, 0x00, 0x6D, 0x9E, 0x00, 0x5E, 0x88, 0x00, 0x4E, 0x72, 0x00, 0x3C, 0x5B,
        0x00, 0x26, 0x42, 0x00, 0x00, 0x1E, 0x00, 0x9C, 0xCB, 0x00, 0x8C, 0xB7, 0x00, 0x7D, 0xA4, 0x00, 0x6D, 0x8F, 0x00, 0x5E, 0x7C, 0x00, 0x4E, 0x68, 0x00, 0x3D, 0x53, 0x00, 0x26, 0x39,
        0x00, 0x00, 0x17, 0x00, 0x9C, 0xBA, 0x00, 0x8C, 0xA6, 0x00, 0x7D, 0x96, 0x00, 0x6D, 0x82, 0x00, 0x5D, 0x6F, 0x00, 0x4D, 0x5D, 0x00, 0x3C, 0x4A, 0x00, 0x26, 0x32, 0x00, 0x00, 0x11,
        0x00, 0x9B, 0xA7, 0x00, 0x8A, 0x95, 0x00, 0x7C, 0x86, 0x00, 0x6D, 0x75, 0x00, 0x5D, 0x64, 0x00, 0x4C, 0x53, 0x00, 0x3C, 0x41, 0x00, 0x26, 0x2B, 0x00, 0x00, 0x09, 0x00, 0x99, 0x93,
        0x00, 0x8A, 0x86, 0x00, 0x7C, 0x78, 0x00, 0x6B, 0x67, 0x00, 0x5C, 0x58, 0x00, 0x4D, 0x49, 0x00, 0x3C, 0x38, 0x00, 0x26, 0x23, 0x00, 0x00, 0x00, 0x00, 0x99, 0x83, 0x00, 0x89, 0x76,
        0x00, 0x7A, 0x69, 0x00, 0x6B, 0x5A, 0x00, 0x5B, 0x4C, 0x00, 0x4C, 0x3F, 0x00, 0x3C, 0x2F, 0x00, 0x27, 0x1C, 0x00, 0x00, 0x00, 0x00, 0x99, 0x6F, 0x00, 0x88, 0x64, 0x00, 0x7B, 0x5A,
        0x00, 0x6B, 0x4D, 0x00, 0x5C, 0x41, 0x00, 0x4C, 0x34, 0x00, 0x3C, 0x25, 0x00, 0x26, 0x12, 0x00, 0x00, 0x00, 0x00, 0x98, 0x5D, 0x00, 0x88, 0x52, 0x00, 0x7A, 0x4A, 0x00, 0x6A, 0x3F,
        0x00, 0x5B, 0x34, 0x00, 0x4C, 0x28, 0x00, 0x3B, 0x1A, 0x00, 0x26, 0x06, 0x00, 0x00, 0x00, 0x00, 0x97, 0x4E, 0x00, 0x88, 0x45, 0x00, 0x79, 0x3D, 0x00, 0x6A, 0x34, 0x00, 0x5B, 0x2B,
        0x00, 0x4C, 0x20, 0x00, 0x3B, 0x11, 0x00, 0x26, 0x00, 0x00, 0x00, 0x00, 0x00, 0x8F, 0xD5, 0x00, 0x80, 0xBF, 0x00, 0x73, 0xAB, 0x00, 0x64, 0x95, 0x00, 0x54, 0x80, 0x00, 0x45, 0x6C,
        0x00, 0x34, 0x56, 0x00, 0x1E, 0x3D, 0x00, 0x00, 0x19, 0x00, 0x8E, 0xC1, 0x00, 0x7F, 0xAD, 0x00, 0x72, 0x9A, 0x00, 0x63, 0x86, 0x00, 0x54, 0x74, 0x00, 0x45, 0x62, 0x00, 0x34, 0x4D,
        0x00, 0x1F, 0x35, 0x00, 0x00, 0x12, 0x00, 0x8D, 0xB0, 0x00, 0x7F, 0x9E, 0x00, 0x72, 0x8D, 0x00, 0x62, 0x7A, 0x00, 0x54, 0x69, 0x00, 0x45, 0x58, 0x00, 0x35, 0x45, 0x00, 0x1F, 0x2E,
        0x00, 0x00, 0x09, 0x00, 0x8D, 0x9F, 0x00, 0x7E, 0x8E, 0x00, 0x71, 0x7F, 0x00, 0x62, 0x6E, 0x00, 0x53, 0x5F, 0x00, 0x45, 0x4E, 0x00, 0x35, 0x3C, 0x00, 0x20, 0x27, 0x00, 0x00, 0x02,
        0x00, 0x8C, 0x8C, 0x00, 0x7E, 0x7E, 0x00, 0x70, 0x70, 0x00, 0x62, 0x62, 0x00, 0x53, 0x53, 0x00, 0x44, 0x45, 0x00, 0x34, 0x34, 0x00, 0x1F, 0x1F, 0x00, 0x00, 0x00, 0x00, 0x8C, 0x7C,
        0x00, 0x7D, 0x70, 0x00, 0x70, 0x64, 0x00, 0x61, 0x56, 0x00, 0x53, 0x48, 0x00, 0x44, 0x3B, 0x00, 0x34, 0x2C, 0x00, 0x1F, 0x17, 0x00, 0x00, 0x00, 0x00, 0x8B, 0x6A, 0x00, 0x7D, 0x60,
        0x00, 0x6F, 0x55, 0x00, 0x61, 0x48, 0x00, 0x53, 0x3E, 0x00, 0x44, 0x31, 0x00, 0x34, 0x23, 0x00, 0x1F, 0x0F, 0x00, 0x00, 0x00, 0x00, 0x8A, 0x58, 0x00, 0x7C, 0x4F, 0x00, 0x6F, 0x46,
        0x00, 0x60, 0x3B, 0x00, 0x52, 0x30, 0x00, 0x44, 0x26, 0x00, 0x34, 0x18, 0x00, 0x1F, 0x04, 0x00, 0x00, 0x00, 0x00, 0x8B, 0x4C, 0x00, 0x7C, 0x42, 0x00, 0x6F, 0x3A, 0x00, 0x60, 0x32,
        0x00, 0x52, 0x28, 0x00, 0x44, 0x1D, 0x00, 0x34, 0x0F, 0x00, 0x1F, 0x00, 0x00, 0x00, 0x00, 0x00, 0x81, 0xC8, 0x00, 0x72, 0xB3, 0x00, 0x66, 0xA0, 0x00, 0x57, 0x8B, 0x00, 0x4A, 0x78,
        0x00, 0x3C, 0x65, 0x00, 0x2C, 0x51, 0x00, 0x16, 0x38, 0x00, 0x00, 0x13, 0x00, 0x7F, 0xB5, 0x00, 0x72, 0xA3, 0x00, 0x66, 0x92, 0x00, 0x58, 0x7F, 0x00, 0x4A, 0x6D, 0x00, 0x3C, 0x5B,
        0x00, 0x2C, 0x48, 0x00, 0x17, 0x30, 0x00, 0x00, 0x0B, 0x00, 0x7F, 0xA6, 0x00, 0x71, 0x94, 0x00, 0x65, 0x85, 0x00, 0x57, 0x73, 0x00, 0x4A, 0x63, 0x00, 0x3C, 0x52, 0x00, 0x2C, 0x40,
        0x00, 0x17, 0x2A, 0x00, 0x00, 0x04, 0x00, 0x7F, 0x96, 0x00, 0x71, 0x86, 0x00, 0x65, 0x77, 0x00, 0x57, 0x68, 0x00, 0x4A, 0x59, 0x00, 0x3C, 0x49, 0x00, 0x2C, 0x38, 0x00, 0x17, 0x23,
        0x00, 0x00, 0x00, 0x00, 0x7D, 0x86, 0x00, 0x70, 0x76, 0x00, 0x64, 0x6A, 0x00, 0x57, 0x5C, 0x00, 0x49, 0x4E, 0x00, 0x3C, 0x40, 0x00, 0x2C, 0x30, 0x00, 0x17, 0x1B, 0x00, 0x00, 0x00,
        0x00, 0x7D, 0x76, 0x00, 0x70, 0x69, 0x00, 0x64, 0x5E, 0x00, 0x56, 0x50, 0x00, 0x49, 0x44, 0x00, 0x3C, 0x36, 0x00, 0x2C, 0x27, 0x00, 0x17, 0x14, 0x00, 0x00, 0x00, 0x00, 0x7D, 0x65,
        0x00, 0x6F, 0x5A, 0x00, 0x63, 0x50, 0x00, 0x56, 0x45, 0x00, 0x49, 0x3A, 0x00, 0x3B, 0x2D, 0x00, 0x2C, 0x1E, 0x00, 0x17, 0x0B, 0x00, 0x00, 0x00, 0x00, 0x7C, 0x55, 0x00, 0x6F, 0x4B,
        0x00, 0x63, 0x42, 0x00, 0x56, 0x38, 0x00, 0x49, 0x2D, 0x00, 0x3B, 0x22, 0x00, 0x2C, 0x14, 0x00, 0x17, 0x01, 0x00, 0x00, 0x00, 0x00, 0x7D, 0x48, 0x00, 0x6F, 0x3E, 0x00, 0x63, 0x38,
        0x00, 0x56, 0x2E, 0x00, 0x49, 0x24, 0x00, 0x3C, 0x1A, 0x00, 0x2C, 0x0C, 0x00, 0x17, 0x00, 0x00, 0x00, 0x00, 0x00, 0x72, 0xBC, 0x00, 0x65, 0xA7, 0x00, 0x59, 0x96, 0x00, 0x4D, 0x83,
        0x00, 0x40, 0x71, 0x00, 0x32, 0x5F, 0x00, 0x22, 0x4B, 0x00, 0x0C, 0x34, 0x00, 0x00, 0x0E, 0x00, 0x71, 0xAA, 0x00, 0x65, 0x99, 0x00, 0x59, 0x89, 0x00, 0x4D, 0x78, 0x00, 0x40, 0x66,
        0x00, 0x32, 0x55, 0x00, 0x23, 0x43, 0x00, 0x0C, 0x2C, 0x00, 0x00, 0x04, 0x00, 0x71, 0x9C, 0x00, 0x64, 0x8B, 0x00, 0x59, 0x7D, 0x00, 0x4D, 0x6D, 0x00, 0x40, 0x5C, 0x00, 0x33, 0x4D,
        0x00, 0x23, 0x3C, 0x00, 0x0C, 0x26, 0x00, 0x00, 0x00, 0x00, 0x70, 0x8D, 0x00, 0x64, 0x7E, 0x00, 0x59, 0x71, 0x00, 0x4D, 0x62, 0x00, 0x40, 0x53, 0x00, 0x33, 0x44, 0x00, 0x23, 0x33,
        0x00, 0x0C, 0x1E, 0x00, 0x00, 0x00, 0x00, 0x70, 0x7F, 0x00, 0x64, 0x70, 0x00, 0x59, 0x64, 0x00, 0x4C, 0x57, 0x00, 0x40, 0x4A, 0x00, 0x33, 0x3B, 0x00, 0x23, 0x2C, 0x00, 0x0D, 0x18,
        0x00, 0x00, 0x00, 0x00, 0x70, 0x6F, 0x00, 0x64, 0x64, 0x00, 0x58, 0x58, 0x00, 0x4C, 0x4C, 0x00, 0x40, 0x40, 0x00, 0x33, 0x34, 0x00, 0x24, 0x25, 0x00, 0x0D, 0x11, 0x00, 0x00, 0x00,
        0x00, 0x6F, 0x60, 0x00, 0x63, 0x55, 0x00, 0x58, 0x4C, 0x00, 0x4C, 0x40, 0x00, 0x40, 0x35, 0x00, 0x33, 0x29, 0x00, 0x24, 0x1B, 0x00, 0x0D, 0x06, 0x00, 0x00, 0x00, 0x00, 0x6F, 0x51,
        0x00, 0x63, 0x47, 0x00, 0x58, 0x3E, 0x00, 0x4C, 0x34, 0x00, 0x40, 0x2B, 0x00, 0x33, 0x1F, 0x00, 0x24, 0x11, 0x00, 0x0D, 0x00, 0x00, 0x00, 0x00, 0x00, 0x6F, 0x45, 0x00, 0x63, 0x3C,
        0x00, 0x58, 0x34, 0x00, 0x4B, 0x2B, 0x00, 0x3F, 0x22, 0x00, 0x33, 0x15, 0x00, 0x24, 0x07, 0x00, 0x0D, 0x00, 0x00, 0x00, 0x00, 0x00, 0x63, 0xB1, 0x00, 0x58, 0x9E, 0x00, 0x4D, 0x8D,
        0x00, 0x42, 0x7B, 0x00, 0x35, 0x6A, 0x00, 0x28, 0x59, 0x00, 0x19, 0x47, 0x00, 0x05, 0x2F, 0x00, 0x00, 0x08, 0x00, 0x63, 0xA0, 0x00, 0x58, 0x90, 0x00, 0x4D, 0x81, 0x00, 0x42, 0x70,
        0x00, 0x36, 0x61, 0x00, 0x29, 0x50, 0x00, 0x1A, 0x3E, 0x00, 0x05, 0x28, 0x00, 0x00, 0x00, 0x00, 0x63, 0x93, 0x00, 0x57, 0x84, 0x00, 0x4E, 0x75, 0x00, 0x42, 0x66, 0x00, 0x36, 0x57,
        0x00, 0x2A, 0x48, 0x00, 0x1A, 0x37, 0x00, 0x05, 0x22, 0x00, 0x00, 0x00, 0x00, 0x63, 0x86, 0x00, 0x58, 0x77, 0x00, 0x4D, 0x6B, 0x00, 0x42, 0x5C, 0x00, 0x36, 0x4E, 0x00, 0x2A, 0x40,
        0x00, 0x1B, 0x30, 0x00, 0x05, 0x1B, 0x00, 0x00, 0x00, 0x00, 0x63, 0x78, 0x00, 0x57, 0x6B, 0x00, 0x4E, 0x5E, 0x00, 0x42, 0x51, 0x00, 0x36, 0x44, 0x00, 0x2A, 0x37, 0x00, 0x1B, 0x28,
        0x00, 0x06, 0x14, 0x00, 0x00, 0x00, 0x00, 0x62, 0x69, 0x00, 0x57, 0x5E, 0x00, 0x4D, 0x54, 0x00, 0x41, 0x47, 0x00, 0x37, 0x3B, 0x00, 0x2A, 0x2F, 0x00, 0x1C, 0x21, 0x00, 0x06, 0x0C,
        0x00, 0x00, 0x00, 0x00, 0x62, 0x5D, 0x00, 0x57, 0x51, 0x00, 0x4D, 0x48, 0x00, 0x42, 0x3D, 0x00, 0x36, 0x31, 0x00, 0x2A, 0x25, 0x00, 0x1C, 0x18, 0x00, 0x06, 0x04, 0x00, 0x00, 0x00,
        0x00, 0x62, 0x4D, 0x00, 0x57, 0x44, 0x00, 0x4D, 0x3B, 0x00, 0x41, 0x31, 0x00, 0x36, 0x27, 0x00, 0x2A, 0x1B, 0x00, 0x1D, 0x0E, 0x00, 0x06, 0x00, 0x00, 0x00, 0x00, 0x01, 0x62, 0x41,
        0x07, 0x57, 0x38, 0x00, 0x4D, 0x31, 0x00, 0x42, 0x29, 0x00, 0x36, 0x1E, 0x00, 0x2A, 0x13, 0x00, 0x1D, 0x03, 0x00, 0x06, 0x00, 0x00, 0x00, 0x00, 0x00, 0x54, 0xA6, 0x00, 0x4A, 0x95,
        0x00, 0x40, 0x86, 0x00, 0x35, 0x75, 0x00, 0x29, 0x64, 0x00, 0x1C, 0x53, 0x00, 0x0B, 0x40, 0x00, 0x00, 0x2A, 0x00, 0x00, 0x03, 0x00, 0x54, 0x97, 0x00, 0x4A, 0x87, 0x00, 0x40, 0x79,
        0x00, 0x35, 0x69, 0x00, 0x2A, 0x5A, 0x00, 0x1E, 0x4B, 0x00, 0x0E, 0x3A, 0x00, 0x00, 0x24, 0x00, 0x00, 0x00, 0x00, 0x54, 0x8A, 0x00, 0x4A, 0x7C, 0x01, 0x40, 0x6E, 0x00, 0x36, 0x5F,
        0x00, 0x2B, 0x51, 0x00, 0x1E, 0x43, 0x00, 0x0F, 0x33, 0x00, 0x01, 0x1D, 0x00, 0x00, 0x00, 0x0E, 0x54, 0x7E, 0x0C, 0x4A, 0x70, 0x02, 0x41, 0x63, 0x00, 0x36, 0x55, 0x00, 0x2C, 0x49,
        0x00, 0x1F, 0x3B, 0x00, 0x10, 0x2C, 0x00, 0x01, 0x17, 0x00, 0x00, 0x00, 0x10, 0x54, 0x71, 0x0D, 0x4A, 0x64, 0x06, 0x41, 0x59, 0x00, 0x36, 0x4D, 0x00, 0x2C, 0x41, 0x00, 0x1F, 0x33,
        0x00, 0x11, 0x24, 0x00, 0x01, 0x10, 0x00, 0x00, 0x00, 0x18, 0x54, 0x64, 0x12, 0x4A, 0x58, 0x0D, 0x41, 0x4E, 0x02, 0x37, 0x44, 0x00, 0x2C, 0x37, 0x00, 0x20, 0x2B, 0x00, 0x12, 0x1C,
        0x00, 0x01, 0x06, 0x00, 0x00, 0x00, 0x1A, 0x54, 0x57, 0x18, 0x4A, 0x4C, 0x11, 0x41, 0x43, 0x07, 0x36, 0x39, 0x00, 0x2C, 0x2E, 0x00, 0x20, 0x23, 0x00, 0x13, 0x15, 0x00, 0x02, 0x03,
        0x00, 0x00, 0x00, 0x1E, 0x54, 0x4A, 0x1C, 0x4A, 0x40, 0x14, 0x41, 0x37, 0x0C, 0x37, 0x2E, 0x00, 0x2C, 0x23, 0x00, 0x20, 0x18, 0x00, 0x12, 0x09, 0x00, 0x01, 0x00, 0x00, 0x00, 0x00,
        0x20, 0x54, 0x3F, 0x1C, 0x4A, 0x36, 0x15, 0x41, 0x2F, 0x0D, 0x36, 0x26, 0x00, 0x2C, 0x1C, 0x00, 0x20, 0x10, 0x00, 0x12, 0x01, 0x00, 0x01, 0x00, 0x00, 0x00, 0x00, 0x1E, 0x43, 0x9B,
        0x14, 0x3A, 0x8B, 0x14, 0x31, 0x7E, 0x0C, 0x27, 0x6E, 0x00, 0x1B, 0x5E, 0x00, 0x0D, 0x4D, 0x00, 0x00, 0x3C, 0x00, 0x00, 0x25, 0x00, 0x00, 0x00, 0x23, 0x43, 0x8E, 0x1E, 0x3A, 0x7E,
        0x17, 0x32, 0x72, 0x10, 0x28, 0x63, 0x07, 0x1D, 0x55, 0x00, 0x0F, 0x45, 0x00, 0x00, 0x34, 0x00, 0x00, 0x1E, 0x00, 0x00, 0x00, 0x23, 0x44, 0x83, 0x1E, 0x3B, 0x74, 0x1B, 0x32, 0x68,
        0x12, 0x28, 0x5A, 0x09, 0x1D, 0x4C, 0x00, 0x11, 0x3E, 0x00, 0x02, 0x2E, 0x00, 0x00, 0x18, 0x00, 0x00, 0x00, 0x25, 0x45, 0x77, 0x21, 0x3B, 0x6A, 0x1B, 0x33, 0x5E, 0x15, 0x29, 0x50,
        0x09, 0x1E, 0x43, 0x00, 0x12, 0x36, 0x00, 0x03, 0x27, 0x00, 0x00, 0x12, 0x00, 0x00, 0x00, 0x28, 0x45, 0x6B, 0x24, 0x3B, 0x5E, 0x1C, 0x33, 0x54, 0x12, 0x29, 0x48, 0x0A, 0x1F, 0x3C,
        0x00, 0x13, 0x2F, 0x00, 0x04, 0x20, 0x00, 0x00, 0x0A, 0x00, 0x00, 0x00, 0x2A, 0x45, 0x5F, 0x24, 0x3B, 0x54, 0x1D, 0x33, 0x4A, 0x13, 0x29, 0x3F, 0x0A, 0x1F, 0x34, 0x00, 0x14, 0x27,
        0x00, 0x04, 0x19, 0x00, 0x00, 0x04, 0x00, 0x00, 0x00, 0x2B, 0x45, 0x53, 0x26, 0x3C, 0x49, 0x20, 0x33, 0x3E, 0x17, 0x2A, 0x35, 0x0B, 0x1F, 0x2A, 0x00, 0x14, 0x1F, 0x00, 0x05, 0x11,
        0x00, 0x00, 0x01, 0x00, 0x00, 0x00, 0x2D, 0x45, 0x46, 0x27, 0x3C, 0x3C, 0x21, 0x33, 0x34, 0x18, 0x2A, 0x2B, 0x0D, 0x20, 0x21, 0x00, 0x15, 0x15, 0x00, 0x05, 0x06, 0x00, 0x00, 0x00,
        0x00, 0x00, 0x00, 0x2F, 0x45, 0x3B, 0x29, 0x3C, 0x33, 0x22, 0x33, 0x2B, 0x18, 0x2A, 0x23, 0x0C, 0x21, 0x1A, 0x01, 0x16, 0x0E, 0x00, 0x05, 0x01, 0x00, 0x00, 0x00, 0x00, 0x00, 0x00,
        0x2E, 0x30, 0x92, 0x2A, 0x28, 0x83, 0x24, 0x20, 0x76, 0x1B, 0x16, 0x67, 0x11, 0x06, 0x58, 0x05, 0x00, 0x49, 0x00, 0x00, 0x37, 0x00, 0x00, 0x21, 0x00, 0x00, 0x00, 0x30, 0x30, 0x85,
        0x2C, 0x28, 0x77, 0x25, 0x20, 0x6B, 0x1C, 0x16, 0x5D, 0x14, 0x08, 0x4F, 0x07, 0x00, 0x41, 0x00, 0x00, 0x31, 0x00, 0x00, 0x1B, 0x00, 0x00, 0x00, 0x30, 0x32, 0x7B, 0x2C, 0x29, 0x6D,
        0x25, 0x21, 0x61, 0x1E, 0x17, 0x53, 0x15, 0x0B, 0x47, 0x08, 0x00, 0x3A, 0x00, 0x00, 0x2A, 0x00, 0x00, 0x15, 0x00, 0x00, 0x00, 0x31, 0x33, 0x6F, 0x2D, 0x2A, 0x63, 0x26, 0x22, 0x57,
        0x1D, 0x19, 0x4B, 0x14, 0x0D, 0x3F, 0x08, 0x00, 0x33, 0x00, 0x00, 0x24, 0x00, 0x00, 0x0E, 0x00, 0x00, 0x00, 0x34, 0x34, 0x64, 0x2C, 0x2B, 0x59, 0x26, 0x23, 0x4F, 0x1D, 0x1A, 0x44,
        0x13, 0x0F, 0x38, 0x0A, 0x01, 0x2B, 0x00, 0x00, 0x1C, 0x00, 0x00, 0x06, 0x00, 0x00, 0x00, 0x34, 0x34, 0x5A, 0x2F, 0x2C, 0x4F, 0x27, 0x24, 0x46, 0x1E, 0x1B, 0x3B, 0x14, 0x10, 0x2F,
        0x09, 0x02, 0x24, 0x00, 0x00, 0x16, 0x00, 0x00, 0x02, 0x00, 0x00, 0x00, 0x34, 0x35, 0x4E, 0x2E, 0x2C, 0x44, 0x27, 0x25, 0x3C, 0x20, 0x1B, 0x31, 0x16, 0x11, 0x27, 0x0A, 0x03, 0x1C,
        0x00, 0x00, 0x0C, 0x00, 0x00, 0x00, 0x00, 0x00, 0x00, 0x35, 0x35, 0x42, 0x2F, 0x2C, 0x39, 0x28, 0x24, 0x30, 0x20, 0x1B, 0x27, 0x16, 0x12, 0x1E, 0x09, 0x04, 0x12, 0x00, 0x00, 0x03,
        0x00, 0x00, 0x00, 0x00, 0x00, 0x00, 0x36, 0x35, 0x39, 0x30, 0x2D, 0x31, 0x29, 0x25, 0x29, 0x21, 0x1C, 0x20, 0x16, 0x13, 0x17, 0x0B, 0x06, 0x0A, 0x01, 0x00, 0x00, 0x00, 0x00, 0x00,
        0x00, 0x00, 0x00,
    ];
}
