// Copyright (c) 2026 Glenn Watson. All rights reserved.
// Glenn Watson licenses this file to you under the MIT license.
// See the LICENSE file in the project root for full license information.

// <auto-generated>
// Generated from authoritative font data sources. Do not edit by hand.
// </auto-generated>
namespace HyperPdfLibrary.Fonts.Data;

/// <content>The sorted glyph name table.</content>
internal static partial class GlyphNames
{
    /// <summary>The number of names in the table.</summary>
    internal const int Count = 4497;

    /// <summary>Gets the ASCII bytes of every name, sorted by ordinal byte order and packed end to end.</summary>
    private static ReadOnlySpan<byte> NameData => [
        0x2E, 0x6E, 0x6F, 0x74, 0x64, 0x65, 0x66, 0x2E, 0x6E, 0x75, 0x6C, 0x6C, 0x30, 0x30, 0x31, 0x2E, 0x30, 0x30, 0x30, 0x30, 0x30, 0x31, 0x2E, 0x30,
        0x30, 0x31, 0x30, 0x30, 0x31, 0x2E, 0x30, 0x30, 0x32, 0x30, 0x30, 0x31, 0x2E, 0x30, 0x30, 0x33, 0x41, 0x41, 0x45, 0x41, 0x45, 0x61, 0x63, 0x75,
        0x74, 0x65, 0x41, 0x45, 0x6D, 0x61, 0x63, 0x72, 0x6F, 0x6E, 0x41, 0x45, 0x73, 0x6D, 0x61, 0x6C, 0x6C, 0x41, 0x61, 0x63, 0x75, 0x74, 0x65, 0x41,
        0x61, 0x63, 0x75, 0x74, 0x65, 0x73, 0x6D, 0x61, 0x6C, 0x6C, 0x41, 0x62, 0x72, 0x65, 0x76, 0x65, 0x41, 0x62, 0x72, 0x65, 0x76, 0x65, 0x61, 0x63,
        0x75, 0x74, 0x65, 0x41, 0x62, 0x72, 0x65, 0x76, 0x65, 0x63, 0x79, 0x72, 0x69, 0x6C, 0x6C, 0x69, 0x63, 0x41, 0x62, 0x72, 0x65, 0x76, 0x65, 0x64,
        0x6F, 0x74, 0x62, 0x65, 0x6C, 0x6F, 0x77, 0x41, 0x62, 0x72, 0x65, 0x76, 0x65, 0x67, 0x72, 0x61, 0x76, 0x65, 0x41, 0x62, 0x72, 0x65, 0x76, 0x65,
        0x68, 0x6F, 0x6F, 0x6B, 0x61, 0x62, 0x6F, 0x76, 0x65, 0x41, 0x62, 0x72, 0x65, 0x76, 0x65, 0x74, 0x69, 0x6C, 0x64, 0x65, 0x41, 0x63, 0x61, 0x72,
        0x6F, 0x6E, 0x41, 0x63, 0x69, 0x72, 0x63, 0x6C, 0x65, 0x41, 0x63, 0x69, 0x72, 0x63, 0x75, 0x6D, 0x66, 0x6C, 0x65, 0x78, 0x41, 0x63, 0x69, 0x72,
        0x63, 0x75, 0x6D, 0x66, 0x6C, 0x65, 0x78, 0x61, 0x63, 0x75, 0x74, 0x65, 0x41, 0x63, 0x69, 0x72, 0x63, 0x75, 0x6D, 0x66, 0x6C, 0x65, 0x78, 0x64,
        0x6F, 0x74, 0x62, 0x65, 0x6C, 0x6F, 0x77, 0x41, 0x63, 0x69, 0x72, 0x63, 0x75, 0x6D, 0x66, 0x6C, 0x65, 0x78, 0x67, 0x72, 0x61, 0x76, 0x65, 0x41,
        0x63, 0x69, 0x72, 0x63, 0x75, 0x6D, 0x66, 0x6C, 0x65, 0x78, 0x68, 0x6F, 0x6F, 0x6B, 0x61, 0x62, 0x6F, 0x76, 0x65, 0x41, 0x63, 0x69, 0x72, 0x63,
        0x75, 0x6D, 0x66, 0x6C, 0x65, 0x78, 0x73, 0x6D, 0x61, 0x6C, 0x6C, 0x41, 0x63, 0x69, 0x72, 0x63, 0x75, 0x6D, 0x66, 0x6C, 0x65, 0x78, 0x74, 0x69,
        0x6C, 0x64, 0x65, 0x41, 0x63, 0x75, 0x74, 0x65, 0x41, 0x63, 0x75, 0x74, 0x65, 0x73, 0x6D, 0x61, 0x6C, 0x6C, 0x41, 0x63, 0x79, 0x72, 0x69, 0x6C,
        0x6C, 0x69, 0x63, 0x41, 0x64, 0x62, 0x6C, 0x67, 0x72, 0x61, 0x76, 0x65, 0x41, 0x64, 0x69, 0x65, 0x72, 0x65, 0x73, 0x69, 0x73, 0x41, 0x64, 0x69,
        0x65, 0x72, 0x65, 0x73, 0x69, 0x73, 0x63, 0x79, 0x72, 0x69, 0x6C, 0x6C, 0x69, 0x63, 0x41, 0x64, 0x69, 0x65, 0x72, 0x65, 0x73, 0x69, 0x73, 0x6D,
        0x61, 0x63, 0x72, 0x6F, 0x6E, 0x41, 0x64, 0x69, 0x65, 0x72, 0x65, 0x73, 0x69, 0x73, 0x73, 0x6D, 0x61, 0x6C, 0x6C, 0x41, 0x64, 0x6F, 0x74, 0x62,
        0x65, 0x6C, 0x6F, 0x77, 0x41, 0x64, 0x6F, 0x74, 0x6D, 0x61, 0x63, 0x72, 0x6F, 0x6E, 0x41, 0x67, 0x72, 0x61, 0x76, 0x65, 0x41, 0x67, 0x72, 0x61,
        0x76, 0x65, 0x73, 0x6D, 0x61, 0x6C, 0x6C, 0x41, 0x68, 0x6F, 0x6F, 0x6B, 0x61, 0x62, 0x6F, 0x76, 0x65, 0x41, 0x69, 0x65, 0x63, 0x79, 0x72, 0x69,
        0x6C, 0x6C, 0x69, 0x63, 0x41, 0x69, 0x6E, 0x76, 0x65, 0x72, 0x74, 0x65, 0x64, 0x62, 0x72, 0x65, 0x76, 0x65, 0x41, 0x6C, 0x70, 0x68, 0x61, 0x41,
        0x6C, 0x70, 0x68, 0x61, 0x74, 0x6F, 0x6E, 0x6F, 0x73, 0x41, 0x6D, 0x61, 0x63, 0x72, 0x6F, 0x6E, 0x41, 0x6D, 0x6F, 0x6E, 0x6F, 0x73, 0x70, 0x61,
        0x63, 0x65, 0x41, 0x6F, 0x67, 0x6F, 0x6E, 0x65, 0x6B, 0x41, 0x72, 0x69, 0x6E, 0x67, 0x41, 0x72, 0x69, 0x6E, 0x67, 0x61, 0x63, 0x75, 0x74, 0x65,
        0x41, 0x72, 0x69, 0x6E, 0x67, 0x62, 0x65, 0x6C, 0x6F, 0x77, 0x41, 0x72, 0x69, 0x6E, 0x67, 0x73, 0x6D, 0x61, 0x6C, 0x6C, 0x41, 0x73, 0x6D, 0x61,
        0x6C, 0x6C, 0x41, 0x74, 0x69, 0x6C, 0x64, 0x65, 0x41, 0x74, 0x69, 0x6C, 0x64, 0x65, 0x73, 0x6D, 0x61, 0x6C, 0x6C, 0x41, 0x79, 0x62, 0x61, 0x72,
        0x6D, 0x65, 0x6E, 0x69, 0x61, 0x6E, 0x42, 0x42, 0x63, 0x69, 0x72, 0x63, 0x6C, 0x65, 0x42, 0x64, 0x6F, 0x74, 0x61, 0x63, 0x63, 0x65, 0x6E, 0x74,
        0x42, 0x64, 0x6F, 0x74, 0x62, 0x65, 0x6C, 0x6F, 0x77, 0x42, 0x65, 0x63, 0x79, 0x72, 0x69, 0x6C, 0x6C, 0x69, 0x63, 0x42, 0x65, 0x6E, 0x61, 0x72,
        0x6D, 0x65, 0x6E, 0x69, 0x61, 0x6E, 0x42, 0x65, 0x74, 0x61, 0x42, 0x68, 0x6F, 0x6F, 0x6B, 0x42, 0x6C, 0x61, 0x63, 0x6B, 0x42, 0x6C, 0x69, 0x6E,
        0x65, 0x62, 0x65, 0x6C, 0x6F, 0x77, 0x42, 0x6D, 0x6F, 0x6E, 0x6F, 0x73, 0x70, 0x61, 0x63, 0x65, 0x42, 0x6F, 0x6C, 0x64, 0x42, 0x6F, 0x6F, 0x6B,
        0x42, 0x72, 0x65, 0x76, 0x65, 0x73, 0x6D, 0x61, 0x6C, 0x6C, 0x42, 0x73, 0x6D, 0x61, 0x6C, 0x6C, 0x42, 0x74, 0x6F, 0x70, 0x62, 0x61, 0x72, 0x43,
        0x43, 0x61, 0x61, 0x72, 0x6D, 0x65, 0x6E, 0x69, 0x61, 0x6E, 0x43, 0x61, 0x63, 0x75, 0x74, 0x65, 0x43, 0x61, 0x72, 0x6F, 0x6E, 0x43, 0x61, 0x72,
        0x6F, 0x6E, 0x73, 0x6D, 0x61, 0x6C, 0x6C, 0x43, 0x63, 0x61, 0x72, 0x6F, 0x6E, 0x43, 0x63, 0x65, 0x64, 0x69, 0x6C, 0x6C, 0x61, 0x43, 0x63, 0x65,
        0x64, 0x69, 0x6C, 0x6C, 0x61, 0x61, 0x63, 0x75, 0x74, 0x65, 0x43, 0x63, 0x65, 0x64, 0x69, 0x6C, 0x6C, 0x61, 0x73, 0x6D, 0x61, 0x6C, 0x6C, 0x43,
        0x63, 0x69, 0x72, 0x63, 0x6C, 0x65, 0x43, 0x63, 0x69, 0x72, 0x63, 0x75, 0x6D, 0x66, 0x6C, 0x65, 0x78, 0x43, 0x64, 0x6F, 0x74, 0x43, 0x64, 0x6F,
        0x74, 0x61, 0x63, 0x63, 0x65, 0x6E, 0x74, 0x43, 0x65, 0x64, 0x69, 0x6C, 0x6C, 0x61, 0x73, 0x6D, 0x61, 0x6C, 0x6C, 0x43, 0x68, 0x61, 0x61, 0x72,
        0x6D, 0x65, 0x6E, 0x69, 0x61, 0x6E, 0x43, 0x68, 0x65, 0x61, 0x62, 0x6B, 0x68, 0x61, 0x73, 0x69, 0x61, 0x6E, 0x63, 0x79, 0x72, 0x69, 0x6C, 0x6C,
        0x69, 0x63, 0x43, 0x68, 0x65, 0x63, 0x79, 0x72, 0x69, 0x6C, 0x6C, 0x69, 0x63, 0x43, 0x68, 0x65, 0x64, 0x65, 0x73, 0x63, 0x65, 0x6E, 0x64, 0x65,
        0x72, 0x61, 0x62, 0x6B, 0x68, 0x61, 0x73, 0x69, 0x61, 0x6E, 0x63, 0x79, 0x72, 0x69, 0x6C, 0x6C, 0x69, 0x63, 0x43, 0x68, 0x65, 0x64, 0x65, 0x73,
        0x63, 0x65, 0x6E, 0x64, 0x65, 0x72, 0x63, 0x79, 0x72, 0x69, 0x6C, 0x6C, 0x69, 0x63, 0x43, 0x68, 0x65, 0x64, 0x69, 0x65, 0x72, 0x65, 0x73, 0x69,
        0x73, 0x63, 0x79, 0x72, 0x69, 0x6C, 0x6C, 0x69, 0x63, 0x43, 0x68, 0x65, 0x68, 0x61, 0x72, 0x6D, 0x65, 0x6E, 0x69, 0x61, 0x6E, 0x43, 0x68, 0x65,
        0x6B, 0x68, 0x61, 0x6B, 0x61, 0x73, 0x73, 0x69, 0x61, 0x6E, 0x63, 0x79, 0x72, 0x69, 0x6C, 0x6C, 0x69, 0x63, 0x43, 0x68, 0x65, 0x76, 0x65, 0x72,
        0x74, 0x69, 0x63, 0x61, 0x6C, 0x73, 0x74, 0x72, 0x6F, 0x6B, 0x65, 0x63, 0x79, 0x72, 0x69, 0x6C, 0x6C, 0x69, 0x63, 0x43, 0x68, 0x69, 0x43, 0x68,
        0x6F, 0x6F, 0x6B, 0x43, 0x69, 0x72, 0x63, 0x75, 0x6D, 0x66, 0x6C, 0x65, 0x78, 0x73, 0x6D, 0x61, 0x6C, 0x6C, 0x43, 0x6D, 0x6F, 0x6E, 0x6F, 0x73,
        0x70, 0x61, 0x63, 0x65, 0x43, 0x6F, 0x61, 0x72, 0x6D, 0x65, 0x6E, 0x69, 0x61, 0x6E, 0x43, 0x73, 0x6D, 0x61, 0x6C, 0x6C, 0x44, 0x44, 0x5A, 0x44,
        0x5A, 0x63, 0x61, 0x72, 0x6F, 0x6E, 0x44, 0x61, 0x61, 0x72, 0x6D, 0x65, 0x6E, 0x69, 0x61, 0x6E, 0x44, 0x61, 0x66, 0x72, 0x69, 0x63, 0x61, 0x6E,
        0x44, 0x63, 0x61, 0x72, 0x6F, 0x6E, 0x44, 0x63, 0x65, 0x64, 0x69, 0x6C, 0x6C, 0x61, 0x44, 0x63, 0x69, 0x72, 0x63, 0x6C, 0x65, 0x44, 0x63, 0x69,
        0x72, 0x63, 0x75, 0x6D, 0x66, 0x6C, 0x65, 0x78, 0x62, 0x65, 0x6C, 0x6F, 0x77, 0x44, 0x63, 0x72, 0x6F, 0x61, 0x74, 0x44, 0x64, 0x6F, 0x74, 0x61,
        0x63, 0x63, 0x65, 0x6E, 0x74, 0x44, 0x64, 0x6F, 0x74, 0x62, 0x65, 0x6C, 0x6F, 0x77, 0x44, 0x65, 0x63, 0x79, 0x72, 0x69, 0x6C, 0x6C, 0x69, 0x63,
        0x44, 0x65, 0x69, 0x63, 0x6F, 0x70, 0x74, 0x69, 0x63, 0x44, 0x65, 0x6C, 0x74, 0x61, 0x44, 0x65, 0x6C, 0x74, 0x61, 0x67, 0x72, 0x65, 0x65, 0x6B,
        0x44, 0x68, 0x6F, 0x6F, 0x6B, 0x44, 0x69, 0x65, 0x72, 0x65, 0x73, 0x69, 0x73, 0x44, 0x69, 0x65, 0x72, 0x65, 0x73, 0x69, 0x73, 0x41, 0x63, 0x75,
        0x74, 0x65, 0x44, 0x69, 0x65, 0x72, 0x65, 0x73, 0x69, 0x73, 0x47, 0x72, 0x61, 0x76, 0x65, 0x44, 0x69, 0x65, 0x72, 0x65, 0x73, 0x69, 0x73, 0x73,
        0x6D, 0x61, 0x6C, 0x6C, 0x44, 0x69, 0x67, 0x61, 0x6D, 0x6D, 0x61, 0x67, 0x72, 0x65, 0x65, 0x6B, 0x44, 0x6A, 0x65, 0x63, 0x79, 0x72, 0x69, 0x6C,
        0x6C, 0x69, 0x63, 0x44, 0x6C, 0x69, 0x6E, 0x65, 0x62, 0x65, 0x6C, 0x6F, 0x77, 0x44, 0x6D, 0x6F, 0x6E, 0x6F, 0x73, 0x70, 0x61, 0x63, 0x65, 0x44,
        0x6F, 0x74, 0x61, 0x63, 0x63, 0x65, 0x6E, 0x74, 0x73, 0x6D, 0x61, 0x6C, 0x6C, 0x44, 0x73, 0x6C, 0x61, 0x73, 0x68, 0x44, 0x73, 0x6D, 0x61, 0x6C,
        0x6C, 0x44, 0x74, 0x6F, 0x70, 0x62, 0x61, 0x72, 0x44, 0x7A, 0x44, 0x7A, 0x63, 0x61, 0x72, 0x6F, 0x6E, 0x44, 0x7A, 0x65, 0x61, 0x62, 0x6B, 0x68,
        0x61, 0x73, 0x69, 0x61, 0x6E, 0x63, 0x79, 0x72, 0x69, 0x6C, 0x6C, 0x69, 0x63, 0x44, 0x7A, 0x65, 0x63, 0x79, 0x72, 0x69, 0x6C, 0x6C, 0x69, 0x63,
        0x44, 0x7A, 0x68, 0x65, 0x63, 0x79, 0x72, 0x69, 0x6C, 0x6C, 0x69, 0x63, 0x45, 0x45, 0x61, 0x63, 0x75, 0x74, 0x65, 0x45, 0x61, 0x63, 0x75, 0x74,
        0x65, 0x73, 0x6D, 0x61, 0x6C, 0x6C, 0x45, 0x62, 0x72, 0x65, 0x76, 0x65, 0x45, 0x63, 0x61, 0x72, 0x6F, 0x6E, 0x45, 0x63, 0x65, 0x64, 0x69, 0x6C,
        0x6C, 0x61, 0x62, 0x72, 0x65, 0x76, 0x65, 0x45, 0x63, 0x68, 0x61, 0x72, 0x6D, 0x65, 0x6E, 0x69, 0x61, 0x6E, 0x45, 0x63, 0x69, 0x72, 0x63, 0x6C,
        0x65, 0x45, 0x63, 0x69, 0x72, 0x63, 0x75, 0x6D, 0x66, 0x6C, 0x65, 0x78, 0x45, 0x63, 0x69, 0x72, 0x63, 0x75, 0x6D, 0x66, 0x6C, 0x65, 0x78, 0x61,
        0x63, 0x75, 0x74, 0x65, 0x45, 0x63, 0x69, 0x72, 0x63, 0x75, 0x6D, 0x66, 0x6C, 0x65, 0x78, 0x62, 0x65, 0x6C, 0x6F, 0x77, 0x45, 0x63, 0x69, 0x72,
        0x63, 0x75, 0x6D, 0x66, 0x6C, 0x65, 0x78, 0x64, 0x6F, 0x74, 0x62, 0x65, 0x6C, 0x6F, 0x77, 0x45, 0x63, 0x69, 0x72, 0x63, 0x75, 0x6D, 0x66, 0x6C,
        0x65, 0x78, 0x67, 0x72, 0x61, 0x76, 0x65, 0x45, 0x63, 0x69, 0x72, 0x63, 0x75, 0x6D, 0x66, 0x6C, 0x65, 0x78, 0x68, 0x6F, 0x6F, 0x6B, 0x61, 0x62,
        0x6F, 0x76, 0x65, 0x45, 0x63, 0x69, 0x72, 0x63, 0x75, 0x6D, 0x66, 0x6C, 0x65, 0x78, 0x73, 0x6D, 0x61, 0x6C, 0x6C, 0x45, 0x63, 0x69, 0x72, 0x63,
        0x75, 0x6D, 0x66, 0x6C, 0x65, 0x78, 0x74, 0x69, 0x6C, 0x64, 0x65, 0x45, 0x63, 0x79, 0x72, 0x69, 0x6C, 0x6C, 0x69, 0x63, 0x45, 0x64, 0x62, 0x6C,
        0x67, 0x72, 0x61, 0x76, 0x65, 0x45, 0x64, 0x69, 0x65, 0x72, 0x65, 0x73, 0x69, 0x73, 0x45, 0x64, 0x69, 0x65, 0x72, 0x65, 0x73, 0x69, 0x73, 0x73,
        0x6D, 0x61, 0x6C, 0x6C, 0x45, 0x64, 0x6F, 0x74, 0x45, 0x64, 0x6F, 0x74, 0x61, 0x63, 0x63, 0x65, 0x6E, 0x74, 0x45, 0x64, 0x6F, 0x74, 0x62, 0x65,
        0x6C, 0x6F, 0x77, 0x45, 0x66, 0x63, 0x79, 0x72, 0x69, 0x6C, 0x6C, 0x69, 0x63, 0x45, 0x67, 0x72, 0x61, 0x76, 0x65, 0x45, 0x67, 0x72, 0x61, 0x76,
        0x65, 0x73, 0x6D, 0x61, 0x6C, 0x6C, 0x45, 0x68, 0x61, 0x72, 0x6D, 0x65, 0x6E, 0x69, 0x61, 0x6E, 0x45, 0x68, 0x6F, 0x6F, 0x6B, 0x61, 0x62, 0x6F,
        0x76, 0x65, 0x45, 0x69, 0x67, 0x68, 0x74, 0x72, 0x6F, 0x6D, 0x61, 0x6E, 0x45, 0x69, 0x6E, 0x76, 0x65, 0x72, 0x74, 0x65, 0x64, 0x62, 0x72, 0x65,
        0x76, 0x65, 0x45, 0x69, 0x6F, 0x74, 0x69, 0x66, 0x69, 0x65, 0x64, 0x63, 0x79, 0x72, 0x69, 0x6C, 0x6C, 0x69, 0x63, 0x45, 0x6C, 0x63, 0x79, 0x72,
        0x69, 0x6C, 0x6C, 0x69, 0x63, 0x45, 0x6C, 0x65, 0x76, 0x65, 0x6E, 0x72, 0x6F, 0x6D, 0x61, 0x6E, 0x45, 0x6D, 0x61, 0x63, 0x72, 0x6F, 0x6E, 0x45,
        0x6D, 0x61, 0x63, 0x72, 0x6F, 0x6E, 0x61, 0x63, 0x75, 0x74, 0x65, 0x45, 0x6D, 0x61, 0x63, 0x72, 0x6F, 0x6E, 0x67, 0x72, 0x61, 0x76, 0x65, 0x45,
        0x6D, 0x63, 0x79, 0x72, 0x69, 0x6C, 0x6C, 0x69, 0x63, 0x45, 0x6D, 0x6F, 0x6E, 0x6F, 0x73, 0x70, 0x61, 0x63, 0x65, 0x45, 0x6E, 0x63, 0x79, 0x72,
        0x69, 0x6C, 0x6C, 0x69, 0x63, 0x45, 0x6E, 0x64, 0x65, 0x73, 0x63, 0x65, 0x6E, 0x64, 0x65, 0x72, 0x63, 0x79, 0x72, 0x69, 0x6C, 0x6C, 0x69, 0x63,
        0x45, 0x6E, 0x67, 0x45, 0x6E, 0x67, 0x68, 0x65, 0x63, 0x79, 0x72, 0x69, 0x6C, 0x6C, 0x69, 0x63, 0x45, 0x6E, 0x68, 0x6F, 0x6F, 0x6B, 0x63, 0x79,
        0x72, 0x69, 0x6C, 0x6C, 0x69, 0x63, 0x45, 0x6F, 0x67, 0x6F, 0x6E, 0x65, 0x6B, 0x45, 0x6F, 0x70, 0x65, 0x6E, 0x45, 0x70, 0x73, 0x69, 0x6C, 0x6F,
        0x6E, 0x45, 0x70, 0x73, 0x69, 0x6C, 0x6F, 0x6E, 0x74, 0x6F, 0x6E, 0x6F, 0x73, 0x45, 0x72, 0x63, 0x79, 0x72, 0x69, 0x6C, 0x6C, 0x69, 0x63, 0x45,
        0x72, 0x65, 0x76, 0x65, 0x72, 0x73, 0x65, 0x64, 0x45, 0x72, 0x65, 0x76, 0x65, 0x72, 0x73, 0x65, 0x64, 0x63, 0x79, 0x72, 0x69, 0x6C, 0x6C, 0x69,
        0x63, 0x45, 0x73, 0x63, 0x79, 0x72, 0x69, 0x6C, 0x6C, 0x69, 0x63, 0x45, 0x73, 0x64, 0x65, 0x73, 0x63, 0x65, 0x6E, 0x64, 0x65, 0x72, 0x63, 0x79,
        0x72, 0x69, 0x6C, 0x6C, 0x69, 0x63, 0x45, 0x73, 0x68, 0x45, 0x73, 0x6D, 0x61, 0x6C, 0x6C, 0x45, 0x74, 0x61, 0x45, 0x74, 0x61, 0x72, 0x6D, 0x65,
        0x6E, 0x69, 0x61, 0x6E, 0x45, 0x74, 0x61, 0x74, 0x6F, 0x6E, 0x6F, 0x73, 0x45, 0x74, 0x68, 0x45, 0x74, 0x68, 0x73, 0x6D, 0x61, 0x6C, 0x6C, 0x45,
        0x74, 0x69, 0x6C, 0x64, 0x65, 0x45, 0x74, 0x69, 0x6C, 0x64, 0x65, 0x62, 0x65, 0x6C, 0x6F, 0x77, 0x45, 0x75, 0x72, 0x6F, 0x45, 0x7A, 0x68, 0x45,
        0x7A, 0x68, 0x63, 0x61, 0x72, 0x6F, 0x6E, 0x45, 0x7A, 0x68, 0x72, 0x65, 0x76, 0x65, 0x72, 0x73, 0x65, 0x64, 0x46, 0x46, 0x63, 0x69, 0x72, 0x63,
        0x6C, 0x65, 0x46, 0x64, 0x6F, 0x74, 0x61, 0x63, 0x63, 0x65, 0x6E, 0x74, 0x46, 0x65, 0x68, 0x61, 0x72, 0x6D, 0x65, 0x6E, 0x69, 0x61, 0x6E, 0x46,
        0x65, 0x69, 0x63, 0x6F, 0x70, 0x74, 0x69, 0x63, 0x46, 0x68, 0x6F, 0x6F, 0x6B, 0x46, 0x69, 0x74, 0x61, 0x63, 0x79, 0x72, 0x69, 0x6C, 0x6C, 0x69,
        0x63, 0x46, 0x69, 0x76, 0x65, 0x72, 0x6F, 0x6D, 0x61, 0x6E, 0x46, 0x6D, 0x6F, 0x6E, 0x6F, 0x73, 0x70, 0x61, 0x63, 0x65, 0x46, 0x6F, 0x75, 0x72,
        0x72, 0x6F, 0x6D, 0x61, 0x6E, 0x46, 0x73, 0x6D, 0x61, 0x6C, 0x6C, 0x47, 0x47, 0x42, 0x73, 0x71, 0x75, 0x61, 0x72, 0x65, 0x47, 0x61, 0x63, 0x75,
        0x74, 0x65, 0x47, 0x61, 0x6D, 0x6D, 0x61, 0x47, 0x61, 0x6D, 0x6D, 0x61, 0x61, 0x66, 0x72, 0x69, 0x63, 0x61, 0x6E, 0x47, 0x61, 0x6E, 0x67, 0x69,
        0x61, 0x63, 0x6F, 0x70, 0x74, 0x69, 0x63, 0x47, 0x62, 0x72, 0x65, 0x76, 0x65, 0x47, 0x63, 0x61, 0x72, 0x6F, 0x6E, 0x47, 0x63, 0x65, 0x64, 0x69,
        0x6C, 0x6C, 0x61, 0x47, 0x63, 0x69, 0x72, 0x63, 0x6C, 0x65, 0x47, 0x63, 0x69, 0x72, 0x63, 0x75, 0x6D, 0x66, 0x6C, 0x65, 0x78, 0x47, 0x63, 0x6F,
        0x6D, 0x6D, 0x61, 0x61, 0x63, 0x63, 0x65, 0x6E, 0x74, 0x47, 0x64, 0x6F, 0x74, 0x47, 0x64, 0x6F, 0x74, 0x61, 0x63, 0x63, 0x65, 0x6E, 0x74, 0x47,
        0x65, 0x63, 0x79, 0x72, 0x69, 0x6C, 0x6C, 0x69, 0x63, 0x47, 0x68, 0x61, 0x64, 0x61, 0x72, 0x6D, 0x65, 0x6E, 0x69, 0x61, 0x6E, 0x47, 0x68, 0x65,
        0x6D, 0x69, 0x64, 0x64, 0x6C, 0x65, 0x68, 0x6F, 0x6F, 0x6B, 0x63, 0x79, 0x72, 0x69, 0x6C, 0x6C, 0x69, 0x63, 0x47, 0x68, 0x65, 0x73, 0x74, 0x72,
        0x6F, 0x6B, 0x65, 0x63, 0x79, 0x72, 0x69, 0x6C, 0x6C, 0x69, 0x63, 0x47, 0x68, 0x65, 0x75, 0x70, 0x74, 0x75, 0x72, 0x6E, 0x63, 0x79, 0x72, 0x69,
        0x6C, 0x6C, 0x69, 0x63, 0x47, 0x68, 0x6F, 0x6F, 0x6B, 0x47, 0x69, 0x6D, 0x61, 0x72, 0x6D, 0x65, 0x6E, 0x69, 0x61, 0x6E, 0x47, 0x6A, 0x65, 0x63,
        0x79, 0x72, 0x69, 0x6C, 0x6C, 0x69, 0x63, 0x47, 0x6D, 0x61, 0x63, 0x72, 0x6F, 0x6E, 0x47, 0x6D, 0x6F, 0x6E, 0x6F, 0x73, 0x70, 0x61, 0x63, 0x65,
        0x47, 0x72, 0x61, 0x76, 0x65, 0x47, 0x72, 0x61, 0x76, 0x65, 0x73, 0x6D, 0x61, 0x6C, 0x6C, 0x47, 0x73, 0x6D, 0x61, 0x6C, 0x6C, 0x47, 0x73, 0x6D,
        0x61, 0x6C, 0x6C, 0x68, 0x6F, 0x6F, 0x6B, 0x47, 0x73, 0x74, 0x72, 0x6F, 0x6B, 0x65, 0x48, 0x48, 0x31, 0x38, 0x35, 0x33, 0x33, 0x48, 0x31, 0x38,
        0x35, 0x34, 0x33, 0x48, 0x31, 0x38, 0x35, 0x35, 0x31, 0x48, 0x32, 0x32, 0x30, 0x37, 0x33, 0x48, 0x50, 0x73, 0x71, 0x75, 0x61, 0x72, 0x65, 0x48,
        0x61, 0x61, 0x62, 0x6B, 0x68, 0x61, 0x73, 0x69, 0x61, 0x6E, 0x63, 0x79, 0x72, 0x69, 0x6C, 0x6C, 0x69, 0x63, 0x48, 0x61, 0x64, 0x65, 0x73, 0x63,
        0x65, 0x6E, 0x64, 0x65, 0x72, 0x63, 0x79, 0x72, 0x69, 0x6C, 0x6C, 0x69, 0x63, 0x48, 0x61, 0x72, 0x64, 0x73, 0x69, 0x67, 0x6E, 0x63, 0x79, 0x72,
        0x69, 0x6C, 0x6C, 0x69, 0x63, 0x48, 0x62, 0x61, 0x72, 0x48, 0x62, 0x72, 0x65, 0x76, 0x65, 0x62, 0x65, 0x6C, 0x6F, 0x77, 0x48, 0x63, 0x65, 0x64,
        0x69, 0x6C, 0x6C, 0x61, 0x48, 0x63, 0x69, 0x72, 0x63, 0x6C, 0x65, 0x48, 0x63, 0x69, 0x72, 0x63, 0x75, 0x6D, 0x66, 0x6C, 0x65, 0x78, 0x48, 0x64,
        0x69, 0x65, 0x72, 0x65, 0x73, 0x69, 0x73, 0x48, 0x64, 0x6F, 0x74, 0x61, 0x63, 0x63, 0x65, 0x6E, 0x74, 0x48, 0x64, 0x6F, 0x74, 0x62, 0x65, 0x6C,
        0x6F, 0x77, 0x48, 0x6D, 0x6F, 0x6E, 0x6F, 0x73, 0x70, 0x61, 0x63, 0x65, 0x48, 0x6F, 0x61, 0x72, 0x6D, 0x65, 0x6E, 0x69, 0x61, 0x6E, 0x48, 0x6F,
        0x72, 0x69, 0x63, 0x6F, 0x70, 0x74, 0x69, 0x63, 0x48, 0x73, 0x6D, 0x61, 0x6C, 0x6C, 0x48, 0x75, 0x6E, 0x67, 0x61, 0x72, 0x75, 0x6D, 0x6C, 0x61,
        0x75, 0x74, 0x48, 0x75, 0x6E, 0x67, 0x61, 0x72, 0x75, 0x6D, 0x6C, 0x61, 0x75, 0x74, 0x73, 0x6D, 0x61, 0x6C, 0x6C, 0x48, 0x7A, 0x73, 0x71, 0x75,
        0x61, 0x72, 0x65, 0x49, 0x49, 0x41, 0x63, 0x79, 0x72, 0x69, 0x6C, 0x6C, 0x69, 0x63, 0x49, 0x4A, 0x49, 0x55, 0x63, 0x79, 0x72, 0x69, 0x6C, 0x6C,
        0x69, 0x63, 0x49, 0x61, 0x63, 0x75, 0x74, 0x65, 0x49, 0x61, 0x63, 0x75, 0x74, 0x65, 0x73, 0x6D, 0x61, 0x6C, 0x6C, 0x49, 0x62, 0x72, 0x65, 0x76,
        0x65, 0x49, 0x63, 0x61, 0x72, 0x6F, 0x6E, 0x49, 0x63, 0x69, 0x72, 0x63, 0x6C, 0x65, 0x49, 0x63, 0x69, 0x72, 0x63, 0x75, 0x6D, 0x66, 0x6C, 0x65,
        0x78, 0x49, 0x63, 0x69, 0x72, 0x63, 0x75, 0x6D, 0x66, 0x6C, 0x65, 0x78, 0x73, 0x6D, 0x61, 0x6C, 0x6C, 0x49, 0x63, 0x79, 0x72, 0x69, 0x6C, 0x6C,
        0x69, 0x63, 0x49, 0x64, 0x62, 0x6C, 0x67, 0x72, 0x61, 0x76, 0x65, 0x49, 0x64, 0x69, 0x65, 0x72, 0x65, 0x73, 0x69, 0x73, 0x49, 0x64, 0x69, 0x65,
        0x72, 0x65, 0x73, 0x69, 0x73, 0x61, 0x63, 0x75, 0x74, 0x65, 0x49, 0x64, 0x69, 0x65, 0x72, 0x65, 0x73, 0x69, 0x73, 0x63, 0x79, 0x72, 0x69, 0x6C,
        0x6C, 0x69, 0x63, 0x49, 0x64, 0x69, 0x65, 0x72, 0x65, 0x73, 0x69, 0x73, 0x73, 0x6D, 0x61, 0x6C, 0x6C, 0x49, 0x64, 0x6F, 0x74, 0x49, 0x64, 0x6F,
        0x74, 0x61, 0x63, 0x63, 0x65, 0x6E, 0x74, 0x49, 0x64, 0x6F, 0x74, 0x62, 0x65, 0x6C, 0x6F, 0x77, 0x49, 0x65, 0x62, 0x72, 0x65, 0x76, 0x65, 0x63,
        0x79, 0x72, 0x69, 0x6C, 0x6C, 0x69, 0x63, 0x49, 0x65, 0x63, 0x79, 0x72, 0x69, 0x6C, 0x6C, 0x69, 0x63, 0x49, 0x66, 0x72, 0x61, 0x6B, 0x74, 0x75,
        0x72, 0x49, 0x67, 0x72, 0x61, 0x76, 0x65, 0x49, 0x67, 0x72, 0x61, 0x76, 0x65, 0x73, 0x6D, 0x61, 0x6C, 0x6C, 0x49, 0x68, 0x6F, 0x6F, 0x6B, 0x61,
        0x62, 0x6F, 0x76, 0x65, 0x49, 0x69, 0x63, 0x79, 0x72, 0x69, 0x6C, 0x6C, 0x69, 0x63, 0x49, 0x69, 0x6E, 0x76, 0x65, 0x72, 0x74, 0x65, 0x64, 0x62,
        0x72, 0x65, 0x76, 0x65, 0x49, 0x69, 0x73, 0x68, 0x6F, 0x72, 0x74, 0x63, 0x79, 0x72, 0x69, 0x6C, 0x6C, 0x69, 0x63, 0x49, 0x6D, 0x61, 0x63, 0x72,
        0x6F, 0x6E, 0x49, 0x6D, 0x61, 0x63, 0x72, 0x6F, 0x6E, 0x63, 0x79, 0x72, 0x69, 0x6C, 0x6C, 0x69, 0x63, 0x49, 0x6D, 0x6F, 0x6E, 0x6F, 0x73, 0x70,
        0x61, 0x63, 0x65, 0x49, 0x6E, 0x69, 0x61, 0x72, 0x6D, 0x65, 0x6E, 0x69, 0x61, 0x6E, 0x49, 0x6F, 0x63, 0x79, 0x72, 0x69, 0x6C, 0x6C, 0x69, 0x63,
        0x49, 0x6F, 0x67, 0x6F, 0x6E, 0x65, 0x6B, 0x49, 0x6F, 0x74, 0x61, 0x49, 0x6F, 0x74, 0x61, 0x61, 0x66, 0x72, 0x69, 0x63, 0x61, 0x6E, 0x49, 0x6F,
        0x74, 0x61, 0x64, 0x69, 0x65, 0x72, 0x65, 0x73, 0x69, 0x73, 0x49, 0x6F, 0x74, 0x61, 0x74, 0x6F, 0x6E, 0x6F, 0x73, 0x49, 0x73, 0x6D, 0x61, 0x6C,
        0x6C, 0x49, 0x73, 0x74, 0x72, 0x6F, 0x6B, 0x65, 0x49, 0x74, 0x69, 0x6C, 0x64, 0x65, 0x49, 0x74, 0x69, 0x6C, 0x64, 0x65, 0x62, 0x65, 0x6C, 0x6F,
        0x77, 0x49, 0x7A, 0x68, 0x69, 0x74, 0x73, 0x61, 0x63, 0x79, 0x72, 0x69, 0x6C, 0x6C, 0x69, 0x63, 0x49, 0x7A, 0x68, 0x69, 0x74, 0x73, 0x61, 0x64,
        0x62, 0x6C, 0x67, 0x72, 0x61, 0x76, 0x65, 0x63, 0x79, 0x72, 0x69, 0x6C, 0x6C, 0x69, 0x63, 0x4A, 0x4A, 0x61, 0x61, 0x72, 0x6D, 0x65, 0x6E, 0x69,
        0x61, 0x6E, 0x4A, 0x63, 0x69, 0x72, 0x63, 0x6C, 0x65, 0x4A, 0x63, 0x69, 0x72, 0x63, 0x75, 0x6D, 0x66, 0x6C, 0x65, 0x78, 0x4A, 0x65, 0x63, 0x79,
        0x72, 0x69, 0x6C, 0x6C, 0x69, 0x63, 0x4A, 0x68, 0x65, 0x68, 0x61, 0x72, 0x6D, 0x65, 0x6E, 0x69, 0x61, 0x6E, 0x4A, 0x6D, 0x6F, 0x6E, 0x6F, 0x73,
        0x70, 0x61, 0x63, 0x65, 0x4A, 0x73, 0x6D, 0x61, 0x6C, 0x6C, 0x4B, 0x4B, 0x42, 0x73, 0x71, 0x75, 0x61, 0x72, 0x65, 0x4B, 0x4B, 0x73, 0x71, 0x75,
        0x61, 0x72, 0x65, 0x4B, 0x61, 0x62, 0x61, 0x73, 0x68, 0x6B, 0x69, 0x72, 0x63, 0x79, 0x72, 0x69, 0x6C, 0x6C, 0x69, 0x63, 0x4B, 0x61, 0x63, 0x75,
        0x74, 0x65, 0x4B, 0x61, 0x63, 0x79, 0x72, 0x69, 0x6C, 0x6C, 0x69, 0x63, 0x4B, 0x61, 0x64, 0x65, 0x73, 0x63, 0x65, 0x6E, 0x64, 0x65, 0x72, 0x63,
        0x79, 0x72, 0x69, 0x6C, 0x6C, 0x69, 0x63, 0x4B, 0x61, 0x68, 0x6F, 0x6F, 0x6B, 0x63, 0x79, 0x72, 0x69, 0x6C, 0x6C, 0x69, 0x63, 0x4B, 0x61, 0x70,
        0x70, 0x61, 0x4B, 0x61, 0x73, 0x74, 0x72, 0x6F, 0x6B, 0x65, 0x63, 0x79, 0x72, 0x69, 0x6C, 0x6C, 0x69, 0x63, 0x4B, 0x61, 0x76, 0x65, 0x72, 0x74,
        0x69, 0x63, 0x61, 0x6C, 0x73, 0x74, 0x72, 0x6F, 0x6B, 0x65, 0x63, 0x79, 0x72, 0x69, 0x6C, 0x6C, 0x69, 0x63, 0x4B, 0x63, 0x61, 0x72, 0x6F, 0x6E,
        0x4B, 0x63, 0x65, 0x64, 0x69, 0x6C, 0x6C, 0x61, 0x4B, 0x63, 0x69, 0x72, 0x63, 0x6C, 0x65, 0x4B, 0x63, 0x6F, 0x6D, 0x6D, 0x61, 0x61, 0x63, 0x63,
        0x65, 0x6E, 0x74, 0x4B, 0x64, 0x6F, 0x74, 0x62, 0x65, 0x6C, 0x6F, 0x77, 0x4B, 0x65, 0x68, 0x61, 0x72, 0x6D, 0x65, 0x6E, 0x69, 0x61, 0x6E, 0x4B,
        0x65, 0x6E, 0x61, 0x72, 0x6D, 0x65, 0x6E, 0x69, 0x61, 0x6E, 0x4B, 0x68, 0x61, 0x63, 0x79, 0x72, 0x69, 0x6C, 0x6C, 0x69, 0x63, 0x4B, 0x68, 0x65,
        0x69, 0x63, 0x6F, 0x70, 0x74, 0x69, 0x63, 0x4B, 0x68, 0x6F, 0x6F, 0x6B, 0x4B, 0x6A, 0x65, 0x63, 0x79, 0x72, 0x69, 0x6C, 0x6C, 0x69, 0x63, 0x4B,
        0x6C, 0x69, 0x6E, 0x65, 0x62, 0x65, 0x6C, 0x6F, 0x77, 0x4B, 0x6D, 0x6F, 0x6E, 0x6F, 0x73, 0x70, 0x61, 0x63, 0x65, 0x4B, 0x6F, 0x70, 0x70, 0x61,
        0x63, 0x79, 0x72, 0x69, 0x6C, 0x6C, 0x69, 0x63, 0x4B, 0x6F, 0x70, 0x70, 0x61, 0x67, 0x72, 0x65, 0x65, 0x6B, 0x4B, 0x73, 0x69, 0x63, 0x79, 0x72,
        0x69, 0x6C, 0x6C, 0x69, 0x63, 0x4B, 0x73, 0x6D, 0x61, 0x6C, 0x6C, 0x4C, 0x4C, 0x4A, 0x4C, 0x4C, 0x4C, 0x61, 0x63, 0x75, 0x74, 0x65, 0x4C, 0x61,
        0x6D, 0x62, 0x64, 0x61, 0x4C, 0x63, 0x61, 0x72, 0x6F, 0x6E, 0x4C, 0x63, 0x65, 0x64, 0x69, 0x6C, 0x6C, 0x61, 0x4C, 0x63, 0x69, 0x72, 0x63, 0x6C,
        0x65, 0x4C, 0x63, 0x69, 0x72, 0x63, 0x75, 0x6D, 0x66, 0x6C, 0x65, 0x78, 0x62, 0x65, 0x6C, 0x6F, 0x77, 0x4C, 0x63, 0x6F, 0x6D, 0x6D, 0x61, 0x61,
        0x63, 0x63, 0x65, 0x6E, 0x74, 0x4C, 0x64, 0x6F, 0x74, 0x4C, 0x64, 0x6F, 0x74, 0x61, 0x63, 0x63, 0x65, 0x6E, 0x74, 0x4C, 0x64, 0x6F, 0x74, 0x62,
        0x65, 0x6C, 0x6F, 0x77, 0x4C, 0x64, 0x6F, 0x74, 0x62, 0x65, 0x6C, 0x6F, 0x77, 0x6D, 0x61, 0x63, 0x72, 0x6F, 0x6E, 0x4C, 0x69, 0x67, 0x68, 0x74,
        0x4C, 0x69, 0x77, 0x6E, 0x61, 0x72, 0x6D, 0x65, 0x6E, 0x69, 0x61, 0x6E, 0x4C, 0x6A, 0x4C, 0x6A, 0x65, 0x63, 0x79, 0x72, 0x69, 0x6C, 0x6C, 0x69,
        0x63, 0x4C, 0x6C, 0x69, 0x6E, 0x65, 0x62, 0x65, 0x6C, 0x6F, 0x77, 0x4C, 0x6D, 0x6F, 0x6E, 0x6F, 0x73, 0x70, 0x61, 0x63, 0x65, 0x4C, 0x73, 0x6C,
        0x61, 0x73, 0x68, 0x4C, 0x73, 0x6C, 0x61, 0x73, 0x68, 0x73, 0x6D, 0x61, 0x6C, 0x6C, 0x4C, 0x73, 0x6D, 0x61, 0x6C, 0x6C, 0x4D, 0x4D, 0x42, 0x73,
        0x71, 0x75, 0x61, 0x72, 0x65, 0x4D, 0x61, 0x63, 0x72, 0x6F, 0x6E, 0x4D, 0x61, 0x63, 0x72, 0x6F, 0x6E, 0x73, 0x6D, 0x61, 0x6C, 0x6C, 0x4D, 0x61,
        0x63, 0x75, 0x74, 0x65, 0x4D, 0x63, 0x69, 0x72, 0x63, 0x6C, 0x65, 0x4D, 0x64, 0x6F, 0x74, 0x61, 0x63, 0x63, 0x65, 0x6E, 0x74, 0x4D, 0x64, 0x6F,
        0x74, 0x62, 0x65, 0x6C, 0x6F, 0x77, 0x4D, 0x65, 0x64, 0x69, 0x75, 0x6D, 0x4D, 0x65, 0x6E, 0x61, 0x72, 0x6D, 0x65, 0x6E, 0x69, 0x61, 0x6E, 0x4D,
        0x6D, 0x6F, 0x6E, 0x6F, 0x73, 0x70, 0x61, 0x63, 0x65, 0x4D, 0x73, 0x6D, 0x61, 0x6C, 0x6C, 0x4D, 0x74, 0x75, 0x72, 0x6E, 0x65, 0x64, 0x4D, 0x75,
        0x4E, 0x4E, 0x4A, 0x4E, 0x61, 0x63, 0x75, 0x74, 0x65, 0x4E, 0x63, 0x61, 0x72, 0x6F, 0x6E, 0x4E, 0x63, 0x65, 0x64, 0x69, 0x6C, 0x6C, 0x61, 0x4E,
        0x63, 0x69, 0x72, 0x63, 0x6C, 0x65, 0x4E, 0x63, 0x69, 0x72, 0x63, 0x75, 0x6D, 0x66, 0x6C, 0x65, 0x78, 0x62, 0x65, 0x6C, 0x6F, 0x77, 0x4E, 0x63,
        0x6F, 0x6D, 0x6D, 0x61, 0x61, 0x63, 0x63, 0x65, 0x6E, 0x74, 0x4E, 0x64, 0x6F, 0x74, 0x61, 0x63, 0x63, 0x65, 0x6E, 0x74, 0x4E, 0x64, 0x6F, 0x74,
        0x62, 0x65, 0x6C, 0x6F, 0x77, 0x4E, 0x68, 0x6F, 0x6F, 0x6B, 0x6C, 0x65, 0x66, 0x74, 0x4E, 0x69, 0x6E, 0x65, 0x72, 0x6F, 0x6D, 0x61, 0x6E, 0x4E,
        0x6A, 0x4E, 0x6A, 0x65, 0x63, 0x79, 0x72, 0x69, 0x6C, 0x6C, 0x69, 0x63, 0x4E, 0x6C, 0x69, 0x6E, 0x65, 0x62, 0x65, 0x6C, 0x6F, 0x77, 0x4E, 0x6D,
        0x6F, 0x6E, 0x6F, 0x73, 0x70, 0x61, 0x63, 0x65, 0x4E, 0x6F, 0x77, 0x61, 0x72, 0x6D, 0x65, 0x6E, 0x69, 0x61, 0x6E, 0x4E, 0x73, 0x6D, 0x61, 0x6C,
        0x6C, 0x4E, 0x74, 0x69, 0x6C, 0x64, 0x65, 0x4E, 0x74, 0x69, 0x6C, 0x64, 0x65, 0x73, 0x6D, 0x61, 0x6C, 0x6C, 0x4E, 0x75, 0x4F, 0x4F, 0x45, 0x4F,
        0x45, 0x73, 0x6D, 0x61, 0x6C, 0x6C, 0x4F, 0x61, 0x63, 0x75, 0x74, 0x65, 0x4F, 0x61, 0x63, 0x75, 0x74, 0x65, 0x73, 0x6D, 0x61, 0x6C, 0x6C, 0x4F,
        0x62, 0x61, 0x72, 0x72, 0x65, 0x64, 0x63, 0x79, 0x72, 0x69, 0x6C, 0x6C, 0x69, 0x63, 0x4F, 0x62, 0x61, 0x72, 0x72, 0x65, 0x64, 0x64, 0x69, 0x65,
        0x72, 0x65, 0x73, 0x69, 0x73, 0x63, 0x79, 0x72, 0x69, 0x6C, 0x6C, 0x69, 0x63, 0x4F, 0x62, 0x72, 0x65, 0x76, 0x65, 0x4F, 0x63, 0x61, 0x72, 0x6F,
        0x6E, 0x4F, 0x63, 0x65, 0x6E, 0x74, 0x65, 0x72, 0x65, 0x64, 0x74, 0x69, 0x6C, 0x64, 0x65, 0x4F, 0x63, 0x69, 0x72, 0x63, 0x6C, 0x65, 0x4F, 0x63,
        0x69, 0x72, 0x63, 0x75, 0x6D, 0x66, 0x6C, 0x65, 0x78, 0x4F, 0x63, 0x69, 0x72, 0x63, 0x75, 0x6D, 0x66, 0x6C, 0x65, 0x78, 0x61, 0x63, 0x75, 0x74,
        0x65, 0x4F, 0x63, 0x69, 0x72, 0x63, 0x75, 0x6D, 0x66, 0x6C, 0x65, 0x78, 0x64, 0x6F, 0x74, 0x62, 0x65, 0x6C, 0x6F, 0x77, 0x4F, 0x63, 0x69, 0x72,
        0x63, 0x75, 0x6D, 0x66, 0x6C, 0x65, 0x78, 0x67, 0x72, 0x61, 0x76, 0x65, 0x4F, 0x63, 0x69, 0x72, 0x63, 0x75, 0x6D, 0x66, 0x6C, 0x65, 0x78, 0x68,
        0x6F, 0x6F, 0x6B, 0x61, 0x62, 0x6F, 0x76, 0x65, 0x4F, 0x63, 0x69, 0x72, 0x63, 0x75, 0x6D, 0x66, 0x6C, 0x65, 0x78, 0x73, 0x6D, 0x61, 0x6C, 0x6C,
        0x4F, 0x63, 0x69, 0x72, 0x63, 0x75, 0x6D, 0x66, 0x6C, 0x65, 0x78, 0x74, 0x69, 0x6C, 0x64, 0x65, 0x4F, 0x63, 0x79, 0x72, 0x69, 0x6C, 0x6C, 0x69,
        0x63, 0x4F, 0x64, 0x62, 0x6C, 0x61, 0x63, 0x75, 0x74, 0x65, 0x4F, 0x64, 0x62, 0x6C, 0x67, 0x72, 0x61, 0x76, 0x65, 0x4F, 0x64, 0x69, 0x65, 0x72,
        0x65, 0x73, 0x69, 0x73, 0x4F, 0x64, 0x69, 0x65, 0x72, 0x65, 0x73, 0x69, 0x73, 0x63, 0x79, 0x72, 0x69, 0x6C, 0x6C, 0x69, 0x63, 0x4F, 0x64, 0x69,
        0x65, 0x72, 0x65, 0x73, 0x69, 0x73, 0x73, 0x6D, 0x61, 0x6C, 0x6C, 0x4F, 0x64, 0x6F, 0x74, 0x62, 0x65, 0x6C, 0x6F, 0x77, 0x4F, 0x67, 0x6F, 0x6E,
        0x65, 0x6B, 0x73, 0x6D, 0x61, 0x6C, 0x6C, 0x4F, 0x67, 0x72, 0x61, 0x76, 0x65, 0x4F, 0x67, 0x72, 0x61, 0x76, 0x65, 0x73, 0x6D, 0x61, 0x6C, 0x6C,
        0x4F, 0x68, 0x61, 0x72, 0x6D, 0x65, 0x6E, 0x69, 0x61, 0x6E, 0x4F, 0x68, 0x6D, 0x4F, 0x68, 0x6F, 0x6F, 0x6B, 0x61, 0x62, 0x6F, 0x76, 0x65, 0x4F,
        0x68, 0x6F, 0x72, 0x6E, 0x4F, 0x68, 0x6F, 0x72, 0x6E, 0x61, 0x63, 0x75, 0x74, 0x65, 0x4F, 0x68, 0x6F, 0x72, 0x6E, 0x64, 0x6F, 0x74, 0x62, 0x65,
        0x6C, 0x6F, 0x77, 0x4F, 0x68, 0x6F, 0x72, 0x6E, 0x67, 0x72, 0x61, 0x76, 0x65, 0x4F, 0x68, 0x6F, 0x72, 0x6E, 0x68, 0x6F, 0x6F, 0x6B, 0x61, 0x62,
        0x6F, 0x76, 0x65, 0x4F, 0x68, 0x6F, 0x72, 0x6E, 0x74, 0x69, 0x6C, 0x64, 0x65, 0x4F, 0x68, 0x75, 0x6E, 0x67, 0x61, 0x72, 0x75, 0x6D, 0x6C, 0x61,
        0x75, 0x74, 0x4F, 0x69, 0x4F, 0x69, 0x6E, 0x76, 0x65, 0x72, 0x74, 0x65, 0x64, 0x62, 0x72, 0x65, 0x76, 0x65, 0x4F, 0x6D, 0x61, 0x63, 0x72, 0x6F,
        0x6E, 0x4F, 0x6D, 0x61, 0x63, 0x72, 0x6F, 0x6E, 0x61, 0x63, 0x75, 0x74, 0x65, 0x4F, 0x6D, 0x61, 0x63, 0x72, 0x6F, 0x6E, 0x67, 0x72, 0x61, 0x76,
        0x65, 0x4F, 0x6D, 0x65, 0x67, 0x61, 0x4F, 0x6D, 0x65, 0x67, 0x61, 0x63, 0x79, 0x72, 0x69, 0x6C, 0x6C, 0x69, 0x63, 0x4F, 0x6D, 0x65, 0x67, 0x61,
        0x67, 0x72, 0x65, 0x65, 0x6B, 0x4F, 0x6D, 0x65, 0x67, 0x61, 0x72, 0x6F, 0x75, 0x6E, 0x64, 0x63, 0x79, 0x72, 0x69, 0x6C, 0x6C, 0x69, 0x63, 0x4F,
        0x6D, 0x65, 0x67, 0x61, 0x74, 0x69, 0x74, 0x6C, 0x6F, 0x63, 0x79, 0x72, 0x69, 0x6C, 0x6C, 0x69, 0x63, 0x4F, 0x6D, 0x65, 0x67, 0x61, 0x74, 0x6F,
        0x6E, 0x6F, 0x73, 0x4F, 0x6D, 0x69, 0x63, 0x72, 0x6F, 0x6E, 0x4F, 0x6D, 0x69, 0x63, 0x72, 0x6F, 0x6E, 0x74, 0x6F, 0x6E, 0x6F, 0x73, 0x4F, 0x6D,
        0x6F, 0x6E, 0x6F, 0x73, 0x70, 0x61, 0x63, 0x65, 0x4F, 0x6E, 0x65, 0x72, 0x6F, 0x6D, 0x61, 0x6E, 0x4F, 0x6F, 0x67, 0x6F, 0x6E, 0x65, 0x6B, 0x4F,
        0x6F, 0x67, 0x6F, 0x6E, 0x65, 0x6B, 0x6D, 0x61, 0x63, 0x72, 0x6F, 0x6E, 0x4F, 0x6F, 0x70, 0x65, 0x6E, 0x4F, 0x73, 0x6C, 0x61, 0x73, 0x68, 0x4F,
        0x73, 0x6C, 0x61, 0x73, 0x68, 0x61, 0x63, 0x75, 0x74, 0x65, 0x4F, 0x73, 0x6C, 0x61, 0x73, 0x68, 0x73, 0x6D, 0x61, 0x6C, 0x6C, 0x4F, 0x73, 0x6D,
        0x61, 0x6C, 0x6C, 0x4F, 0x73, 0x74, 0x72, 0x6F, 0x6B, 0x65, 0x61, 0x63, 0x75, 0x74, 0x65, 0x4F, 0x74, 0x63, 0x79, 0x72, 0x69, 0x6C, 0x6C, 0x69,
        0x63, 0x4F, 0x74, 0x69, 0x6C, 0x64, 0x65, 0x4F, 0x74, 0x69, 0x6C, 0x64, 0x65, 0x61, 0x63, 0x75, 0x74, 0x65, 0x4F, 0x74, 0x69, 0x6C, 0x64, 0x65,
        0x64, 0x69, 0x65, 0x72, 0x65, 0x73, 0x69, 0x73, 0x4F, 0x74, 0x69, 0x6C, 0x64, 0x65, 0x73, 0x6D, 0x61, 0x6C, 0x6C, 0x50, 0x50, 0x61, 0x63, 0x75,
        0x74, 0x65, 0x50, 0x63, 0x69, 0x72, 0x63, 0x6C, 0x65, 0x50, 0x64, 0x6F, 0x74, 0x61, 0x63, 0x63, 0x65, 0x6E, 0x74, 0x50, 0x65, 0x63, 0x79, 0x72,
        0x69, 0x6C, 0x6C, 0x69, 0x63, 0x50, 0x65, 0x68, 0x61, 0x72, 0x6D, 0x65, 0x6E, 0x69, 0x61, 0x6E, 0x50, 0x65, 0x6D, 0x69, 0x64, 0x64, 0x6C, 0x65,
        0x68, 0x6F, 0x6F, 0x6B, 0x63, 0x79, 0x72, 0x69, 0x6C, 0x6C, 0x69, 0x63, 0x50, 0x68, 0x69, 0x50, 0x68, 0x6F, 0x6F, 0x6B, 0x50, 0x69, 0x50, 0x69,
        0x77, 0x72, 0x61, 0x72, 0x6D, 0x65, 0x6E, 0x69, 0x61, 0x6E, 0x50, 0x6D, 0x6F, 0x6E, 0x6F, 0x73, 0x70, 0x61, 0x63, 0x65, 0x50, 0x73, 0x69, 0x50,
        0x73, 0x69, 0x63, 0x79, 0x72, 0x69, 0x6C, 0x6C, 0x69, 0x63, 0x50, 0x73, 0x6D, 0x61, 0x6C, 0x6C, 0x51, 0x51, 0x63, 0x69, 0x72, 0x63, 0x6C, 0x65,
        0x51, 0x6D, 0x6F, 0x6E, 0x6F, 0x73, 0x70, 0x61, 0x63, 0x65, 0x51, 0x73, 0x6D, 0x61, 0x6C, 0x6C, 0x52, 0x52, 0x61, 0x61, 0x72, 0x6D, 0x65, 0x6E,
        0x69, 0x61, 0x6E, 0x52, 0x61, 0x63, 0x75, 0x74, 0x65, 0x52, 0x63, 0x61, 0x72, 0x6F, 0x6E, 0x52, 0x63, 0x65, 0x64, 0x69, 0x6C, 0x6C, 0x61, 0x52,
        0x63, 0x69, 0x72, 0x63, 0x6C, 0x65, 0x52, 0x63, 0x6F, 0x6D, 0x6D, 0x61, 0x61, 0x63, 0x63, 0x65, 0x6E, 0x74, 0x52, 0x64, 0x62, 0x6C, 0x67, 0x72,
        0x61, 0x76, 0x65, 0x52, 0x64, 0x6F, 0x74, 0x61, 0x63, 0x63, 0x65, 0x6E, 0x74, 0x52, 0x64, 0x6F, 0x74, 0x62, 0x65, 0x6C, 0x6F, 0x77, 0x52, 0x64,
        0x6F, 0x74, 0x62, 0x65, 0x6C, 0x6F, 0x77, 0x6D, 0x61, 0x63, 0x72, 0x6F, 0x6E, 0x52, 0x65, 0x67, 0x75, 0x6C, 0x61, 0x72, 0x52, 0x65, 0x68, 0x61,
        0x72, 0x6D, 0x65, 0x6E, 0x69, 0x61, 0x6E, 0x52, 0x66, 0x72, 0x61, 0x6B, 0x74, 0x75, 0x72, 0x52, 0x68, 0x6F, 0x52, 0x69, 0x6E, 0x67, 0x73, 0x6D,
        0x61, 0x6C, 0x6C, 0x52, 0x69, 0x6E, 0x76, 0x65, 0x72, 0x74, 0x65, 0x64, 0x62, 0x72, 0x65, 0x76, 0x65, 0x52, 0x6C, 0x69, 0x6E, 0x65, 0x62, 0x65,
        0x6C, 0x6F, 0x77, 0x52, 0x6D, 0x6F, 0x6E, 0x6F, 0x73, 0x70, 0x61, 0x63, 0x65, 0x52, 0x6F, 0x6D, 0x61, 0x6E, 0x52, 0x73, 0x6D, 0x61, 0x6C, 0x6C,
        0x52, 0x73, 0x6D, 0x61, 0x6C, 0x6C, 0x69, 0x6E, 0x76, 0x65, 0x72, 0x74, 0x65, 0x64, 0x52, 0x73, 0x6D, 0x61, 0x6C, 0x6C, 0x69, 0x6E, 0x76, 0x65,
        0x72, 0x74, 0x65, 0x64, 0x73, 0x75, 0x70, 0x65, 0x72, 0x69, 0x6F, 0x72, 0x53, 0x53, 0x46, 0x30, 0x31, 0x30, 0x30, 0x30, 0x30, 0x53, 0x46, 0x30,
        0x32, 0x30, 0x30, 0x30, 0x30, 0x53, 0x46, 0x30, 0x33, 0x30, 0x30, 0x30, 0x30, 0x53, 0x46, 0x30, 0x34, 0x30, 0x30, 0x30, 0x30, 0x53, 0x46, 0x30,
        0x35, 0x30, 0x30, 0x30, 0x30, 0x53, 0x46, 0x30, 0x36, 0x30, 0x30, 0x30, 0x30, 0x53, 0x46, 0x30, 0x37, 0x30, 0x30, 0x30, 0x30, 0x53, 0x46, 0x30,
        0x38, 0x30, 0x30, 0x30, 0x30, 0x53, 0x46, 0x30, 0x39, 0x30, 0x30, 0x30, 0x30, 0x53, 0x46, 0x31, 0x30, 0x30, 0x30, 0x30, 0x30, 0x53, 0x46, 0x31,
        0x31, 0x30, 0x30, 0x30, 0x30, 0x53, 0x46, 0x31, 0x39, 0x30, 0x30, 0x30, 0x30, 0x53, 0x46, 0x32, 0x30, 0x30, 0x30, 0x30, 0x30, 0x53, 0x46, 0x32,
        0x31, 0x30, 0x30, 0x30, 0x30, 0x53, 0x46, 0x32, 0x32, 0x30, 0x30, 0x30, 0x30, 0x53, 0x46, 0x32, 0x33, 0x30, 0x30, 0x30, 0x30, 0x53, 0x46, 0x32,
        0x34, 0x30, 0x30, 0x30, 0x30, 0x53, 0x46, 0x32, 0x35, 0x30, 0x30, 0x30, 0x30, 0x53, 0x46, 0x32, 0x36, 0x30, 0x30, 0x30, 0x30, 0x53, 0x46, 0x32,
        0x37, 0x30, 0x30, 0x30, 0x30, 0x53, 0x46, 0x32, 0x38, 0x30, 0x30, 0x30, 0x30, 0x53, 0x46, 0x33, 0x36, 0x30, 0x30, 0x30, 0x30, 0x53, 0x46, 0x33,
        0x37, 0x30, 0x30, 0x30, 0x30, 0x53, 0x46, 0x33, 0x38, 0x30, 0x30, 0x30, 0x30, 0x53, 0x46, 0x33, 0x39, 0x30, 0x30, 0x30, 0x30, 0x53, 0x46, 0x34,
        0x30, 0x30, 0x30, 0x30, 0x30, 0x53, 0x46, 0x34, 0x31, 0x30, 0x30, 0x30, 0x30, 0x53, 0x46, 0x34, 0x32, 0x30, 0x30, 0x30, 0x30, 0x53, 0x46, 0x34,
        0x33, 0x30, 0x30, 0x30, 0x30, 0x53, 0x46, 0x34, 0x34, 0x30, 0x30, 0x30, 0x30, 0x53, 0x46, 0x34, 0x35, 0x30, 0x30, 0x30, 0x30, 0x53, 0x46, 0x34,
        0x36, 0x30, 0x30, 0x30, 0x30, 0x53, 0x46, 0x34, 0x37, 0x30, 0x30, 0x30, 0x30, 0x53, 0x46, 0x34, 0x38, 0x30, 0x30, 0x30, 0x30, 0x53, 0x46, 0x34,
        0x39, 0x30, 0x30, 0x30, 0x30, 0x53, 0x46, 0x35, 0x30, 0x30, 0x30, 0x30, 0x30, 0x53, 0x46, 0x35, 0x31, 0x30, 0x30, 0x30, 0x30, 0x53, 0x46, 0x35,
        0x32, 0x30, 0x30, 0x30, 0x30, 0x53, 0x46, 0x35, 0x33, 0x30, 0x30, 0x30, 0x30, 0x53, 0x46, 0x35, 0x34, 0x30, 0x30, 0x30, 0x30, 0x53, 0x61, 0x63,
        0x75, 0x74, 0x65, 0x53, 0x61, 0x63, 0x75, 0x74, 0x65, 0x64, 0x6F, 0x74, 0x61, 0x63, 0x63, 0x65, 0x6E, 0x74, 0x53, 0x61, 0x6D, 0x70, 0x69, 0x67,
        0x72, 0x65, 0x65, 0x6B, 0x53, 0x63, 0x61, 0x72, 0x6F, 0x6E, 0x53, 0x63, 0x61, 0x72, 0x6F, 0x6E, 0x64, 0x6F, 0x74, 0x61, 0x63, 0x63, 0x65, 0x6E,
        0x74, 0x53, 0x63, 0x61, 0x72, 0x6F, 0x6E, 0x73, 0x6D, 0x61, 0x6C, 0x6C, 0x53, 0x63, 0x65, 0x64, 0x69, 0x6C, 0x6C, 0x61, 0x53, 0x63, 0x68, 0x77,
        0x61, 0x53, 0x63, 0x68, 0x77, 0x61, 0x63, 0x79, 0x72, 0x69, 0x6C, 0x6C, 0x69, 0x63, 0x53, 0x63, 0x68, 0x77, 0x61, 0x64, 0x69, 0x65, 0x72, 0x65,
        0x73, 0x69, 0x73, 0x63, 0x79, 0x72, 0x69, 0x6C, 0x6C, 0x69, 0x63, 0x53, 0x63, 0x69, 0x72, 0x63, 0x6C, 0x65, 0x53, 0x63, 0x69, 0x72, 0x63, 0x75,
        0x6D, 0x66, 0x6C, 0x65, 0x78, 0x53, 0x63, 0x6F, 0x6D, 0x6D, 0x61, 0x61, 0x63, 0x63, 0x65, 0x6E, 0x74, 0x53, 0x64, 0x6F, 0x74, 0x61, 0x63, 0x63,
        0x65, 0x6E, 0x74, 0x53, 0x64, 0x6F, 0x74, 0x62, 0x65, 0x6C, 0x6F, 0x77, 0x53, 0x64, 0x6F, 0x74, 0x62, 0x65, 0x6C, 0x6F, 0x77, 0x64, 0x6F, 0x74,
        0x61, 0x63, 0x63, 0x65, 0x6E, 0x74, 0x53, 0x65, 0x68, 0x61, 0x72, 0x6D, 0x65, 0x6E, 0x69, 0x61, 0x6E, 0x53, 0x65, 0x6D, 0x69, 0x62, 0x6F, 0x6C,
        0x64, 0x53, 0x65, 0x76, 0x65, 0x6E, 0x72, 0x6F, 0x6D, 0x61, 0x6E, 0x53, 0x68, 0x61, 0x61, 0x72, 0x6D, 0x65, 0x6E, 0x69, 0x61, 0x6E, 0x53, 0x68,
        0x61, 0x63, 0x79, 0x72, 0x69, 0x6C, 0x6C, 0x69, 0x63, 0x53, 0x68, 0x63, 0x68, 0x61, 0x63, 0x79, 0x72, 0x69, 0x6C, 0x6C, 0x69, 0x63, 0x53, 0x68,
        0x65, 0x69, 0x63, 0x6F, 0x70, 0x74, 0x69, 0x63, 0x53, 0x68, 0x68, 0x61, 0x63, 0x79, 0x72, 0x69, 0x6C, 0x6C, 0x69, 0x63, 0x53, 0x68, 0x69, 0x6D,
        0x61, 0x63, 0x6F, 0x70, 0x74, 0x69, 0x63, 0x53, 0x69, 0x67, 0x6D, 0x61, 0x53, 0x69, 0x78, 0x72, 0x6F, 0x6D, 0x61, 0x6E, 0x53, 0x6D, 0x6F, 0x6E,
        0x6F, 0x73, 0x70, 0x61, 0x63, 0x65, 0x53, 0x6F, 0x66, 0x74, 0x73, 0x69, 0x67, 0x6E, 0x63, 0x79, 0x72, 0x69, 0x6C, 0x6C, 0x69, 0x63, 0x53, 0x73,
        0x6D, 0x61, 0x6C, 0x6C, 0x53, 0x74, 0x69, 0x67, 0x6D, 0x61, 0x67, 0x72, 0x65, 0x65, 0x6B, 0x54, 0x54, 0x61, 0x75, 0x54, 0x62, 0x61, 0x72, 0x54,
        0x63, 0x61, 0x72, 0x6F, 0x6E, 0x54, 0x63, 0x65, 0x64, 0x69, 0x6C, 0x6C, 0x61, 0x54, 0x63, 0x69, 0x72, 0x63, 0x6C, 0x65, 0x54, 0x63, 0x69, 0x72,
        0x63, 0x75, 0x6D, 0x66, 0x6C, 0x65, 0x78, 0x62, 0x65, 0x6C, 0x6F, 0x77, 0x54, 0x63, 0x6F, 0x6D, 0x6D, 0x61, 0x61, 0x63, 0x63, 0x65, 0x6E, 0x74,
        0x54, 0x64, 0x6F, 0x74, 0x61, 0x63, 0x63, 0x65, 0x6E, 0x74, 0x54, 0x64, 0x6F, 0x74, 0x62, 0x65, 0x6C, 0x6F, 0x77, 0x54, 0x65, 0x63, 0x79, 0x72,
        0x69, 0x6C, 0x6C, 0x69, 0x63, 0x54, 0x65, 0x64, 0x65, 0x73, 0x63, 0x65, 0x6E, 0x64, 0x65, 0x72, 0x63, 0x79, 0x72, 0x69, 0x6C, 0x6C, 0x69, 0x63,
        0x54, 0x65, 0x6E, 0x72, 0x6F, 0x6D, 0x61, 0x6E, 0x54, 0x65, 0x74, 0x73, 0x65, 0x63, 0x79, 0x72, 0x69, 0x6C, 0x6C, 0x69, 0x63, 0x54, 0x68, 0x65,
        0x74, 0x61, 0x54, 0x68, 0x6F, 0x6F, 0x6B, 0x54, 0x68, 0x6F, 0x72, 0x6E, 0x54, 0x68, 0x6F, 0x72, 0x6E, 0x73, 0x6D, 0x61, 0x6C, 0x6C, 0x54, 0x68,
        0x72, 0x65, 0x65, 0x72, 0x6F, 0x6D, 0x61, 0x6E, 0x54, 0x69, 0x6C, 0x64, 0x65, 0x73, 0x6D, 0x61, 0x6C, 0x6C, 0x54, 0x69, 0x77, 0x6E, 0x61, 0x72,
        0x6D, 0x65, 0x6E, 0x69, 0x61, 0x6E, 0x54, 0x6C, 0x69, 0x6E, 0x65, 0x62, 0x65, 0x6C, 0x6F, 0x77, 0x54, 0x6D, 0x6F, 0x6E, 0x6F, 0x73, 0x70, 0x61,
        0x63, 0x65, 0x54, 0x6F, 0x61, 0x72, 0x6D, 0x65, 0x6E, 0x69, 0x61, 0x6E, 0x54, 0x6F, 0x6E, 0x65, 0x66, 0x69, 0x76, 0x65, 0x54, 0x6F, 0x6E, 0x65,
        0x73, 0x69, 0x78, 0x54, 0x6F, 0x6E, 0x65, 0x74, 0x77, 0x6F, 0x54, 0x72, 0x65, 0x74, 0x72, 0x6F, 0x66, 0x6C, 0x65, 0x78, 0x68, 0x6F, 0x6F, 0x6B,
        0x54, 0x73, 0x65, 0x63, 0x79, 0x72, 0x69, 0x6C, 0x6C, 0x69, 0x63, 0x54, 0x73, 0x68, 0x65, 0x63, 0x79, 0x72, 0x69, 0x6C, 0x6C, 0x69, 0x63, 0x54,
        0x73, 0x6D, 0x61, 0x6C, 0x6C, 0x54, 0x77, 0x65, 0x6C, 0x76, 0x65, 0x72, 0x6F, 0x6D, 0x61, 0x6E, 0x54, 0x77, 0x6F, 0x72, 0x6F, 0x6D, 0x61, 0x6E,
        0x55, 0x55, 0x61, 0x63, 0x75, 0x74, 0x65, 0x55, 0x61, 0x63, 0x75, 0x74, 0x65, 0x73, 0x6D, 0x61, 0x6C, 0x6C, 0x55, 0x62, 0x72, 0x65, 0x76, 0x65,
        0x55, 0x63, 0x61, 0x72, 0x6F, 0x6E, 0x55, 0x63, 0x69, 0x72, 0x63, 0x6C, 0x65, 0x55, 0x63, 0x69, 0x72, 0x63, 0x75, 0x6D, 0x66, 0x6C, 0x65, 0x78,
        0x55, 0x63, 0x69, 0x72, 0x63, 0x75, 0x6D, 0x66, 0x6C, 0x65, 0x78, 0x62, 0x65, 0x6C, 0x6F, 0x77, 0x55, 0x63, 0x69, 0x72, 0x63, 0x75, 0x6D, 0x66,
        0x6C, 0x65, 0x78, 0x73, 0x6D, 0x61, 0x6C, 0x6C, 0x55, 0x63, 0x79, 0x72, 0x69, 0x6C, 0x6C, 0x69, 0x63, 0x55, 0x64, 0x62, 0x6C, 0x61, 0x63, 0x75,
        0x74, 0x65, 0x55, 0x64, 0x62, 0x6C, 0x67, 0x72, 0x61, 0x76, 0x65, 0x55, 0x64, 0x69, 0x65, 0x72, 0x65, 0x73, 0x69, 0x73, 0x55, 0x64, 0x69, 0x65,
        0x72, 0x65, 0x73, 0x69, 0x73, 0x61, 0x63, 0x75, 0x74, 0x65, 0x55, 0x64, 0x69, 0x65, 0x72, 0x65, 0x73, 0x69, 0x73, 0x62, 0x65, 0x6C, 0x6F, 0x77,
        0x55, 0x64, 0x69, 0x65, 0x72, 0x65, 0x73, 0x69, 0x73, 0x63, 0x61, 0x72, 0x6F, 0x6E, 0x55, 0x64, 0x69, 0x65, 0x72, 0x65, 0x73, 0x69, 0x73, 0x63,
        0x79, 0x72, 0x69, 0x6C, 0x6C, 0x69, 0x63, 0x55, 0x64, 0x69, 0x65, 0x72, 0x65, 0x73, 0x69, 0x73, 0x67, 0x72, 0x61, 0x76, 0x65, 0x55, 0x64, 0x69,
        0x65, 0x72, 0x65, 0x73, 0x69, 0x73, 0x6D, 0x61, 0x63, 0x72, 0x6F, 0x6E, 0x55, 0x64, 0x69, 0x65, 0x72, 0x65, 0x73, 0x69, 0x73, 0x73, 0x6D, 0x61,
        0x6C, 0x6C, 0x55, 0x64, 0x6F, 0x74, 0x62, 0x65, 0x6C, 0x6F, 0x77, 0x55, 0x67, 0x72, 0x61, 0x76, 0x65, 0x55, 0x67, 0x72, 0x61, 0x76, 0x65, 0x73,
        0x6D, 0x61, 0x6C, 0x6C, 0x55, 0x68, 0x6F, 0x6F, 0x6B, 0x61, 0x62, 0x6F, 0x76, 0x65, 0x55, 0x68, 0x6F, 0x72, 0x6E, 0x55, 0x68, 0x6F, 0x72, 0x6E,
        0x61, 0x63, 0x75, 0x74, 0x65, 0x55, 0x68, 0x6F, 0x72, 0x6E, 0x64, 0x6F, 0x74, 0x62, 0x65, 0x6C, 0x6F, 0x77, 0x55, 0x68, 0x6F, 0x72, 0x6E, 0x67,
        0x72, 0x61, 0x76, 0x65, 0x55, 0x68, 0x6F, 0x72, 0x6E, 0x68, 0x6F, 0x6F, 0x6B, 0x61, 0x62, 0x6F, 0x76, 0x65, 0x55, 0x68, 0x6F, 0x72, 0x6E, 0x74,
        0x69, 0x6C, 0x64, 0x65, 0x55, 0x68, 0x75, 0x6E, 0x67, 0x61, 0x72, 0x75, 0x6D, 0x6C, 0x61, 0x75, 0x74, 0x55, 0x68, 0x75, 0x6E, 0x67, 0x61, 0x72,
        0x75, 0x6D, 0x6C, 0x61, 0x75, 0x74, 0x63, 0x79, 0x72, 0x69, 0x6C, 0x6C, 0x69, 0x63, 0x55, 0x69, 0x6E, 0x76, 0x65, 0x72, 0x74, 0x65, 0x64, 0x62,
        0x72, 0x65, 0x76, 0x65, 0x55, 0x6B, 0x63, 0x79, 0x72, 0x69, 0x6C, 0x6C, 0x69, 0x63, 0x55, 0x6D, 0x61, 0x63, 0x72, 0x6F, 0x6E, 0x55, 0x6D, 0x61,
        0x63, 0x72, 0x6F, 0x6E, 0x63, 0x79, 0x72, 0x69, 0x6C, 0x6C, 0x69, 0x63, 0x55, 0x6D, 0x61, 0x63, 0x72, 0x6F, 0x6E, 0x64, 0x69, 0x65, 0x72, 0x65,
        0x73, 0x69, 0x73, 0x55, 0x6D, 0x6F, 0x6E, 0x6F, 0x73, 0x70, 0x61, 0x63, 0x65, 0x55, 0x6F, 0x67, 0x6F, 0x6E, 0x65, 0x6B, 0x55, 0x70, 0x73, 0x69,
        0x6C, 0x6F, 0x6E, 0x55, 0x70, 0x73, 0x69, 0x6C, 0x6F, 0x6E, 0x31, 0x55, 0x70, 0x73, 0x69, 0x6C, 0x6F, 0x6E, 0x61, 0x63, 0x75, 0x74, 0x65, 0x68,
        0x6F, 0x6F, 0x6B, 0x73, 0x79, 0x6D, 0x62, 0x6F, 0x6C, 0x67, 0x72, 0x65, 0x65, 0x6B, 0x55, 0x70, 0x73, 0x69, 0x6C, 0x6F, 0x6E, 0x61, 0x66, 0x72,
        0x69, 0x63, 0x61, 0x6E, 0x55, 0x70, 0x73, 0x69, 0x6C, 0x6F, 0x6E, 0x64, 0x69, 0x65, 0x72, 0x65, 0x73, 0x69, 0x73, 0x55, 0x70, 0x73, 0x69, 0x6C,
        0x6F, 0x6E, 0x64, 0x69, 0x65, 0x72, 0x65, 0x73, 0x69, 0x73, 0x68, 0x6F, 0x6F, 0x6B, 0x73, 0x79, 0x6D, 0x62, 0x6F, 0x6C, 0x67, 0x72, 0x65, 0x65,
        0x6B, 0x55, 0x70, 0x73, 0x69, 0x6C, 0x6F, 0x6E, 0x68, 0x6F, 0x6F, 0x6B, 0x73, 0x79, 0x6D, 0x62, 0x6F, 0x6C, 0x55, 0x70, 0x73, 0x69, 0x6C, 0x6F,
        0x6E, 0x74, 0x6F, 0x6E, 0x6F, 0x73, 0x55, 0x72, 0x69, 0x6E, 0x67, 0x55, 0x73, 0x68, 0x6F, 0x72, 0x74, 0x63, 0x79, 0x72, 0x69, 0x6C, 0x6C, 0x69,
        0x63, 0x55, 0x73, 0x6D, 0x61, 0x6C, 0x6C, 0x55, 0x73, 0x74, 0x72, 0x61, 0x69, 0x67, 0x68, 0x74, 0x63, 0x79, 0x72, 0x69, 0x6C, 0x6C, 0x69, 0x63,
        0x55, 0x73, 0x74, 0x72, 0x61, 0x69, 0x67, 0x68, 0x74, 0x73, 0x74, 0x72, 0x6F, 0x6B, 0x65, 0x63, 0x79, 0x72, 0x69, 0x6C, 0x6C, 0x69, 0x63, 0x55,
        0x74, 0x69, 0x6C, 0x64, 0x65, 0x55, 0x74, 0x69, 0x6C, 0x64, 0x65, 0x61, 0x63, 0x75, 0x74, 0x65, 0x55, 0x74, 0x69, 0x6C, 0x64, 0x65, 0x62, 0x65,
        0x6C, 0x6F, 0x77, 0x56, 0x56, 0x63, 0x69, 0x72, 0x63, 0x6C, 0x65, 0x56, 0x64, 0x6F, 0x74, 0x62, 0x65, 0x6C, 0x6F, 0x77, 0x56, 0x65, 0x63, 0x79,
        0x72, 0x69, 0x6C, 0x6C, 0x69, 0x63, 0x56, 0x65, 0x77, 0x61, 0x72, 0x6D, 0x65, 0x6E, 0x69, 0x61, 0x6E, 0x56, 0x68, 0x6F, 0x6F, 0x6B, 0x56, 0x6D,
        0x6F, 0x6E, 0x6F, 0x73, 0x70, 0x61, 0x63, 0x65, 0x56, 0x6F, 0x61, 0x72, 0x6D, 0x65, 0x6E, 0x69, 0x61, 0x6E, 0x56, 0x73, 0x6D, 0x61, 0x6C, 0x6C,
        0x56, 0x74, 0x69, 0x6C, 0x64, 0x65, 0x57, 0x57, 0x61, 0x63, 0x75, 0x74, 0x65, 0x57, 0x63, 0x69, 0x72, 0x63, 0x6C, 0x65, 0x57, 0x63, 0x69, 0x72,
        0x63, 0x75, 0x6D, 0x66, 0x6C, 0x65, 0x78, 0x57, 0x64, 0x69, 0x65, 0x72, 0x65, 0x73, 0x69, 0x73, 0x57, 0x64, 0x6F, 0x74, 0x61, 0x63, 0x63, 0x65,
        0x6E, 0x74, 0x57, 0x64, 0x6F, 0x74, 0x62, 0x65, 0x6C, 0x6F, 0x77, 0x57, 0x67, 0x72, 0x61, 0x76, 0x65, 0x57, 0x6D, 0x6F, 0x6E, 0x6F, 0x73, 0x70,
        0x61, 0x63, 0x65, 0x57, 0x73, 0x6D, 0x61, 0x6C, 0x6C, 0x58, 0x58, 0x63, 0x69, 0x72, 0x63, 0x6C, 0x65, 0x58, 0x64, 0x69, 0x65, 0x72, 0x65, 0x73,
        0x69, 0x73, 0x58, 0x64, 0x6F, 0x74, 0x61, 0x63, 0x63, 0x65, 0x6E, 0x74, 0x58, 0x65, 0x68, 0x61, 0x72, 0x6D, 0x65, 0x6E, 0x69, 0x61, 0x6E, 0x58,
        0x69, 0x58, 0x6D, 0x6F, 0x6E, 0x6F, 0x73, 0x70, 0x61, 0x63, 0x65, 0x58, 0x73, 0x6D, 0x61, 0x6C, 0x6C, 0x59, 0x59, 0x61, 0x63, 0x75, 0x74, 0x65,
        0x59, 0x61, 0x63, 0x75, 0x74, 0x65, 0x73, 0x6D, 0x61, 0x6C, 0x6C, 0x59, 0x61, 0x74, 0x63, 0x79, 0x72, 0x69, 0x6C, 0x6C, 0x69, 0x63, 0x59, 0x63,
        0x69, 0x72, 0x63, 0x6C, 0x65, 0x59, 0x63, 0x69, 0x72, 0x63, 0x75, 0x6D, 0x66, 0x6C, 0x65, 0x78, 0x59, 0x64, 0x69, 0x65, 0x72, 0x65, 0x73, 0x69,
        0x73, 0x59, 0x64, 0x69, 0x65, 0x72, 0x65, 0x73, 0x69, 0x73, 0x73, 0x6D, 0x61, 0x6C, 0x6C, 0x59, 0x64, 0x6F, 0x74, 0x61, 0x63, 0x63, 0x65, 0x6E,
        0x74, 0x59, 0x64, 0x6F, 0x74, 0x62, 0x65, 0x6C, 0x6F, 0x77, 0x59, 0x65, 0x72, 0x69, 0x63, 0x79, 0x72, 0x69, 0x6C, 0x6C, 0x69, 0x63, 0x59, 0x65,
        0x72, 0x75, 0x64, 0x69, 0x65, 0x72, 0x65, 0x73, 0x69, 0x73, 0x63, 0x79, 0x72, 0x69, 0x6C, 0x6C, 0x69, 0x63, 0x59, 0x67, 0x72, 0x61, 0x76, 0x65,
        0x59, 0x68, 0x6F, 0x6F, 0x6B, 0x59, 0x68, 0x6F, 0x6F, 0x6B, 0x61, 0x62, 0x6F, 0x76, 0x65, 0x59, 0x69, 0x61, 0x72, 0x6D, 0x65, 0x6E, 0x69, 0x61,
        0x6E, 0x59, 0x69, 0x63, 0x79, 0x72, 0x69, 0x6C, 0x6C, 0x69, 0x63, 0x59, 0x69, 0x77, 0x6E, 0x61, 0x72, 0x6D, 0x65, 0x6E, 0x69, 0x61, 0x6E, 0x59,
        0x6D, 0x6F, 0x6E, 0x6F, 0x73, 0x70, 0x61, 0x63, 0x65, 0x59, 0x73, 0x6D, 0x61, 0x6C, 0x6C, 0x59, 0x74, 0x69, 0x6C, 0x64, 0x65, 0x59, 0x75, 0x73,
        0x62, 0x69, 0x67, 0x63, 0x79, 0x72, 0x69, 0x6C, 0x6C, 0x69, 0x63, 0x59, 0x75, 0x73, 0x62, 0x69, 0x67, 0x69, 0x6F, 0x74, 0x69, 0x66, 0x69, 0x65,
        0x64, 0x63, 0x79, 0x72, 0x69, 0x6C, 0x6C, 0x69, 0x63, 0x59, 0x75, 0x73, 0x6C, 0x69, 0x74, 0x74, 0x6C, 0x65, 0x63, 0x79, 0x72, 0x69, 0x6C, 0x6C,
        0x69, 0x63, 0x59, 0x75, 0x73, 0x6C, 0x69, 0x74, 0x74, 0x6C, 0x65, 0x69, 0x6F, 0x74, 0x69, 0x66, 0x69, 0x65, 0x64, 0x63, 0x79, 0x72, 0x69, 0x6C,
        0x6C, 0x69, 0x63, 0x5A, 0x5A, 0x61, 0x61, 0x72, 0x6D, 0x65, 0x6E, 0x69, 0x61, 0x6E, 0x5A, 0x61, 0x63, 0x75, 0x74, 0x65, 0x5A, 0x63, 0x61, 0x72,
        0x6F, 0x6E, 0x5A, 0x63, 0x61, 0x72, 0x6F, 0x6E, 0x73, 0x6D, 0x61, 0x6C, 0x6C, 0x5A, 0x63, 0x69, 0x72, 0x63, 0x6C, 0x65, 0x5A, 0x63, 0x69, 0x72,
        0x63, 0x75, 0x6D, 0x66, 0x6C, 0x65, 0x78, 0x5A, 0x64, 0x6F, 0x74, 0x5A, 0x64, 0x6F, 0x74, 0x61, 0x63, 0x63, 0x65, 0x6E, 0x74, 0x5A, 0x64, 0x6F,
        0x74, 0x62, 0x65, 0x6C, 0x6F, 0x77, 0x5A, 0x65, 0x63, 0x79, 0x72, 0x69, 0x6C, 0x6C, 0x69, 0x63, 0x5A, 0x65, 0x64, 0x65, 0x73, 0x63, 0x65, 0x6E,
        0x64, 0x65, 0x72, 0x63, 0x79, 0x72, 0x69, 0x6C, 0x6C, 0x69, 0x63, 0x5A, 0x65, 0x64, 0x69, 0x65, 0x72, 0x65, 0x73, 0x69, 0x73, 0x63, 0x79, 0x72,
        0x69, 0x6C, 0x6C, 0x69, 0x63, 0x5A, 0x65, 0x74, 0x61, 0x5A, 0x68, 0x65, 0x61, 0x72, 0x6D, 0x65, 0x6E, 0x69, 0x61, 0x6E, 0x5A, 0x68, 0x65, 0x62,
        0x72, 0x65, 0x76, 0x65, 0x63, 0x79, 0x72, 0x69, 0x6C, 0x6C, 0x69, 0x63, 0x5A, 0x68, 0x65, 0x63, 0x79, 0x72, 0x69, 0x6C, 0x6C, 0x69, 0x63, 0x5A,
        0x68, 0x65, 0x64, 0x65, 0x73, 0x63, 0x65, 0x6E, 0x64, 0x65, 0x72, 0x63, 0x79, 0x72, 0x69, 0x6C, 0x6C, 0x69, 0x63, 0x5A, 0x68, 0x65, 0x64, 0x69,
        0x65, 0x72, 0x65, 0x73, 0x69, 0x73, 0x63, 0x79, 0x72, 0x69, 0x6C, 0x6C, 0x69, 0x63, 0x5A, 0x6C, 0x69, 0x6E, 0x65, 0x62, 0x65, 0x6C, 0x6F, 0x77,
        0x5A, 0x6D, 0x6F, 0x6E, 0x6F, 0x73, 0x70, 0x61, 0x63, 0x65, 0x5A, 0x73, 0x6D, 0x61, 0x6C, 0x6C, 0x5A, 0x73, 0x74, 0x72, 0x6F, 0x6B, 0x65, 0x61,
        0x61, 0x31, 0x61, 0x31, 0x30, 0x61, 0x31, 0x30, 0x30, 0x61, 0x31, 0x30, 0x31, 0x61, 0x31, 0x30, 0x32, 0x61, 0x31, 0x30, 0x33, 0x61, 0x31, 0x30,
        0x34, 0x61, 0x31, 0x30, 0x35, 0x61, 0x31, 0x30, 0x36, 0x61, 0x31, 0x30, 0x37, 0x61, 0x31, 0x30, 0x38, 0x61, 0x31, 0x30, 0x39, 0x61, 0x31, 0x31,
        0x61, 0x31, 0x31, 0x30, 0x61, 0x31, 0x31, 0x31, 0x61, 0x31, 0x31, 0x32, 0x61, 0x31, 0x31, 0x37, 0x61, 0x31, 0x31, 0x38, 0x61, 0x31, 0x31, 0x39,
        0x61, 0x31, 0x32, 0x61, 0x31, 0x32, 0x30, 0x61, 0x31, 0x32, 0x31, 0x61, 0x31, 0x32, 0x32, 0x61, 0x31, 0x32, 0x33, 0x61, 0x31, 0x32, 0x34, 0x61,
        0x31, 0x32, 0x35, 0x61, 0x31, 0x32, 0x36, 0x61, 0x31, 0x32, 0x37, 0x61, 0x31, 0x32, 0x38, 0x61, 0x31, 0x32, 0x39, 0x61, 0x31, 0x33, 0x61, 0x31,
        0x33, 0x30, 0x61, 0x31, 0x33, 0x31, 0x61, 0x31, 0x33, 0x32, 0x61, 0x31, 0x33, 0x33, 0x61, 0x31, 0x33, 0x34, 0x61, 0x31, 0x33, 0x35, 0x61, 0x31,
        0x33, 0x36, 0x61, 0x31, 0x33, 0x37, 0x61, 0x31, 0x33, 0x38, 0x61, 0x31, 0x33, 0x39, 0x61, 0x31, 0x34, 0x61, 0x31, 0x34, 0x30, 0x61, 0x31, 0x34,
        0x31, 0x61, 0x31, 0x34, 0x32, 0x61, 0x31, 0x34, 0x33, 0x61, 0x31, 0x34, 0x34, 0x61, 0x31, 0x34, 0x35, 0x61, 0x31, 0x34, 0x36, 0x61, 0x31, 0x34,
        0x37, 0x61, 0x31, 0x34, 0x38, 0x61, 0x31, 0x34, 0x39, 0x61, 0x31, 0x35, 0x61, 0x31, 0x35, 0x30, 0x61, 0x31, 0x35, 0x31, 0x61, 0x31, 0x35, 0x32,
        0x61, 0x31, 0x35, 0x33, 0x61, 0x31, 0x35, 0x34, 0x61, 0x31, 0x35, 0x35, 0x61, 0x31, 0x35, 0x36, 0x61, 0x31, 0x35, 0x37, 0x61, 0x31, 0x35, 0x38,
        0x61, 0x31, 0x35, 0x39, 0x61, 0x31, 0x36, 0x61, 0x31, 0x36, 0x30, 0x61, 0x31, 0x36, 0x31, 0x61, 0x31, 0x36, 0x32, 0x61, 0x31, 0x36, 0x33, 0x61,
        0x31, 0x36, 0x34, 0x61, 0x31, 0x36, 0x35, 0x61, 0x31, 0x36, 0x36, 0x61, 0x31, 0x36, 0x37, 0x61, 0x31, 0x36, 0x38, 0x61, 0x31, 0x36, 0x39, 0x61,
        0x31, 0x37, 0x61, 0x31, 0x37, 0x30, 0x61, 0x31, 0x37, 0x31, 0x61, 0x31, 0x37, 0x32, 0x61, 0x31, 0x37, 0x33, 0x61, 0x31, 0x37, 0x34, 0x61, 0x31,
        0x37, 0x35, 0x61, 0x31, 0x37, 0x36, 0x61, 0x31, 0x37, 0x37, 0x61, 0x31, 0x37, 0x38, 0x61, 0x31, 0x37, 0x39, 0x61, 0x31, 0x38, 0x61, 0x31, 0x38,
        0x30, 0x61, 0x31, 0x38, 0x31, 0x61, 0x31, 0x38, 0x32, 0x61, 0x31, 0x38, 0x33, 0x61, 0x31, 0x38, 0x34, 0x61, 0x31, 0x38, 0x35, 0x61, 0x31, 0x38,
        0x36, 0x61, 0x31, 0x38, 0x37, 0x61, 0x31, 0x38, 0x38, 0x61, 0x31, 0x38, 0x39, 0x61, 0x31, 0x39, 0x61, 0x31, 0x39, 0x30, 0x61, 0x31, 0x39, 0x31,
        0x61, 0x31, 0x39, 0x32, 0x61, 0x31, 0x39, 0x33, 0x61, 0x31, 0x39, 0x34, 0x61, 0x31, 0x39, 0x35, 0x61, 0x31, 0x39, 0x36, 0x61, 0x31, 0x39, 0x37,
        0x61, 0x31, 0x39, 0x38, 0x61, 0x31, 0x39, 0x39, 0x61, 0x32, 0x61, 0x32, 0x30, 0x61, 0x32, 0x30, 0x30, 0x61, 0x32, 0x30, 0x31, 0x61, 0x32, 0x30,
        0x32, 0x61, 0x32, 0x30, 0x33, 0x61, 0x32, 0x30, 0x34, 0x61, 0x32, 0x30, 0x35, 0x61, 0x32, 0x30, 0x36, 0x61, 0x32, 0x31, 0x61, 0x32, 0x32, 0x61,
        0x32, 0x33, 0x61, 0x32, 0x34, 0x61, 0x32, 0x35, 0x61, 0x32, 0x36, 0x61, 0x32, 0x37, 0x61, 0x32, 0x38, 0x61, 0x32, 0x39, 0x61, 0x33, 0x61, 0x33,
        0x30, 0x61, 0x33, 0x31, 0x61, 0x33, 0x32, 0x61, 0x33, 0x33, 0x61, 0x33, 0x34, 0x61, 0x33, 0x35, 0x61, 0x33, 0x36, 0x61, 0x33, 0x37, 0x61, 0x33,
        0x38, 0x61, 0x33, 0x39, 0x61, 0x34, 0x61, 0x34, 0x30, 0x61, 0x34, 0x31, 0x61, 0x34, 0x32, 0x61, 0x34, 0x33, 0x61, 0x34, 0x34, 0x61, 0x34, 0x35,
        0x61, 0x34, 0x36, 0x61, 0x34, 0x37, 0x61, 0x34, 0x38, 0x61, 0x34, 0x39, 0x61, 0x35, 0x61, 0x35, 0x30, 0x61, 0x35, 0x31, 0x61, 0x35, 0x32, 0x61,
        0x35, 0x33, 0x61, 0x35, 0x34, 0x61, 0x35, 0x35, 0x61, 0x35, 0x36, 0x61, 0x35, 0x37, 0x61, 0x35, 0x38, 0x61, 0x35, 0x39, 0x61, 0x36, 0x61, 0x36,
        0x30, 0x61, 0x36, 0x31, 0x61, 0x36, 0x32, 0x61, 0x36, 0x33, 0x61, 0x36, 0x34, 0x61, 0x36, 0x35, 0x61, 0x36, 0x36, 0x61, 0x36, 0x37, 0x61, 0x36,
        0x38, 0x61, 0x36, 0x39, 0x61, 0x37, 0x61, 0x37, 0x30, 0x61, 0x37, 0x31, 0x61, 0x37, 0x32, 0x61, 0x37, 0x33, 0x61, 0x37, 0x34, 0x61, 0x37, 0x35,
        0x61, 0x37, 0x36, 0x61, 0x37, 0x37, 0x61, 0x37, 0x38, 0x61, 0x37, 0x39, 0x61, 0x38, 0x61, 0x38, 0x31, 0x61, 0x38, 0x32, 0x61, 0x38, 0x33, 0x61,
        0x38, 0x34, 0x61, 0x38, 0x35, 0x61, 0x38, 0x36, 0x61, 0x38, 0x37, 0x61, 0x38, 0x38, 0x61, 0x38, 0x39, 0x61, 0x39, 0x61, 0x39, 0x30, 0x61, 0x39,
        0x31, 0x61, 0x39, 0x32, 0x61, 0x39, 0x33, 0x61, 0x39, 0x34, 0x61, 0x39, 0x35, 0x61, 0x39, 0x36, 0x61, 0x39, 0x37, 0x61, 0x39, 0x38, 0x61, 0x39,
        0x39, 0x61, 0x61, 0x62, 0x65, 0x6E, 0x67, 0x61, 0x6C, 0x69, 0x61, 0x61, 0x63, 0x75, 0x74, 0x65, 0x61, 0x61, 0x64, 0x65, 0x76, 0x61, 0x61, 0x61,
        0x67, 0x75, 0x6A, 0x61, 0x72, 0x61, 0x74, 0x69, 0x61, 0x61, 0x67, 0x75, 0x72, 0x6D, 0x75, 0x6B, 0x68, 0x69, 0x61, 0x61, 0x6D, 0x61, 0x74, 0x72,
        0x61, 0x67, 0x75, 0x72, 0x6D, 0x75, 0x6B, 0x68, 0x69, 0x61, 0x61, 0x72, 0x75, 0x73, 0x71, 0x75, 0x61, 0x72, 0x65, 0x61, 0x61, 0x76, 0x6F, 0x77,
        0x65, 0x6C, 0x73, 0x69, 0x67, 0x6E, 0x62, 0x65, 0x6E, 0x67, 0x61, 0x6C, 0x69, 0x61, 0x61, 0x76, 0x6F, 0x77, 0x65, 0x6C, 0x73, 0x69, 0x67, 0x6E,
        0x64, 0x65, 0x76, 0x61, 0x61, 0x61, 0x76, 0x6F, 0x77, 0x65, 0x6C, 0x73, 0x69, 0x67, 0x6E, 0x67, 0x75, 0x6A, 0x61, 0x72, 0x61, 0x74, 0x69, 0x61,
        0x62, 0x62, 0x72, 0x65, 0x76, 0x69, 0x61, 0x74, 0x69, 0x6F, 0x6E, 0x6D, 0x61, 0x72, 0x6B, 0x61, 0x72, 0x6D, 0x65, 0x6E, 0x69, 0x61, 0x6E, 0x61,
        0x62, 0x62, 0x72, 0x65, 0x76, 0x69, 0x61, 0x74, 0x69, 0x6F, 0x6E, 0x73, 0x69, 0x67, 0x6E, 0x64, 0x65, 0x76, 0x61, 0x61, 0x62, 0x65, 0x6E, 0x67,
        0x61, 0x6C, 0x69, 0x61, 0x62, 0x6F, 0x70, 0x6F, 0x6D, 0x6F, 0x66, 0x6F, 0x61, 0x62, 0x72, 0x65, 0x76, 0x65, 0x61, 0x62, 0x72, 0x65, 0x76, 0x65,
        0x61, 0x63, 0x75, 0x74, 0x65, 0x61, 0x62, 0x72, 0x65, 0x76, 0x65, 0x63, 0x79, 0x72, 0x69, 0x6C, 0x6C, 0x69, 0x63, 0x61, 0x62, 0x72, 0x65, 0x76,
        0x65, 0x64, 0x6F, 0x74, 0x62, 0x65, 0x6C, 0x6F, 0x77, 0x61, 0x62, 0x72, 0x65, 0x76, 0x65, 0x67, 0x72, 0x61, 0x76, 0x65, 0x61, 0x62, 0x72, 0x65,
        0x76, 0x65, 0x68, 0x6F, 0x6F, 0x6B, 0x61, 0x62, 0x6F, 0x76, 0x65, 0x61, 0x62, 0x72, 0x65, 0x76, 0x65, 0x74, 0x69, 0x6C, 0x64, 0x65, 0x61, 0x63,
        0x61, 0x72, 0x6F, 0x6E, 0x61, 0x63, 0x69, 0x72, 0x63, 0x6C, 0x65, 0x61, 0x63, 0x69, 0x72, 0x63, 0x75, 0x6D, 0x66, 0x6C, 0x65, 0x78, 0x61, 0x63,
        0x69, 0x72, 0x63, 0x75, 0x6D, 0x66, 0x6C, 0x65, 0x78, 0x61, 0x63, 0x75, 0x74, 0x65, 0x61, 0x63, 0x69, 0x72, 0x63, 0x75, 0x6D, 0x66, 0x6C, 0x65,
        0x78, 0x64, 0x6F, 0x74, 0x62, 0x65, 0x6C, 0x6F, 0x77, 0x61, 0x63, 0x69, 0x72, 0x63, 0x75, 0x6D, 0x66, 0x6C, 0x65, 0x78, 0x67, 0x72, 0x61, 0x76,
        0x65, 0x61, 0x63, 0x69, 0x72, 0x63, 0x75, 0x6D, 0x66, 0x6C, 0x65, 0x78, 0x68, 0x6F, 0x6F, 0x6B, 0x61, 0x62, 0x6F, 0x76, 0x65, 0x61, 0x63, 0x69,
        0x72, 0x63, 0x75, 0x6D, 0x66, 0x6C, 0x65, 0x78, 0x74, 0x69, 0x6C, 0x64, 0x65, 0x61, 0x63, 0x75, 0x74, 0x65, 0x61, 0x63, 0x75, 0x74, 0x65, 0x62,
        0x65, 0x6C, 0x6F, 0x77, 0x63, 0x6D, 0x62, 0x61, 0x63, 0x75, 0x74, 0x65, 0x63, 0x6D, 0x62, 0x61, 0x63, 0x75, 0x74, 0x65, 0x63, 0x6F, 0x6D, 0x62,
        0x61, 0x63, 0x75, 0x74, 0x65, 0x64, 0x65, 0x76, 0x61, 0x61, 0x63, 0x75, 0x74, 0x65, 0x6C, 0x6F, 0x77, 0x6D, 0x6F, 0x64, 0x61, 0x63, 0x75, 0x74,
        0x65, 0x74, 0x6F, 0x6E, 0x65, 0x63, 0x6D, 0x62, 0x61, 0x63, 0x79, 0x72, 0x69, 0x6C, 0x6C, 0x69, 0x63, 0x61, 0x64, 0x62, 0x6C, 0x67, 0x72, 0x61,
        0x76, 0x65, 0x61, 0x64, 0x64, 0x61, 0x6B, 0x67, 0x75, 0x72, 0x6D, 0x75, 0x6B, 0x68, 0x69, 0x61, 0x64, 0x65, 0x76, 0x61, 0x61, 0x64, 0x69, 0x65,
        0x72, 0x65, 0x73, 0x69, 0x73, 0x61, 0x64, 0x69, 0x65, 0x72, 0x65, 0x73, 0x69, 0x73, 0x63, 0x79, 0x72, 0x69, 0x6C, 0x6C, 0x69, 0x63, 0x61, 0x64,
        0x69, 0x65, 0x72, 0x65, 0x73, 0x69, 0x73, 0x6D, 0x61, 0x63, 0x72, 0x6F, 0x6E, 0x61, 0x64, 0x6F, 0x74, 0x62, 0x65, 0x6C, 0x6F, 0x77, 0x61, 0x64,
        0x6F, 0x74, 0x6D, 0x61, 0x63, 0x72, 0x6F, 0x6E, 0x61, 0x65, 0x61, 0x65, 0x61, 0x63, 0x75, 0x74, 0x65, 0x61, 0x65, 0x6B, 0x6F, 0x72, 0x65, 0x61,
        0x6E, 0x61, 0x65, 0x6D, 0x61, 0x63, 0x72, 0x6F, 0x6E, 0x61, 0x66, 0x69, 0x69, 0x30, 0x30, 0x32, 0x30, 0x38, 0x61, 0x66, 0x69, 0x69, 0x30, 0x38,
        0x39, 0x34, 0x31, 0x61, 0x66, 0x69, 0x69, 0x31, 0x30, 0x30, 0x31, 0x37, 0x61, 0x66, 0x69, 0x69, 0x31, 0x30, 0x30, 0x31, 0x38, 0x61, 0x66, 0x69,
        0x69, 0x31, 0x30, 0x30, 0x31, 0x39, 0x61, 0x66, 0x69, 0x69, 0x31, 0x30, 0x30, 0x32, 0x30, 0x61, 0x66, 0x69, 0x69, 0x31, 0x30, 0x30, 0x32, 0x31,
        0x61, 0x66, 0x69, 0x69, 0x31, 0x30, 0x30, 0x32, 0x32, 0x61, 0x66, 0x69, 0x69, 0x31, 0x30, 0x30, 0x32, 0x33, 0x61, 0x66, 0x69, 0x69, 0x31, 0x30,
        0x30, 0x32, 0x34, 0x61, 0x66, 0x69, 0x69, 0x31, 0x30, 0x30, 0x32, 0x35, 0x61, 0x66, 0x69, 0x69, 0x31, 0x30, 0x30, 0x32, 0x36, 0x61, 0x66, 0x69,
        0x69, 0x31, 0x30, 0x30, 0x32, 0x37, 0x61, 0x66, 0x69, 0x69, 0x31, 0x30, 0x30, 0x32, 0x38, 0x61, 0x66, 0x69, 0x69, 0x31, 0x30, 0x30, 0x32, 0x39,
        0x61, 0x66, 0x69, 0x69, 0x31, 0x30, 0x30, 0x33, 0x30, 0x61, 0x66, 0x69, 0x69, 0x31, 0x30, 0x30, 0x33, 0x31, 0x61, 0x66, 0x69, 0x69, 0x31, 0x30,
        0x30, 0x33, 0x32, 0x61, 0x66, 0x69, 0x69, 0x31, 0x30, 0x30, 0x33, 0x33, 0x61, 0x66, 0x69, 0x69, 0x31, 0x30, 0x30, 0x33, 0x34, 0x61, 0x66, 0x69,
        0x69, 0x31, 0x30, 0x30, 0x33, 0x35, 0x61, 0x66, 0x69, 0x69, 0x31, 0x30, 0x30, 0x33, 0x36, 0x61, 0x66, 0x69, 0x69, 0x31, 0x30, 0x30, 0x33, 0x37,
        0x61, 0x66, 0x69, 0x69, 0x31, 0x30, 0x30, 0x33, 0x38, 0x61, 0x66, 0x69, 0x69, 0x31, 0x30, 0x30, 0x33, 0x39, 0x61, 0x66, 0x69, 0x69, 0x31, 0x30,
        0x30, 0x34, 0x30, 0x61, 0x66, 0x69, 0x69, 0x31, 0x30, 0x30, 0x34, 0x31, 0x61, 0x66, 0x69, 0x69, 0x31, 0x30, 0x30, 0x34, 0x32, 0x61, 0x66, 0x69,
        0x69, 0x31, 0x30, 0x30, 0x34, 0x33, 0x61, 0x66, 0x69, 0x69, 0x31, 0x30, 0x30, 0x34, 0x34, 0x61, 0x66, 0x69, 0x69, 0x31, 0x30, 0x30, 0x34, 0x35,
        0x61, 0x66, 0x69, 0x69, 0x31, 0x30, 0x30, 0x34, 0x36, 0x61, 0x66, 0x69, 0x69, 0x31, 0x30, 0x30, 0x34, 0x37, 0x61, 0x66, 0x69, 0x69, 0x31, 0x30,
        0x30, 0x34, 0x38, 0x61, 0x66, 0x69, 0x69, 0x31, 0x30, 0x30, 0x34, 0x39, 0x61, 0x66, 0x69, 0x69, 0x31, 0x30, 0x30, 0x35, 0x30, 0x61, 0x66, 0x69,
        0x69, 0x31, 0x30, 0x30, 0x35, 0x31, 0x61, 0x66, 0x69, 0x69, 0x31, 0x30, 0x30, 0x35, 0x32, 0x61, 0x66, 0x69, 0x69, 0x31, 0x30, 0x30, 0x35, 0x33,
        0x61, 0x66, 0x69, 0x69, 0x31, 0x30, 0x30, 0x35, 0x34, 0x61, 0x66, 0x69, 0x69, 0x31, 0x30, 0x30, 0x35, 0x35, 0x61, 0x66, 0x69, 0x69, 0x31, 0x30,
        0x30, 0x35, 0x36, 0x61, 0x66, 0x69, 0x69, 0x31, 0x30, 0x30, 0x35, 0x37, 0x61, 0x66, 0x69, 0x69, 0x31, 0x30, 0x30, 0x35, 0x38, 0x61, 0x66, 0x69,
        0x69, 0x31, 0x30, 0x30, 0x35, 0x39, 0x61, 0x66, 0x69, 0x69, 0x31, 0x30, 0x30, 0x36, 0x30, 0x61, 0x66, 0x69, 0x69, 0x31, 0x30, 0x30, 0x36, 0x31,
        0x61, 0x66, 0x69, 0x69, 0x31, 0x30, 0x30, 0x36, 0x32, 0x61, 0x66, 0x69, 0x69, 0x31, 0x30, 0x30, 0x36, 0x33, 0x61, 0x66, 0x69, 0x69, 0x31, 0x30,
        0x30, 0x36, 0x34, 0x61, 0x66, 0x69, 0x69, 0x31, 0x30, 0x30, 0x36, 0x35, 0x61, 0x66, 0x69, 0x69, 0x31, 0x30, 0x30, 0x36, 0x36, 0x61, 0x66, 0x69,
        0x69, 0x31, 0x30, 0x30, 0x36, 0x37, 0x61, 0x66, 0x69, 0x69, 0x31, 0x30, 0x30, 0x36, 0x38, 0x61, 0x66, 0x69, 0x69, 0x31, 0x30, 0x30, 0x36, 0x39,
        0x61, 0x66, 0x69, 0x69, 0x31, 0x30, 0x30, 0x37, 0x30, 0x61, 0x66, 0x69, 0x69, 0x31, 0x30, 0x30, 0x37, 0x31, 0x61, 0x66, 0x69, 0x69, 0x31, 0x30,
        0x30, 0x37, 0x32, 0x61, 0x66, 0x69, 0x69, 0x31, 0x30, 0x30, 0x37, 0x33, 0x61, 0x66, 0x69, 0x69, 0x31, 0x30, 0x30, 0x37, 0x34, 0x61, 0x66, 0x69,
        0x69, 0x31, 0x30, 0x30, 0x37, 0x35, 0x61, 0x66, 0x69, 0x69, 0x31, 0x30, 0x30, 0x37, 0x36, 0x61, 0x66, 0x69, 0x69, 0x31, 0x30, 0x30, 0x37, 0x37,
        0x61, 0x66, 0x69, 0x69, 0x31, 0x30, 0x30, 0x37, 0x38, 0x61, 0x66, 0x69, 0x69, 0x31, 0x30, 0x30, 0x37, 0x39, 0x61, 0x66, 0x69, 0x69, 0x31, 0x30,
        0x30, 0x38, 0x30, 0x61, 0x66, 0x69, 0x69, 0x31, 0x30, 0x30, 0x38, 0x31, 0x61, 0x66, 0x69, 0x69, 0x31, 0x30, 0x30, 0x38, 0x32, 0x61, 0x66, 0x69,
        0x69, 0x31, 0x30, 0x30, 0x38, 0x33, 0x61, 0x66, 0x69, 0x69, 0x31, 0x30, 0x30, 0x38, 0x34, 0x61, 0x66, 0x69, 0x69, 0x31, 0x30, 0x30, 0x38, 0x35,
        0x61, 0x66, 0x69, 0x69, 0x31, 0x30, 0x30, 0x38, 0x36, 0x61, 0x66, 0x69, 0x69, 0x31, 0x30, 0x30, 0x38, 0x37, 0x61, 0x66, 0x69, 0x69, 0x31, 0x30,
        0x30, 0x38, 0x38, 0x61, 0x66, 0x69, 0x69, 0x31, 0x30, 0x30, 0x38, 0x39, 0x61, 0x66, 0x69, 0x69, 0x31, 0x30, 0x30, 0x39, 0x30, 0x61, 0x66, 0x69,
        0x69, 0x31, 0x30, 0x30, 0x39, 0x31, 0x61, 0x66, 0x69, 0x69, 0x31, 0x30, 0x30, 0x39, 0x32, 0x61, 0x66, 0x69, 0x69, 0x31, 0x30, 0x30, 0x39, 0x33,
        0x61, 0x66, 0x69, 0x69, 0x31, 0x30, 0x30, 0x39, 0x34, 0x61, 0x66, 0x69, 0x69, 0x31, 0x30, 0x30, 0x39, 0x35, 0x61, 0x66, 0x69, 0x69, 0x31, 0x30,
        0x30, 0x39, 0x36, 0x61, 0x66, 0x69, 0x69, 0x31, 0x30, 0x30, 0x39, 0x37, 0x61, 0x66, 0x69, 0x69, 0x31, 0x30, 0x30, 0x39, 0x38, 0x61, 0x66, 0x69,
        0x69, 0x31, 0x30, 0x30, 0x39, 0x39, 0x61, 0x66, 0x69, 0x69, 0x31, 0x30, 0x31, 0x30, 0x30, 0x61, 0x66, 0x69, 0x69, 0x31, 0x30, 0x31, 0x30, 0x31,
        0x61, 0x66, 0x69, 0x69, 0x31, 0x30, 0x31, 0x30, 0x32, 0x61, 0x66, 0x69, 0x69, 0x31, 0x30, 0x31, 0x30, 0x33, 0x61, 0x66, 0x69, 0x69, 0x31, 0x30,
        0x31, 0x30, 0x34, 0x61, 0x66, 0x69, 0x69, 0x31, 0x30, 0x31, 0x30, 0x35, 0x61, 0x66, 0x69, 0x69, 0x31, 0x30, 0x31, 0x30, 0x36, 0x61, 0x66, 0x69,
        0x69, 0x31, 0x30, 0x31, 0x30, 0x37, 0x61, 0x66, 0x69, 0x69, 0x31, 0x30, 0x31, 0x30, 0x38, 0x61, 0x66, 0x69, 0x69, 0x31, 0x30, 0x31, 0x30, 0x39,
        0x61, 0x66, 0x69, 0x69, 0x31, 0x30, 0x31, 0x31, 0x30, 0x61, 0x66, 0x69, 0x69, 0x31, 0x30, 0x31, 0x34, 0x35, 0x61, 0x66, 0x69, 0x69, 0x31, 0x30,
        0x31, 0x34, 0x36, 0x61, 0x66, 0x69, 0x69, 0x31, 0x30, 0x31, 0x34, 0x37, 0x61, 0x66, 0x69, 0x69, 0x31, 0x30, 0x31, 0x34, 0x38, 0x61, 0x66, 0x69,
        0x69, 0x31, 0x30, 0x31, 0x39, 0x32, 0x61, 0x66, 0x69, 0x69, 0x31, 0x30, 0x31, 0x39, 0x33, 0x61, 0x66, 0x69, 0x69, 0x31, 0x30, 0x31, 0x39, 0x34,
        0x61, 0x66, 0x69, 0x69, 0x31, 0x30, 0x31, 0x39, 0x35, 0x61, 0x66, 0x69, 0x69, 0x31, 0x30, 0x31, 0x39, 0x36, 0x61, 0x66, 0x69, 0x69, 0x31, 0x30,
        0x38, 0x33, 0x31, 0x61, 0x66, 0x69, 0x69, 0x31, 0x30, 0x38, 0x33, 0x32, 0x61, 0x66, 0x69, 0x69, 0x31, 0x30, 0x38, 0x34, 0x36, 0x61, 0x66, 0x69,
        0x69, 0x32, 0x39, 0x39, 0x61, 0x66, 0x69, 0x69, 0x33, 0x30, 0x30, 0x61, 0x66, 0x69, 0x69, 0x33, 0x30, 0x31, 0x61, 0x66, 0x69, 0x69, 0x35, 0x37,
        0x33, 0x38, 0x31, 0x61, 0x66, 0x69, 0x69, 0x35, 0x37, 0x33, 0x38, 0x38, 0x61, 0x66, 0x69, 0x69, 0x35, 0x37, 0x33, 0x39, 0x32, 0x61, 0x66, 0x69,
        0x69, 0x35, 0x37, 0x33, 0x39, 0x33, 0x61, 0x66, 0x69, 0x69, 0x35, 0x37, 0x33, 0x39, 0x34, 0x61, 0x66, 0x69, 0x69, 0x35, 0x37, 0x33, 0x39, 0x35,
        0x61, 0x66, 0x69, 0x69, 0x35, 0x37, 0x33, 0x39, 0x36, 0x61, 0x66, 0x69, 0x69, 0x35, 0x37, 0x33, 0x39, 0x37, 0x61, 0x66, 0x69, 0x69, 0x35, 0x37,
        0x33, 0x39, 0x38, 0x61, 0x66, 0x69, 0x69, 0x35, 0x37, 0x33, 0x39, 0x39, 0x61, 0x66, 0x69, 0x69, 0x35, 0x37, 0x34, 0x30, 0x30, 0x61, 0x66, 0x69,
        0x69, 0x35, 0x37, 0x34, 0x30, 0x31, 0x61, 0x66, 0x69, 0x69, 0x35, 0x37, 0x34, 0x30, 0x33, 0x61, 0x66, 0x69, 0x69, 0x35, 0x37, 0x34, 0x30, 0x37,
        0x61, 0x66, 0x69, 0x69, 0x35, 0x37, 0x34, 0x30, 0x39, 0x61, 0x66, 0x69, 0x69, 0x35, 0x37, 0x34, 0x31, 0x30, 0x61, 0x66, 0x69, 0x69, 0x35, 0x37,
        0x34, 0x31, 0x31, 0x61, 0x66, 0x69, 0x69, 0x35, 0x37, 0x34, 0x31, 0x32, 0x61, 0x66, 0x69, 0x69, 0x35, 0x37, 0x34, 0x31, 0x33, 0x61, 0x66, 0x69,
        0x69, 0x35, 0x37, 0x34, 0x31, 0x34, 0x61, 0x66, 0x69, 0x69, 0x35, 0x37, 0x34, 0x31, 0x35, 0x61, 0x66, 0x69, 0x69, 0x35, 0x37, 0x34, 0x31, 0x36,
        0x61, 0x66, 0x69, 0x69, 0x35, 0x37, 0x34, 0x31, 0x37, 0x61, 0x66, 0x69, 0x69, 0x35, 0x37, 0x34, 0x31, 0x38, 0x61, 0x66, 0x69, 0x69, 0x35, 0x37,
        0x34, 0x31, 0x39, 0x61, 0x66, 0x69, 0x69, 0x35, 0x37, 0x34, 0x32, 0x30, 0x61, 0x66, 0x69, 0x69, 0x35, 0x37, 0x34, 0x32, 0x31, 0x61, 0x66, 0x69,
        0x69, 0x35, 0x37, 0x34, 0x32, 0x32, 0x61, 0x66, 0x69, 0x69, 0x35, 0x37, 0x34, 0x32, 0x33, 0x61, 0x66, 0x69, 0x69, 0x35, 0x37, 0x34, 0x32, 0x34,
        0x61, 0x66, 0x69, 0x69, 0x35, 0x37, 0x34, 0x32, 0x35, 0x61, 0x66, 0x69, 0x69, 0x35, 0x37, 0x34, 0x32, 0x36, 0x61, 0x66, 0x69, 0x69, 0x35, 0x37,
        0x34, 0x32, 0x37, 0x61, 0x66, 0x69, 0x69, 0x35, 0x37, 0x34, 0x32, 0x38, 0x61, 0x66, 0x69, 0x69, 0x35, 0x37, 0x34, 0x32, 0x39, 0x61, 0x66, 0x69,
        0x69, 0x35, 0x37, 0x34, 0x33, 0x30, 0x61, 0x66, 0x69, 0x69, 0x35, 0x37, 0x34, 0x33, 0x31, 0x61, 0x66, 0x69, 0x69, 0x35, 0x37, 0x34, 0x33, 0x32,
        0x61, 0x66, 0x69, 0x69, 0x35, 0x37, 0x34, 0x33, 0x33, 0x61, 0x66, 0x69, 0x69, 0x35, 0x37, 0x34, 0x33, 0x34, 0x61, 0x66, 0x69, 0x69, 0x35, 0x37,
        0x34, 0x34, 0x30, 0x61, 0x66, 0x69, 0x69, 0x35, 0x37, 0x34, 0x34, 0x31, 0x61, 0x66, 0x69, 0x69, 0x35, 0x37, 0x34, 0x34, 0x32, 0x61, 0x66, 0x69,
        0x69, 0x35, 0x37, 0x34, 0x34, 0x33, 0x61, 0x66, 0x69, 0x69, 0x35, 0x37, 0x34, 0x34, 0x34, 0x61, 0x66, 0x69, 0x69, 0x35, 0x37, 0x34, 0x34, 0x35,
        0x61, 0x66, 0x69, 0x69, 0x35, 0x37, 0x34, 0x34, 0x36, 0x61, 0x66, 0x69, 0x69, 0x35, 0x37, 0x34, 0x34, 0x38, 0x61, 0x66, 0x69, 0x69, 0x35, 0x37,
        0x34, 0x34, 0x39, 0x61, 0x66, 0x69, 0x69, 0x35, 0x37, 0x34, 0x35, 0x30, 0x61, 0x66, 0x69, 0x69, 0x35, 0x37, 0x34, 0x35, 0x31, 0x61, 0x66, 0x69,
        0x69, 0x35, 0x37, 0x34, 0x35, 0x32, 0x61, 0x66, 0x69, 0x69, 0x35, 0x37, 0x34, 0x35, 0x33, 0x61, 0x66, 0x69, 0x69, 0x35, 0x37, 0x34, 0x35, 0x34,
        0x61, 0x66, 0x69, 0x69, 0x35, 0x37, 0x34, 0x35, 0x35, 0x61, 0x66, 0x69, 0x69, 0x35, 0x37, 0x34, 0x35, 0x36, 0x61, 0x66, 0x69, 0x69, 0x35, 0x37,
        0x34, 0x35, 0x37, 0x61, 0x66, 0x69, 0x69, 0x35, 0x37, 0x34, 0x35, 0x38, 0x61, 0x66, 0x69, 0x69, 0x35, 0x37, 0x34, 0x37, 0x30, 0x61, 0x66, 0x69,
        0x69, 0x35, 0x37, 0x35, 0x30, 0x35, 0x61, 0x66, 0x69, 0x69, 0x35, 0x37, 0x35, 0x30, 0x36, 0x61, 0x66, 0x69, 0x69, 0x35, 0x37, 0x35, 0x30, 0x37,
        0x61, 0x66, 0x69, 0x69, 0x35, 0x37, 0x35, 0x30, 0x38, 0x61, 0x66, 0x69, 0x69, 0x35, 0x37, 0x35, 0x30, 0x39, 0x61, 0x66, 0x69, 0x69, 0x35, 0x37,
        0x35, 0x31, 0x31, 0x61, 0x66, 0x69, 0x69, 0x35, 0x37, 0x35, 0x31, 0x32, 0x61, 0x66, 0x69, 0x69, 0x35, 0x37, 0x35, 0x31, 0x33, 0x61, 0x66, 0x69,
        0x69, 0x35, 0x37, 0x35, 0x31, 0x34, 0x61, 0x66, 0x69, 0x69, 0x35, 0x37, 0x35, 0x31, 0x39, 0x61, 0x66, 0x69, 0x69, 0x35, 0x37, 0x35, 0x33, 0x34,
        0x61, 0x66, 0x69, 0x69, 0x35, 0x37, 0x36, 0x33, 0x36, 0x61, 0x66, 0x69, 0x69, 0x35, 0x37, 0x36, 0x34, 0x35, 0x61, 0x66, 0x69, 0x69, 0x35, 0x37,
        0x36, 0x35, 0x38, 0x61, 0x66, 0x69, 0x69, 0x35, 0x37, 0x36, 0x36, 0x34, 0x61, 0x66, 0x69, 0x69, 0x35, 0x37, 0x36, 0x36, 0x35, 0x61, 0x66, 0x69,
        0x69, 0x35, 0x37, 0x36, 0x36, 0x36, 0x61, 0x66, 0x69, 0x69, 0x35, 0x37, 0x36, 0x36, 0x37, 0x61, 0x66, 0x69, 0x69, 0x35, 0x37, 0x36, 0x36, 0x38,
        0x61, 0x66, 0x69, 0x69, 0x35, 0x37, 0x36, 0x36, 0x39, 0x61, 0x66, 0x69, 0x69, 0x35, 0x37, 0x36, 0x37, 0x30, 0x61, 0x66, 0x69, 0x69, 0x35, 0x37,
        0x36, 0x37, 0x31, 0x61, 0x66, 0x69, 0x69, 0x35, 0x37, 0x36, 0x37, 0x32, 0x61, 0x66, 0x69, 0x69, 0x35, 0x37, 0x36, 0x37, 0x33, 0x61, 0x66, 0x69,
        0x69, 0x35, 0x37, 0x36, 0x37, 0x34, 0x61, 0x66, 0x69, 0x69, 0x35, 0x37, 0x36, 0x37, 0x35, 0x61, 0x66, 0x69, 0x69, 0x35, 0x37, 0x36, 0x37, 0x36,
        0x61, 0x66, 0x69, 0x69, 0x35, 0x37, 0x36, 0x37, 0x37, 0x61, 0x66, 0x69, 0x69, 0x35, 0x37, 0x36, 0x37, 0x38, 0x61, 0x66, 0x69, 0x69, 0x35, 0x37,
        0x36, 0x37, 0x39, 0x61, 0x66, 0x69, 0x69, 0x35, 0x37, 0x36, 0x38, 0x30, 0x61, 0x66, 0x69, 0x69, 0x35, 0x37, 0x36, 0x38, 0x31, 0x61, 0x66, 0x69,
        0x69, 0x35, 0x37, 0x36, 0x38, 0x32, 0x61, 0x66, 0x69, 0x69, 0x35, 0x37, 0x36, 0x38, 0x33, 0x61, 0x66, 0x69, 0x69, 0x35, 0x37, 0x36, 0x38, 0x34,
        0x61, 0x66, 0x69, 0x69, 0x35, 0x37, 0x36, 0x38, 0x35, 0x61, 0x66, 0x69, 0x69, 0x35, 0x37, 0x36, 0x38, 0x36, 0x61, 0x66, 0x69, 0x69, 0x35, 0x37,
        0x36, 0x38, 0x37, 0x61, 0x66, 0x69, 0x69, 0x35, 0x37, 0x36, 0x38, 0x38, 0x61, 0x66, 0x69, 0x69, 0x35, 0x37, 0x36, 0x38, 0x39, 0x61, 0x66, 0x69,
        0x69, 0x35, 0x37, 0x36, 0x39, 0x30, 0x61, 0x66, 0x69, 0x69, 0x35, 0x37, 0x36, 0x39, 0x34, 0x61, 0x66, 0x69, 0x69, 0x35, 0x37, 0x36, 0x39, 0x35,
        0x61, 0x66, 0x69, 0x69, 0x35, 0x37, 0x37, 0x30, 0x30, 0x61, 0x66, 0x69, 0x69, 0x35, 0x37, 0x37, 0x30, 0x35, 0x61, 0x66, 0x69, 0x69, 0x35, 0x37,
        0x37, 0x31, 0x36, 0x61, 0x66, 0x69, 0x69, 0x35, 0x37, 0x37, 0x31, 0x37, 0x61, 0x66, 0x69, 0x69, 0x35, 0x37, 0x37, 0x31, 0x38, 0x61, 0x66, 0x69,
        0x69, 0x35, 0x37, 0x37, 0x32, 0x33, 0x61, 0x66, 0x69, 0x69, 0x35, 0x37, 0x37, 0x39, 0x33, 0x61, 0x66, 0x69, 0x69, 0x35, 0x37, 0x37, 0x39, 0x34,
        0x61, 0x66, 0x69, 0x69, 0x35, 0x37, 0x37, 0x39, 0x35, 0x61, 0x66, 0x69, 0x69, 0x35, 0x37, 0x37, 0x39, 0x36, 0x61, 0x66, 0x69, 0x69, 0x35, 0x37,
        0x37, 0x39, 0x37, 0x61, 0x66, 0x69, 0x69, 0x35, 0x37, 0x37, 0x39, 0x38, 0x61, 0x66, 0x69, 0x69, 0x35, 0x37, 0x37, 0x39, 0x39, 0x61, 0x66, 0x69,
        0x69, 0x35, 0x37, 0x38, 0x30, 0x30, 0x61, 0x66, 0x69, 0x69, 0x35, 0x37, 0x38, 0x30, 0x31, 0x61, 0x66, 0x69, 0x69, 0x35, 0x37, 0x38, 0x30, 0x32,
        0x61, 0x66, 0x69, 0x69, 0x35, 0x37, 0x38, 0x30, 0x33, 0x61, 0x66, 0x69, 0x69, 0x35, 0x37, 0x38, 0x30, 0x34, 0x61, 0x66, 0x69, 0x69, 0x35, 0x37,
        0x38, 0x30, 0x36, 0x61, 0x66, 0x69, 0x69, 0x35, 0x37, 0x38, 0x30, 0x37, 0x61, 0x66, 0x69, 0x69, 0x35, 0x37, 0x38, 0x33, 0x39, 0x61, 0x66, 0x69,
        0x69, 0x35, 0x37, 0x38, 0x34, 0x31, 0x61, 0x66, 0x69, 0x69, 0x35, 0x37, 0x38, 0x34, 0x32, 0x61, 0x66, 0x69, 0x69, 0x35, 0x37, 0x39, 0x32, 0x39,
        0x61, 0x66, 0x69, 0x69, 0x36, 0x31, 0x32, 0x34, 0x38, 0x61, 0x66, 0x69, 0x69, 0x36, 0x31, 0x32, 0x38, 0x39, 0x61, 0x66, 0x69, 0x69, 0x36, 0x31,
        0x33, 0x35, 0x32, 0x61, 0x66, 0x69, 0x69, 0x36, 0x31, 0x35, 0x37, 0x33, 0x61, 0x66, 0x69, 0x69, 0x36, 0x31, 0x35, 0x37, 0x34, 0x61, 0x66, 0x69,
        0x69, 0x36, 0x31, 0x35, 0x37, 0x35, 0x61, 0x66, 0x69, 0x69, 0x36, 0x31, 0x36, 0x36, 0x34, 0x61, 0x66, 0x69, 0x69, 0x36, 0x33, 0x31, 0x36, 0x37,
        0x61, 0x66, 0x69, 0x69, 0x36, 0x34, 0x39, 0x33, 0x37, 0x61, 0x67, 0x72, 0x61, 0x76, 0x65, 0x61, 0x67, 0x75, 0x6A, 0x61, 0x72, 0x61, 0x74, 0x69,
        0x61, 0x67, 0x75, 0x72, 0x6D, 0x75, 0x6B, 0x68, 0x69, 0x61, 0x68, 0x69, 0x72, 0x61, 0x67, 0x61, 0x6E, 0x61, 0x61, 0x68, 0x6F, 0x6F, 0x6B, 0x61,
        0x62, 0x6F, 0x76, 0x65, 0x61, 0x69, 0x62, 0x65, 0x6E, 0x67, 0x61, 0x6C, 0x69, 0x61, 0x69, 0x62, 0x6F, 0x70, 0x6F, 0x6D, 0x6F, 0x66, 0x6F, 0x61,
        0x69, 0x64, 0x65, 0x76, 0x61, 0x61, 0x69, 0x65, 0x63, 0x79, 0x72, 0x69, 0x6C, 0x6C, 0x69, 0x63, 0x61, 0x69, 0x67, 0x75, 0x6A, 0x61, 0x72, 0x61,
        0x74, 0x69, 0x61, 0x69, 0x67, 0x75, 0x72, 0x6D, 0x75, 0x6B, 0x68, 0x69, 0x61, 0x69, 0x6D, 0x61, 0x74, 0x72, 0x61, 0x67, 0x75, 0x72, 0x6D, 0x75,
        0x6B, 0x68, 0x69, 0x61, 0x69, 0x6E, 0x61, 0x72, 0x61, 0x62, 0x69, 0x63, 0x61, 0x69, 0x6E, 0x66, 0x69, 0x6E, 0x61, 0x6C, 0x61, 0x72, 0x61, 0x62,
        0x69, 0x63, 0x61, 0x69, 0x6E, 0x69, 0x6E, 0x69, 0x74, 0x69, 0x61, 0x6C, 0x61, 0x72, 0x61, 0x62, 0x69, 0x63, 0x61, 0x69, 0x6E, 0x6D, 0x65, 0x64,
        0x69, 0x61, 0x6C, 0x61, 0x72, 0x61, 0x62, 0x69, 0x63, 0x61, 0x69, 0x6E, 0x76, 0x65, 0x72, 0x74, 0x65, 0x64, 0x62, 0x72, 0x65, 0x76, 0x65, 0x61,
        0x69, 0x76, 0x6F, 0x77, 0x65, 0x6C, 0x73, 0x69, 0x67, 0x6E, 0x62, 0x65, 0x6E, 0x67, 0x61, 0x6C, 0x69, 0x61, 0x69, 0x76, 0x6F, 0x77, 0x65, 0x6C,
        0x73, 0x69, 0x67, 0x6E, 0x64, 0x65, 0x76, 0x61, 0x61, 0x69, 0x76, 0x6F, 0x77, 0x65, 0x6C, 0x73, 0x69, 0x67, 0x6E, 0x67, 0x75, 0x6A, 0x61, 0x72,
        0x61, 0x74, 0x69, 0x61, 0x6B, 0x61, 0x74, 0x61, 0x6B, 0x61, 0x6E, 0x61, 0x61, 0x6B, 0x61, 0x74, 0x61, 0x6B, 0x61, 0x6E, 0x61, 0x68, 0x61, 0x6C,
        0x66, 0x77, 0x69, 0x64, 0x74, 0x68, 0x61, 0x6B, 0x6F, 0x72, 0x65, 0x61, 0x6E, 0x61, 0x6C, 0x65, 0x66, 0x61, 0x6C, 0x65, 0x66, 0x61, 0x72, 0x61,
        0x62, 0x69, 0x63, 0x61, 0x6C, 0x65, 0x66, 0x64, 0x61, 0x67, 0x65, 0x73, 0x68, 0x68, 0x65, 0x62, 0x72, 0x65, 0x77, 0x61, 0x6C, 0x65, 0x66, 0x66,
        0x69, 0x6E, 0x61, 0x6C, 0x61, 0x72, 0x61, 0x62, 0x69, 0x63, 0x61, 0x6C, 0x65, 0x66, 0x68, 0x61, 0x6D, 0x7A, 0x61, 0x61, 0x62, 0x6F, 0x76, 0x65,
        0x61, 0x72, 0x61, 0x62, 0x69, 0x63, 0x61, 0x6C, 0x65, 0x66, 0x68, 0x61, 0x6D, 0x7A, 0x61, 0x61, 0x62, 0x6F, 0x76, 0x65, 0x66, 0x69, 0x6E, 0x61,
        0x6C, 0x61, 0x72, 0x61, 0x62, 0x69, 0x63, 0x61, 0x6C, 0x65, 0x66, 0x68, 0x61, 0x6D, 0x7A, 0x61, 0x62, 0x65, 0x6C, 0x6F, 0x77, 0x61, 0x72, 0x61,
        0x62, 0x69, 0x63, 0x61, 0x6C, 0x65, 0x66, 0x68, 0x61, 0x6D, 0x7A, 0x61, 0x62, 0x65, 0x6C, 0x6F, 0x77, 0x66, 0x69, 0x6E, 0x61, 0x6C, 0x61, 0x72,
        0x61, 0x62, 0x69, 0x63, 0x61, 0x6C, 0x65, 0x66, 0x68, 0x65, 0x62, 0x72, 0x65, 0x77, 0x61, 0x6C, 0x65, 0x66, 0x6C, 0x61, 0x6D, 0x65, 0x64, 0x68,
        0x65, 0x62, 0x72, 0x65, 0x77, 0x61, 0x6C, 0x65, 0x66, 0x6D, 0x61, 0x64, 0x64, 0x61, 0x61, 0x62, 0x6F, 0x76, 0x65, 0x61, 0x72, 0x61, 0x62, 0x69,
        0x63, 0x61, 0x6C, 0x65, 0x66, 0x6D, 0x61, 0x64, 0x64, 0x61, 0x61, 0x62, 0x6F, 0x76, 0x65, 0x66, 0x69, 0x6E, 0x61, 0x6C, 0x61, 0x72, 0x61, 0x62,
        0x69, 0x63, 0x61, 0x6C, 0x65, 0x66, 0x6D, 0x61, 0x6B, 0x73, 0x75, 0x72, 0x61, 0x61, 0x72, 0x61, 0x62, 0x69, 0x63, 0x61, 0x6C, 0x65, 0x66, 0x6D,
        0x61, 0x6B, 0x73, 0x75, 0x72, 0x61, 0x66, 0x69, 0x6E, 0x61, 0x6C, 0x61, 0x72, 0x61, 0x62, 0x69, 0x63, 0x61, 0x6C, 0x65, 0x66, 0x6D, 0x61, 0x6B,
        0x73, 0x75, 0x72, 0x61, 0x69, 0x6E, 0x69, 0x74, 0x69, 0x61, 0x6C, 0x61, 0x72, 0x61, 0x62, 0x69, 0x63, 0x61, 0x6C, 0x65, 0x66, 0x6D, 0x61, 0x6B,
        0x73, 0x75, 0x72, 0x61, 0x6D, 0x65, 0x64, 0x69, 0x61, 0x6C, 0x61, 0x72, 0x61, 0x62, 0x69, 0x63, 0x61, 0x6C, 0x65, 0x66, 0x70, 0x61, 0x74, 0x61,
        0x68, 0x68, 0x65, 0x62, 0x72, 0x65, 0x77, 0x61, 0x6C, 0x65, 0x66, 0x71, 0x61, 0x6D, 0x61, 0x74, 0x73, 0x68, 0x65, 0x62, 0x72, 0x65, 0x77, 0x61,
        0x6C, 0x65, 0x70, 0x68, 0x61, 0x6C, 0x6C, 0x65, 0x71, 0x75, 0x61, 0x6C, 0x61, 0x6C, 0x70, 0x68, 0x61, 0x61, 0x6C, 0x70, 0x68, 0x61, 0x74, 0x6F,
        0x6E, 0x6F, 0x73, 0x61, 0x6D, 0x61, 0x63, 0x72, 0x6F, 0x6E, 0x61, 0x6D, 0x6F, 0x6E, 0x6F, 0x73, 0x70, 0x61, 0x63, 0x65, 0x61, 0x6D, 0x70, 0x65,
        0x72, 0x73, 0x61, 0x6E, 0x64, 0x61, 0x6D, 0x70, 0x65, 0x72, 0x73, 0x61, 0x6E, 0x64, 0x6D, 0x6F, 0x6E, 0x6F, 0x73, 0x70, 0x61, 0x63, 0x65, 0x61,
        0x6D, 0x70, 0x65, 0x72, 0x73, 0x61, 0x6E, 0x64, 0x73, 0x6D, 0x61, 0x6C, 0x6C, 0x61, 0x6D, 0x73, 0x71, 0x75, 0x61, 0x72, 0x65, 0x61, 0x6E, 0x62,
        0x6F, 0x70, 0x6F, 0x6D, 0x6F, 0x66, 0x6F, 0x61, 0x6E, 0x67, 0x62, 0x6F, 0x70, 0x6F, 0x6D, 0x6F, 0x66, 0x6F, 0x61, 0x6E, 0x67, 0x6B, 0x68, 0x61,
        0x6E, 0x6B, 0x68, 0x75, 0x74, 0x68, 0x61, 0x69, 0x61, 0x6E, 0x67, 0x6C, 0x65, 0x61, 0x6E, 0x67, 0x6C, 0x65, 0x62, 0x72, 0x61, 0x63, 0x6B, 0x65,
        0x74, 0x6C, 0x65, 0x66, 0x74, 0x61, 0x6E, 0x67, 0x6C, 0x65, 0x62, 0x72, 0x61, 0x63, 0x6B, 0x65, 0x74, 0x6C, 0x65, 0x66, 0x74, 0x76, 0x65, 0x72,
        0x74, 0x69, 0x63, 0x61, 0x6C, 0x61, 0x6E, 0x67, 0x6C, 0x65, 0x62, 0x72, 0x61, 0x63, 0x6B, 0x65, 0x74, 0x72, 0x69, 0x67, 0x68, 0x74, 0x61, 0x6E,
        0x67, 0x6C, 0x65, 0x62, 0x72, 0x61, 0x63, 0x6B, 0x65, 0x74, 0x72, 0x69, 0x67, 0x68, 0x74, 0x76, 0x65, 0x72, 0x74, 0x69, 0x63, 0x61, 0x6C, 0x61,
        0x6E, 0x67, 0x6C, 0x65, 0x6C, 0x65, 0x66, 0x74, 0x61, 0x6E, 0x67, 0x6C, 0x65, 0x72, 0x69, 0x67, 0x68, 0x74, 0x61, 0x6E, 0x67, 0x73, 0x74, 0x72,
        0x6F, 0x6D, 0x61, 0x6E, 0x6F, 0x74, 0x65, 0x6C, 0x65, 0x69, 0x61, 0x61, 0x6E, 0x75, 0x64, 0x61, 0x74, 0x74, 0x61, 0x64, 0x65, 0x76, 0x61, 0x61,
        0x6E, 0x75, 0x73, 0x76, 0x61, 0x72, 0x61, 0x62, 0x65, 0x6E, 0x67, 0x61, 0x6C, 0x69, 0x61, 0x6E, 0x75, 0x73, 0x76, 0x61, 0x72, 0x61, 0x64, 0x65,
        0x76, 0x61, 0x61, 0x6E, 0x75, 0x73, 0x76, 0x61, 0x72, 0x61, 0x67, 0x75, 0x6A, 0x61, 0x72, 0x61, 0x74, 0x69, 0x61, 0x6F, 0x67, 0x6F, 0x6E, 0x65,
        0x6B, 0x61, 0x70, 0x61, 0x61, 0x74, 0x6F, 0x73, 0x71, 0x75, 0x61, 0x72, 0x65, 0x61, 0x70, 0x61, 0x72, 0x65, 0x6E, 0x61, 0x70, 0x6F, 0x73, 0x74,
        0x72, 0x6F, 0x70, 0x68, 0x65, 0x61, 0x72, 0x6D, 0x65, 0x6E, 0x69, 0x61, 0x6E, 0x61, 0x70, 0x6F, 0x73, 0x74, 0x72, 0x6F, 0x70, 0x68, 0x65, 0x6D,
        0x6F, 0x64, 0x61, 0x70, 0x70, 0x6C, 0x65, 0x61, 0x70, 0x70, 0x72, 0x6F, 0x61, 0x63, 0x68, 0x65, 0x73, 0x61, 0x70, 0x70, 0x72, 0x6F, 0x78, 0x65,
        0x71, 0x75, 0x61, 0x6C, 0x61, 0x70, 0x70, 0x72, 0x6F, 0x78, 0x65, 0x71, 0x75, 0x61, 0x6C, 0x6F, 0x72, 0x69, 0x6D, 0x61, 0x67, 0x65, 0x61, 0x70,
        0x70, 0x72, 0x6F, 0x78, 0x69, 0x6D, 0x61, 0x74, 0x65, 0x6C, 0x79, 0x65, 0x71, 0x75, 0x61, 0x6C, 0x61, 0x72, 0x61, 0x65, 0x61, 0x65, 0x6B, 0x6F,
        0x72, 0x65, 0x61, 0x6E, 0x61, 0x72, 0x61, 0x65, 0x61, 0x6B, 0x6F, 0x72, 0x65, 0x61, 0x6E, 0x61, 0x72, 0x63, 0x61, 0x72, 0x69, 0x67, 0x68, 0x74,
        0x68, 0x61, 0x6C, 0x66, 0x72, 0x69, 0x6E, 0x67, 0x61, 0x72, 0x69, 0x6E, 0x67, 0x61, 0x72, 0x69, 0x6E, 0x67, 0x61, 0x63, 0x75, 0x74, 0x65, 0x61,
        0x72, 0x69, 0x6E, 0x67, 0x62, 0x65, 0x6C, 0x6F, 0x77, 0x61, 0x72, 0x72, 0x6F, 0x77, 0x62, 0x6F, 0x74, 0x68, 0x61, 0x72, 0x72, 0x6F, 0x77, 0x64,
        0x61, 0x73, 0x68, 0x64, 0x6F, 0x77, 0x6E, 0x61, 0x72, 0x72, 0x6F, 0x77, 0x64, 0x61, 0x73, 0x68, 0x6C, 0x65, 0x66, 0x74, 0x61, 0x72, 0x72, 0x6F,
        0x77, 0x64, 0x61, 0x73, 0x68, 0x72, 0x69, 0x67, 0x68, 0x74, 0x61, 0x72, 0x72, 0x6F, 0x77, 0x64, 0x61, 0x73, 0x68, 0x75, 0x70, 0x61, 0x72, 0x72,
        0x6F, 0x77, 0x64, 0x62, 0x6C, 0x62, 0x6F, 0x74, 0x68, 0x61, 0x72, 0x72, 0x6F, 0x77, 0x64, 0x62, 0x6C, 0x64, 0x6F, 0x77, 0x6E, 0x61, 0x72, 0x72,
        0x6F, 0x77, 0x64, 0x62, 0x6C, 0x6C, 0x65, 0x66, 0x74, 0x61, 0x72, 0x72, 0x6F, 0x77, 0x64, 0x62, 0x6C, 0x72, 0x69, 0x67, 0x68, 0x74, 0x61, 0x72,
        0x72, 0x6F, 0x77, 0x64, 0x62, 0x6C, 0x75, 0x70, 0x61, 0x72, 0x72, 0x6F, 0x77, 0x64, 0x6F, 0x77, 0x6E, 0x61, 0x72, 0x72, 0x6F, 0x77, 0x64, 0x6F,
        0x77, 0x6E, 0x6C, 0x65, 0x66, 0x74, 0x61, 0x72, 0x72, 0x6F, 0x77, 0x64, 0x6F, 0x77, 0x6E, 0x72, 0x69, 0x67, 0x68, 0x74, 0x61, 0x72, 0x72, 0x6F,
        0x77, 0x64, 0x6F, 0x77, 0x6E, 0x77, 0x68, 0x69, 0x74, 0x65, 0x61, 0x72, 0x72, 0x6F, 0x77, 0x68, 0x65, 0x61, 0x64, 0x64, 0x6F, 0x77, 0x6E, 0x6D,
        0x6F, 0x64, 0x61, 0x72, 0x72, 0x6F, 0x77, 0x68, 0x65, 0x61, 0x64, 0x6C, 0x65, 0x66, 0x74, 0x6D, 0x6F, 0x64, 0x61, 0x72, 0x72, 0x6F, 0x77, 0x68,
        0x65, 0x61, 0x64, 0x72, 0x69, 0x67, 0x68, 0x74, 0x6D, 0x6F, 0x64, 0x61, 0x72, 0x72, 0x6F, 0x77, 0x68, 0x65, 0x61, 0x64, 0x75, 0x70, 0x6D, 0x6F,
        0x64, 0x61, 0x72, 0x72, 0x6F, 0x77, 0x68, 0x6F, 0x72, 0x69, 0x7A, 0x65, 0x78, 0x61, 0x72, 0x72, 0x6F, 0x77, 0x6C, 0x65, 0x66, 0x74, 0x61, 0x72,
        0x72, 0x6F, 0x77, 0x6C, 0x65, 0x66, 0x74, 0x64, 0x62, 0x6C, 0x61, 0x72, 0x72, 0x6F, 0x77, 0x6C, 0x65, 0x66, 0x74, 0x64, 0x62, 0x6C, 0x73, 0x74,
        0x72, 0x6F, 0x6B, 0x65, 0x61, 0x72, 0x72, 0x6F, 0x77, 0x6C, 0x65, 0x66, 0x74, 0x6F, 0x76, 0x65, 0x72, 0x72, 0x69, 0x67, 0x68, 0x74, 0x61, 0x72,
        0x72, 0x6F, 0x77, 0x6C, 0x65, 0x66, 0x74, 0x77, 0x68, 0x69, 0x74, 0x65, 0x61, 0x72, 0x72, 0x6F, 0x77, 0x72, 0x69, 0x67, 0x68, 0x74, 0x61, 0x72,
        0x72, 0x6F, 0x77, 0x72, 0x69, 0x67, 0x68, 0x74, 0x64, 0x62, 0x6C, 0x73, 0x74, 0x72, 0x6F, 0x6B, 0x65, 0x61, 0x72, 0x72, 0x6F, 0x77, 0x72, 0x69,
        0x67, 0x68, 0x74, 0x68, 0x65, 0x61, 0x76, 0x79, 0x61, 0x72, 0x72, 0x6F, 0x77, 0x72, 0x69, 0x67, 0x68, 0x74, 0x6F, 0x76, 0x65, 0x72, 0x6C, 0x65,
        0x66, 0x74, 0x61, 0x72, 0x72, 0x6F, 0x77, 0x72, 0x69, 0x67, 0x68, 0x74, 0x77, 0x68, 0x69, 0x74, 0x65, 0x61, 0x72, 0x72, 0x6F, 0x77, 0x74, 0x61,
        0x62, 0x6C, 0x65, 0x66, 0x74, 0x61, 0x72, 0x72, 0x6F, 0x77, 0x74, 0x61, 0x62, 0x72, 0x69, 0x67, 0x68, 0x74, 0x61, 0x72, 0x72, 0x6F, 0x77, 0x75,
        0x70, 0x61, 0x72, 0x72, 0x6F, 0x77, 0x75, 0x70, 0x64, 0x6E, 0x61, 0x72, 0x72, 0x6F, 0x77, 0x75, 0x70, 0x64, 0x6E, 0x62, 0x73, 0x65, 0x61, 0x72,
        0x72, 0x6F, 0x77, 0x75, 0x70, 0x64, 0x6F, 0x77, 0x6E, 0x62, 0x61, 0x73, 0x65, 0x61, 0x72, 0x72, 0x6F, 0x77, 0x75, 0x70, 0x6C, 0x65, 0x66, 0x74,
        0x61, 0x72, 0x72, 0x6F, 0x77, 0x75, 0x70, 0x6C, 0x65, 0x66, 0x74, 0x6F, 0x66, 0x64, 0x6F, 0x77, 0x6E, 0x61, 0x72, 0x72, 0x6F, 0x77, 0x75, 0x70,
        0x72, 0x69, 0x67, 0x68, 0x74, 0x61, 0x72, 0x72, 0x6F, 0x77, 0x75, 0x70, 0x77, 0x68, 0x69, 0x74, 0x65, 0x61, 0x72, 0x72, 0x6F, 0x77, 0x76, 0x65,
        0x72, 0x74, 0x65, 0x78, 0x61, 0x73, 0x63, 0x69, 0x69, 0x63, 0x69, 0x72, 0x63, 0x75, 0x6D, 0x61, 0x73, 0x63, 0x69, 0x69, 0x63, 0x69, 0x72, 0x63,
        0x75, 0x6D, 0x6D, 0x6F, 0x6E, 0x6F, 0x73, 0x70, 0x61, 0x63, 0x65, 0x61, 0x73, 0x63, 0x69, 0x69, 0x74, 0x69, 0x6C, 0x64, 0x65, 0x61, 0x73, 0x63,
        0x69, 0x69, 0x74, 0x69, 0x6C, 0x64, 0x65, 0x6D, 0x6F, 0x6E, 0x6F, 0x73, 0x70, 0x61, 0x63, 0x65, 0x61, 0x73, 0x63, 0x72, 0x69, 0x70, 0x74, 0x61,
        0x73, 0x63, 0x72, 0x69, 0x70, 0x74, 0x74, 0x75, 0x72, 0x6E, 0x65, 0x64, 0x61, 0x73, 0x6D, 0x61, 0x6C, 0x6C, 0x68, 0x69, 0x72, 0x61, 0x67, 0x61,
        0x6E, 0x61, 0x61, 0x73, 0x6D, 0x61, 0x6C, 0x6C, 0x6B, 0x61, 0x74, 0x61, 0x6B, 0x61, 0x6E, 0x61, 0x61, 0x73, 0x6D, 0x61, 0x6C, 0x6C, 0x6B, 0x61,
        0x74, 0x61, 0x6B, 0x61, 0x6E, 0x61, 0x68, 0x61, 0x6C, 0x66, 0x77, 0x69, 0x64, 0x74, 0x68, 0x61, 0x73, 0x74, 0x65, 0x72, 0x69, 0x73, 0x6B, 0x61,
        0x73, 0x74, 0x65, 0x72, 0x69, 0x73, 0x6B, 0x61, 0x6C, 0x74, 0x6F, 0x6E, 0x65, 0x61, 0x72, 0x61, 0x62, 0x69, 0x63, 0x61, 0x73, 0x74, 0x65, 0x72,
        0x69, 0x73, 0x6B, 0x61, 0x72, 0x61, 0x62, 0x69, 0x63, 0x61, 0x73, 0x74, 0x65, 0x72, 0x69, 0x73, 0x6B, 0x6D, 0x61, 0x74, 0x68, 0x61, 0x73, 0x74,
        0x65, 0x72, 0x69, 0x73, 0x6B, 0x6D, 0x6F, 0x6E, 0x6F, 0x73, 0x70, 0x61, 0x63, 0x65, 0x61, 0x73, 0x74, 0x65, 0x72, 0x69, 0x73, 0x6B, 0x73, 0x6D,
        0x61, 0x6C, 0x6C, 0x61, 0x73, 0x74, 0x65, 0x72, 0x69, 0x73, 0x6D, 0x61, 0x73, 0x75, 0x70, 0x65, 0x72, 0x69, 0x6F, 0x72, 0x61, 0x73, 0x79, 0x6D,
        0x70, 0x74, 0x6F, 0x74, 0x69, 0x63, 0x61, 0x6C, 0x6C, 0x79, 0x65, 0x71, 0x75, 0x61, 0x6C, 0x61, 0x74, 0x61, 0x74, 0x69, 0x6C, 0x64, 0x65, 0x61,
        0x74, 0x6D, 0x6F, 0x6E, 0x6F, 0x73, 0x70, 0x61, 0x63, 0x65, 0x61, 0x74, 0x73, 0x6D, 0x61, 0x6C, 0x6C, 0x61, 0x74, 0x75, 0x72, 0x6E, 0x65, 0x64,
        0x61, 0x75, 0x62, 0x65, 0x6E, 0x67, 0x61, 0x6C, 0x69, 0x61, 0x75, 0x62, 0x6F, 0x70, 0x6F, 0x6D, 0x6F, 0x66, 0x6F, 0x61, 0x75, 0x64, 0x65, 0x76,
        0x61, 0x61, 0x75, 0x67, 0x75, 0x6A, 0x61, 0x72, 0x61, 0x74, 0x69, 0x61, 0x75, 0x67, 0x75, 0x72, 0x6D, 0x75, 0x6B, 0x68, 0x69, 0x61, 0x75, 0x6C,
        0x65, 0x6E, 0x67, 0x74, 0x68, 0x6D, 0x61, 0x72, 0x6B, 0x62, 0x65, 0x6E, 0x67, 0x61, 0x6C, 0x69, 0x61, 0x75, 0x6D, 0x61, 0x74, 0x72, 0x61, 0x67,
        0x75, 0x72, 0x6D, 0x75, 0x6B, 0x68, 0x69, 0x61, 0x75, 0x76, 0x6F, 0x77, 0x65, 0x6C, 0x73, 0x69, 0x67, 0x6E, 0x62, 0x65, 0x6E, 0x67, 0x61, 0x6C,
        0x69, 0x61, 0x75, 0x76, 0x6F, 0x77, 0x65, 0x6C, 0x73, 0x69, 0x67, 0x6E, 0x64, 0x65, 0x76, 0x61, 0x61, 0x75, 0x76, 0x6F, 0x77, 0x65, 0x6C, 0x73,
        0x69, 0x67, 0x6E, 0x67, 0x75, 0x6A, 0x61, 0x72, 0x61, 0x74, 0x69, 0x61, 0x76, 0x61, 0x67, 0x72, 0x61, 0x68, 0x61, 0x64, 0x65, 0x76, 0x61, 0x61,
        0x79, 0x62, 0x61, 0x72, 0x6D, 0x65, 0x6E, 0x69, 0x61, 0x6E, 0x61, 0x79, 0x69, 0x6E, 0x61, 0x79, 0x69, 0x6E, 0x61, 0x6C, 0x74, 0x6F, 0x6E, 0x65,
        0x68, 0x65, 0x62, 0x72, 0x65, 0x77, 0x61, 0x79, 0x69, 0x6E, 0x68, 0x65, 0x62, 0x72, 0x65, 0x77, 0x62, 0x62, 0x61, 0x62, 0x65, 0x6E, 0x67, 0x61,
        0x6C, 0x69, 0x62, 0x61, 0x63, 0x6B, 0x73, 0x6C, 0x61, 0x73, 0x68, 0x62, 0x61, 0x63, 0x6B, 0x73, 0x6C, 0x61, 0x73, 0x68, 0x6D, 0x6F, 0x6E, 0x6F,
        0x73, 0x70, 0x61, 0x63, 0x65, 0x62, 0x61, 0x64, 0x65, 0x76, 0x61, 0x62, 0x61, 0x67, 0x75, 0x6A, 0x61, 0x72, 0x61, 0x74, 0x69, 0x62, 0x61, 0x67,
        0x75, 0x72, 0x6D, 0x75, 0x6B, 0x68, 0x69, 0x62, 0x61, 0x68, 0x69, 0x72, 0x61, 0x67, 0x61, 0x6E, 0x61, 0x62, 0x61, 0x68, 0x74, 0x74, 0x68, 0x61,
        0x69, 0x62, 0x61, 0x6B, 0x61, 0x74, 0x61, 0x6B, 0x61, 0x6E, 0x61, 0x62, 0x61, 0x72, 0x62, 0x61, 0x72, 0x6D, 0x6F, 0x6E, 0x6F, 0x73, 0x70, 0x61,
        0x63, 0x65, 0x62, 0x62, 0x6F, 0x70, 0x6F, 0x6D, 0x6F, 0x66, 0x6F, 0x62, 0x63, 0x69, 0x72, 0x63, 0x6C, 0x65, 0x62, 0x64, 0x6F, 0x74, 0x61, 0x63,
        0x63, 0x65, 0x6E, 0x74, 0x62, 0x64, 0x6F, 0x74, 0x62, 0x65, 0x6C, 0x6F, 0x77, 0x62, 0x65, 0x61, 0x6D, 0x65, 0x64, 0x73, 0x69, 0x78, 0x74, 0x65,
        0x65, 0x6E, 0x74, 0x68, 0x6E, 0x6F, 0x74, 0x65, 0x73, 0x62, 0x65, 0x63, 0x61, 0x75, 0x73, 0x65, 0x62, 0x65, 0x63, 0x79, 0x72, 0x69, 0x6C, 0x6C,
        0x69, 0x63, 0x62, 0x65, 0x68, 0x61, 0x72, 0x61, 0x62, 0x69, 0x63, 0x62, 0x65, 0x68, 0x66, 0x69, 0x6E, 0x61, 0x6C, 0x61, 0x72, 0x61, 0x62, 0x69,
        0x63, 0x62, 0x65, 0x68, 0x69, 0x6E, 0x69, 0x74, 0x69, 0x61, 0x6C, 0x61, 0x72, 0x61, 0x62, 0x69, 0x63, 0x62, 0x65, 0x68, 0x69, 0x72, 0x61, 0x67,
        0x61, 0x6E, 0x61, 0x62, 0x65, 0x68, 0x6D, 0x65, 0x64, 0x69, 0x61, 0x6C, 0x61, 0x72, 0x61, 0x62, 0x69, 0x63, 0x62, 0x65, 0x68, 0x6D, 0x65, 0x65,
        0x6D, 0x69, 0x6E, 0x69, 0x74, 0x69, 0x61, 0x6C, 0x61, 0x72, 0x61, 0x62, 0x69, 0x63, 0x62, 0x65, 0x68, 0x6D, 0x65, 0x65, 0x6D, 0x69, 0x73, 0x6F,
        0x6C, 0x61, 0x74, 0x65, 0x64, 0x61, 0x72, 0x61, 0x62, 0x69, 0x63, 0x62, 0x65, 0x68, 0x6E, 0x6F, 0x6F, 0x6E, 0x66, 0x69, 0x6E, 0x61, 0x6C, 0x61,
        0x72, 0x61, 0x62, 0x69, 0x63, 0x62, 0x65, 0x6B, 0x61, 0x74, 0x61, 0x6B, 0x61, 0x6E, 0x61, 0x62, 0x65, 0x6E, 0x61, 0x72, 0x6D, 0x65, 0x6E, 0x69,
        0x61, 0x6E, 0x62, 0x65, 0x74, 0x62, 0x65, 0x74, 0x61, 0x62, 0x65, 0x74, 0x61, 0x73, 0x79, 0x6D, 0x62, 0x6F, 0x6C, 0x67, 0x72, 0x65, 0x65, 0x6B,
        0x62, 0x65, 0x74, 0x64, 0x61, 0x67, 0x65, 0x73, 0x68, 0x62, 0x65, 0x74, 0x64, 0x61, 0x67, 0x65, 0x73, 0x68, 0x68, 0x65, 0x62, 0x72, 0x65, 0x77,
        0x62, 0x65, 0x74, 0x68, 0x65, 0x62, 0x72, 0x65, 0x77, 0x62, 0x65, 0x74, 0x72, 0x61, 0x66, 0x65, 0x68, 0x65, 0x62, 0x72, 0x65, 0x77, 0x62, 0x68,
        0x61, 0x62, 0x65, 0x6E, 0x67, 0x61, 0x6C, 0x69, 0x62, 0x68, 0x61, 0x64, 0x65, 0x76, 0x61, 0x62, 0x68, 0x61, 0x67, 0x75, 0x6A, 0x61, 0x72, 0x61,
        0x74, 0x69, 0x62, 0x68, 0x61, 0x67, 0x75, 0x72, 0x6D, 0x75, 0x6B, 0x68, 0x69, 0x62, 0x68, 0x6F, 0x6F, 0x6B, 0x62, 0x69, 0x68, 0x69, 0x72, 0x61,
        0x67, 0x61, 0x6E, 0x61, 0x62, 0x69, 0x6B, 0x61, 0x74, 0x61, 0x6B, 0x61, 0x6E, 0x61, 0x62, 0x69, 0x6C, 0x61, 0x62, 0x69, 0x61, 0x6C, 0x63, 0x6C,
        0x69, 0x63, 0x6B, 0x62, 0x69, 0x6E, 0x64, 0x69, 0x67, 0x75, 0x72, 0x6D, 0x75, 0x6B, 0x68, 0x69, 0x62, 0x69, 0x72, 0x75, 0x73, 0x71, 0x75, 0x61,
        0x72, 0x65, 0x62, 0x6C, 0x61, 0x63, 0x6B, 0x63, 0x69, 0x72, 0x63, 0x6C, 0x65, 0x62, 0x6C, 0x61, 0x63, 0x6B, 0x64, 0x69, 0x61, 0x6D, 0x6F, 0x6E,
        0x64, 0x62, 0x6C, 0x61, 0x63, 0x6B, 0x64, 0x6F, 0x77, 0x6E, 0x70, 0x6F, 0x69, 0x6E, 0x74, 0x69, 0x6E, 0x67, 0x74, 0x72, 0x69, 0x61, 0x6E, 0x67,
        0x6C, 0x65, 0x62, 0x6C, 0x61, 0x63, 0x6B, 0x6C, 0x65, 0x66, 0x74, 0x70, 0x6F, 0x69, 0x6E, 0x74, 0x69, 0x6E, 0x67, 0x70, 0x6F, 0x69, 0x6E, 0x74,
        0x65, 0x72, 0x62, 0x6C, 0x61, 0x63, 0x6B, 0x6C, 0x65, 0x66, 0x74, 0x70, 0x6F, 0x69, 0x6E, 0x74, 0x69, 0x6E, 0x67, 0x74, 0x72, 0x69, 0x61, 0x6E,
        0x67, 0x6C, 0x65, 0x62, 0x6C, 0x61, 0x63, 0x6B, 0x6C, 0x65, 0x6E, 0x74, 0x69, 0x63, 0x75, 0x6C, 0x61, 0x72, 0x62, 0x72, 0x61, 0x63, 0x6B, 0x65,
        0x74, 0x6C, 0x65, 0x66, 0x74, 0x62, 0x6C, 0x61, 0x63, 0x6B, 0x6C, 0x65, 0x6E, 0x74, 0x69, 0x63, 0x75, 0x6C, 0x61, 0x72, 0x62, 0x72, 0x61, 0x63,
        0x6B, 0x65, 0x74, 0x6C, 0x65, 0x66, 0x74, 0x76, 0x65, 0x72, 0x74, 0x69, 0x63, 0x61, 0x6C, 0x62, 0x6C, 0x61, 0x63, 0x6B, 0x6C, 0x65, 0x6E, 0x74,
        0x69, 0x63, 0x75, 0x6C, 0x61, 0x72, 0x62, 0x72, 0x61, 0x63, 0x6B, 0x65, 0x74, 0x72, 0x69, 0x67, 0x68, 0x74, 0x62, 0x6C, 0x61, 0x63, 0x6B, 0x6C,
        0x65, 0x6E, 0x74, 0x69, 0x63, 0x75, 0x6C, 0x61, 0x72, 0x62, 0x72, 0x61, 0x63, 0x6B, 0x65, 0x74, 0x72, 0x69, 0x67, 0x68, 0x74, 0x76, 0x65, 0x72,
        0x74, 0x69, 0x63, 0x61, 0x6C, 0x62, 0x6C, 0x61, 0x63, 0x6B, 0x6C, 0x6F, 0x77, 0x65, 0x72, 0x6C, 0x65, 0x66, 0x74, 0x74, 0x72, 0x69, 0x61, 0x6E,
        0x67, 0x6C, 0x65, 0x62, 0x6C, 0x61, 0x63, 0x6B, 0x6C, 0x6F, 0x77, 0x65, 0x72, 0x72, 0x69, 0x67, 0x68, 0x74, 0x74, 0x72, 0x69, 0x61, 0x6E, 0x67,
        0x6C, 0x65, 0x62, 0x6C, 0x61, 0x63, 0x6B, 0x72, 0x65, 0x63, 0x74, 0x61, 0x6E, 0x67, 0x6C, 0x65, 0x62, 0x6C, 0x61, 0x63, 0x6B, 0x72, 0x69, 0x67,
        0x68, 0x74, 0x70, 0x6F, 0x69, 0x6E, 0x74, 0x69, 0x6E, 0x67, 0x70, 0x6F, 0x69, 0x6E, 0x74, 0x65, 0x72, 0x62, 0x6C, 0x61, 0x63, 0x6B, 0x72, 0x69,
        0x67, 0x68, 0x74, 0x70, 0x6F, 0x69, 0x6E, 0x74, 0x69, 0x6E, 0x67, 0x74, 0x72, 0x69, 0x61, 0x6E, 0x67, 0x6C, 0x65, 0x62, 0x6C, 0x61, 0x63, 0x6B,
        0x73, 0x6D, 0x61, 0x6C, 0x6C, 0x73, 0x71, 0x75, 0x61, 0x72, 0x65, 0x62, 0x6C, 0x61, 0x63, 0x6B, 0x73, 0x6D, 0x69, 0x6C, 0x69, 0x6E, 0x67, 0x66,
        0x61, 0x63, 0x65, 0x62, 0x6C, 0x61, 0x63, 0x6B, 0x73, 0x71, 0x75, 0x61, 0x72, 0x65, 0x62, 0x6C, 0x61, 0x63, 0x6B, 0x73, 0x74, 0x61, 0x72, 0x62,
        0x6C, 0x61, 0x63, 0x6B, 0x75, 0x70, 0x70, 0x65, 0x72, 0x6C, 0x65, 0x66, 0x74, 0x74, 0x72, 0x69, 0x61, 0x6E, 0x67, 0x6C, 0x65, 0x62, 0x6C, 0x61,
        0x63, 0x6B, 0x75, 0x70, 0x70, 0x65, 0x72, 0x72, 0x69, 0x67, 0x68, 0x74, 0x74, 0x72, 0x69, 0x61, 0x6E, 0x67, 0x6C, 0x65, 0x62, 0x6C, 0x61, 0x63,
        0x6B, 0x75, 0x70, 0x70, 0x6F, 0x69, 0x6E, 0x74, 0x69, 0x6E, 0x67, 0x73, 0x6D, 0x61, 0x6C, 0x6C, 0x74, 0x72, 0x69, 0x61, 0x6E, 0x67, 0x6C, 0x65,
        0x62, 0x6C, 0x61, 0x63, 0x6B, 0x75, 0x70, 0x70, 0x6F, 0x69, 0x6E, 0x74, 0x69, 0x6E, 0x67, 0x74, 0x72, 0x69, 0x61, 0x6E, 0x67, 0x6C, 0x65, 0x62,
        0x6C, 0x61, 0x6E, 0x6B, 0x62, 0x6C, 0x69, 0x6E, 0x65, 0x62, 0x65, 0x6C, 0x6F, 0x77, 0x62, 0x6C, 0x6F, 0x63, 0x6B, 0x62, 0x6D, 0x6F, 0x6E, 0x6F,
        0x73, 0x70, 0x61, 0x63, 0x65, 0x62, 0x6F, 0x62, 0x61, 0x69, 0x6D, 0x61, 0x69, 0x74, 0x68, 0x61, 0x69, 0x62, 0x6F, 0x68, 0x69, 0x72, 0x61, 0x67,
        0x61, 0x6E, 0x61, 0x62, 0x6F, 0x6B, 0x61, 0x74, 0x61, 0x6B, 0x61, 0x6E, 0x61, 0x62, 0x70, 0x61, 0x72, 0x65, 0x6E, 0x62, 0x71, 0x73, 0x71, 0x75,
        0x61, 0x72, 0x65, 0x62, 0x72, 0x61, 0x63, 0x65, 0x65, 0x78, 0x62, 0x72, 0x61, 0x63, 0x65, 0x6C, 0x65, 0x66, 0x74, 0x62, 0x72, 0x61, 0x63, 0x65,
        0x6C, 0x65, 0x66, 0x74, 0x62, 0x74, 0x62, 0x72, 0x61, 0x63, 0x65, 0x6C, 0x65, 0x66, 0x74, 0x6D, 0x69, 0x64, 0x62, 0x72, 0x61, 0x63, 0x65, 0x6C,
        0x65, 0x66, 0x74, 0x6D, 0x6F, 0x6E, 0x6F, 0x73, 0x70, 0x61, 0x63, 0x65, 0x62, 0x72, 0x61, 0x63, 0x65, 0x6C, 0x65, 0x66, 0x74, 0x73, 0x6D, 0x61,
        0x6C, 0x6C, 0x62, 0x72, 0x61, 0x63, 0x65, 0x6C, 0x65, 0x66, 0x74, 0x74, 0x70, 0x62, 0x72, 0x61, 0x63, 0x65, 0x6C, 0x65, 0x66, 0x74, 0x76, 0x65,
        0x72, 0x74, 0x69, 0x63, 0x61, 0x6C, 0x62, 0x72, 0x61, 0x63, 0x65, 0x72, 0x69, 0x67, 0x68, 0x74, 0x62, 0x72, 0x61, 0x63, 0x65, 0x72, 0x69, 0x67,
        0x68, 0x74, 0x62, 0x74, 0x62, 0x72, 0x61, 0x63, 0x65, 0x72, 0x69, 0x67, 0x68, 0x74, 0x6D, 0x69, 0x64, 0x62, 0x72, 0x61, 0x63, 0x65, 0x72, 0x69,
        0x67, 0x68, 0x74, 0x6D, 0x6F, 0x6E, 0x6F, 0x73, 0x70, 0x61, 0x63, 0x65, 0x62, 0x72, 0x61, 0x63, 0x65, 0x72, 0x69, 0x67, 0x68, 0x74, 0x73, 0x6D,
        0x61, 0x6C, 0x6C, 0x62, 0x72, 0x61, 0x63, 0x65, 0x72, 0x69, 0x67, 0x68, 0x74, 0x74, 0x70, 0x62, 0x72, 0x61, 0x63, 0x65, 0x72, 0x69, 0x67, 0x68,
        0x74, 0x76, 0x65, 0x72, 0x74, 0x69, 0x63, 0x61, 0x6C, 0x62, 0x72, 0x61, 0x63, 0x6B, 0x65, 0x74, 0x6C, 0x65, 0x66, 0x74, 0x62, 0x72, 0x61, 0x63,
        0x6B, 0x65, 0x74, 0x6C, 0x65, 0x66, 0x74, 0x62, 0x74, 0x62, 0x72, 0x61, 0x63, 0x6B, 0x65, 0x74, 0x6C, 0x65, 0x66, 0x74, 0x65, 0x78, 0x62, 0x72,
        0x61, 0x63, 0x6B, 0x65, 0x74, 0x6C, 0x65, 0x66, 0x74, 0x6D, 0x6F, 0x6E, 0x6F, 0x73, 0x70, 0x61, 0x63, 0x65, 0x62, 0x72, 0x61, 0x63, 0x6B, 0x65,
        0x74, 0x6C, 0x65, 0x66, 0x74, 0x74, 0x70, 0x62, 0x72, 0x61, 0x63, 0x6B, 0x65, 0x74, 0x72, 0x69, 0x67, 0x68, 0x74, 0x62, 0x72, 0x61, 0x63, 0x6B,
        0x65, 0x74, 0x72, 0x69, 0x67, 0x68, 0x74, 0x62, 0x74, 0x62, 0x72, 0x61, 0x63, 0x6B, 0x65, 0x74, 0x72, 0x69, 0x67, 0x68, 0x74, 0x65, 0x78, 0x62,
        0x72, 0x61, 0x63, 0x6B, 0x65, 0x74, 0x72, 0x69, 0x67, 0x68, 0x74, 0x6D, 0x6F, 0x6E, 0x6F, 0x73, 0x70, 0x61, 0x63, 0x65, 0x62, 0x72, 0x61, 0x63,
        0x6B, 0x65, 0x74, 0x72, 0x69, 0x67, 0x68, 0x74, 0x74, 0x70, 0x62, 0x72, 0x65, 0x76, 0x65, 0x62, 0x72, 0x65, 0x76, 0x65, 0x62, 0x65, 0x6C, 0x6F,
        0x77, 0x63, 0x6D, 0x62, 0x62, 0x72, 0x65, 0x76, 0x65, 0x63, 0x6D, 0x62, 0x62, 0x72, 0x65, 0x76, 0x65, 0x69, 0x6E, 0x76, 0x65, 0x72, 0x74, 0x65,
        0x64, 0x62, 0x65, 0x6C, 0x6F, 0x77, 0x63, 0x6D, 0x62, 0x62, 0x72, 0x65, 0x76, 0x65, 0x69, 0x6E, 0x76, 0x65, 0x72, 0x74, 0x65, 0x64, 0x63, 0x6D,
        0x62, 0x62, 0x72, 0x65, 0x76, 0x65, 0x69, 0x6E, 0x76, 0x65, 0x72, 0x74, 0x65, 0x64, 0x64, 0x6F, 0x75, 0x62, 0x6C, 0x65, 0x63, 0x6D, 0x62, 0x62,
        0x72, 0x69, 0x64, 0x67, 0x65, 0x62, 0x65, 0x6C, 0x6F, 0x77, 0x63, 0x6D, 0x62, 0x62, 0x72, 0x69, 0x64, 0x67, 0x65, 0x69, 0x6E, 0x76, 0x65, 0x72,
        0x74, 0x65, 0x64, 0x62, 0x65, 0x6C, 0x6F, 0x77, 0x63, 0x6D, 0x62, 0x62, 0x72, 0x6F, 0x6B, 0x65, 0x6E, 0x62, 0x61, 0x72, 0x62, 0x73, 0x74, 0x72,
        0x6F, 0x6B, 0x65, 0x62, 0x73, 0x75, 0x70, 0x65, 0x72, 0x69, 0x6F, 0x72, 0x62, 0x74, 0x6F, 0x70, 0x62, 0x61, 0x72, 0x62, 0x75, 0x68, 0x69, 0x72,
        0x61, 0x67, 0x61, 0x6E, 0x61, 0x62, 0x75, 0x6B, 0x61, 0x74, 0x61, 0x6B, 0x61, 0x6E, 0x61, 0x62, 0x75, 0x6C, 0x6C, 0x65, 0x74, 0x62, 0x75, 0x6C,
        0x6C, 0x65, 0x74, 0x69, 0x6E, 0x76, 0x65, 0x72, 0x73, 0x65, 0x62, 0x75, 0x6C, 0x6C, 0x65, 0x74, 0x6F, 0x70, 0x65, 0x72, 0x61, 0x74, 0x6F, 0x72,
        0x62, 0x75, 0x6C, 0x6C, 0x73, 0x65, 0x79, 0x65, 0x63, 0x63, 0x61, 0x61, 0x72, 0x6D, 0x65, 0x6E, 0x69, 0x61, 0x6E, 0x63, 0x61, 0x62, 0x65, 0x6E,
        0x67, 0x61, 0x6C, 0x69, 0x63, 0x61, 0x63, 0x75, 0x74, 0x65, 0x63, 0x61, 0x64, 0x65, 0x76, 0x61, 0x63, 0x61, 0x67, 0x75, 0x6A, 0x61, 0x72, 0x61,
        0x74, 0x69, 0x63, 0x61, 0x67, 0x75, 0x72, 0x6D, 0x75, 0x6B, 0x68, 0x69, 0x63, 0x61, 0x6C, 0x73, 0x71, 0x75, 0x61, 0x72, 0x65, 0x63, 0x61, 0x6E,
        0x64, 0x72, 0x61, 0x62, 0x69, 0x6E, 0x64, 0x75, 0x62, 0x65, 0x6E, 0x67, 0x61, 0x6C, 0x69, 0x63, 0x61, 0x6E, 0x64, 0x72, 0x61, 0x62, 0x69, 0x6E,
        0x64, 0x75, 0x63, 0x6D, 0x62, 0x63, 0x61, 0x6E, 0x64, 0x72, 0x61, 0x62, 0x69, 0x6E, 0x64, 0x75, 0x64, 0x65, 0x76, 0x61, 0x63, 0x61, 0x6E, 0x64,
        0x72, 0x61, 0x62, 0x69, 0x6E, 0x64, 0x75, 0x67, 0x75, 0x6A, 0x61, 0x72, 0x61, 0x74, 0x69, 0x63, 0x61, 0x70, 0x73, 0x6C, 0x6F, 0x63, 0x6B, 0x63,
        0x61, 0x72, 0x65, 0x6F, 0x66, 0x63, 0x61, 0x72, 0x6F, 0x6E, 0x63, 0x61, 0x72, 0x6F, 0x6E, 0x62, 0x65, 0x6C, 0x6F, 0x77, 0x63, 0x6D, 0x62, 0x63,
        0x61, 0x72, 0x6F, 0x6E, 0x63, 0x6D, 0x62, 0x63, 0x61, 0x72, 0x72, 0x69, 0x61, 0x67, 0x65, 0x72, 0x65, 0x74, 0x75, 0x72, 0x6E, 0x63, 0x62, 0x6F,
        0x70, 0x6F, 0x6D, 0x6F, 0x66, 0x6F, 0x63, 0x63, 0x61, 0x72, 0x6F, 0x6E, 0x63, 0x63, 0x65, 0x64, 0x69, 0x6C, 0x6C, 0x61, 0x63, 0x63, 0x65, 0x64,
        0x69, 0x6C, 0x6C, 0x61, 0x61, 0x63, 0x75, 0x74, 0x65, 0x63, 0x63, 0x69, 0x72, 0x63, 0x6C, 0x65, 0x63, 0x63, 0x69, 0x72, 0x63, 0x75, 0x6D, 0x66,
        0x6C, 0x65, 0x78, 0x63, 0x63, 0x75, 0x72, 0x6C, 0x63, 0x64, 0x6F, 0x74, 0x63, 0x64, 0x6F, 0x74, 0x61, 0x63, 0x63, 0x65, 0x6E, 0x74, 0x63, 0x64,
        0x73, 0x71, 0x75, 0x61, 0x72, 0x65, 0x63, 0x65, 0x64, 0x69, 0x6C, 0x6C, 0x61, 0x63, 0x65, 0x64, 0x69, 0x6C, 0x6C, 0x61, 0x63, 0x6D, 0x62, 0x63,
        0x65, 0x6E, 0x74, 0x63, 0x65, 0x6E, 0x74, 0x69, 0x67, 0x72, 0x61, 0x64, 0x65, 0x63, 0x65, 0x6E, 0x74, 0x69, 0x6E, 0x66, 0x65, 0x72, 0x69, 0x6F,
        0x72, 0x63, 0x65, 0x6E, 0x74, 0x6D, 0x6F, 0x6E, 0x6F, 0x73, 0x70, 0x61, 0x63, 0x65, 0x63, 0x65, 0x6E, 0x74, 0x6F, 0x6C, 0x64, 0x73, 0x74, 0x79,
        0x6C, 0x65, 0x63, 0x65, 0x6E, 0x74, 0x73, 0x75, 0x70, 0x65, 0x72, 0x69, 0x6F, 0x72, 0x63, 0x68, 0x61, 0x61, 0x72, 0x6D, 0x65, 0x6E, 0x69, 0x61,
        0x6E, 0x63, 0x68, 0x61, 0x62, 0x65, 0x6E, 0x67, 0x61, 0x6C, 0x69, 0x63, 0x68, 0x61, 0x64, 0x65, 0x76, 0x61, 0x63, 0x68, 0x61, 0x67, 0x75, 0x6A,
        0x61, 0x72, 0x61, 0x74, 0x69, 0x63, 0x68, 0x61, 0x67, 0x75, 0x72, 0x6D, 0x75, 0x6B, 0x68, 0x69, 0x63, 0x68, 0x62, 0x6F, 0x70, 0x6F, 0x6D, 0x6F,
        0x66, 0x6F, 0x63, 0x68, 0x65, 0x61, 0x62, 0x6B, 0x68, 0x61, 0x73, 0x69, 0x61, 0x6E, 0x63, 0x79, 0x72, 0x69, 0x6C, 0x6C, 0x69, 0x63, 0x63, 0x68,
        0x65, 0x63, 0x6B, 0x6D, 0x61, 0x72, 0x6B, 0x63, 0x68, 0x65, 0x63, 0x79, 0x72, 0x69, 0x6C, 0x6C, 0x69, 0x63, 0x63, 0x68, 0x65, 0x64, 0x65, 0x73,
        0x63, 0x65, 0x6E, 0x64, 0x65, 0x72, 0x61, 0x62, 0x6B, 0x68, 0x61, 0x73, 0x69, 0x61, 0x6E, 0x63, 0x79, 0x72, 0x69, 0x6C, 0x6C, 0x69, 0x63, 0x63,
        0x68, 0x65, 0x64, 0x65, 0x73, 0x63, 0x65, 0x6E, 0x64, 0x65, 0x72, 0x63, 0x79, 0x72, 0x69, 0x6C, 0x6C, 0x69, 0x63, 0x63, 0x68, 0x65, 0x64, 0x69,
        0x65, 0x72, 0x65, 0x73, 0x69, 0x73, 0x63, 0x79, 0x72, 0x69, 0x6C, 0x6C, 0x69, 0x63, 0x63, 0x68, 0x65, 0x68, 0x61, 0x72, 0x6D, 0x65, 0x6E, 0x69,
        0x61, 0x6E, 0x63, 0x68, 0x65, 0x6B, 0x68, 0x61, 0x6B, 0x61, 0x73, 0x73, 0x69, 0x61, 0x6E, 0x63, 0x79, 0x72, 0x69, 0x6C, 0x6C, 0x69, 0x63, 0x63,
        0x68, 0x65, 0x76, 0x65, 0x72, 0x74, 0x69, 0x63, 0x61, 0x6C, 0x73, 0x74, 0x72, 0x6F, 0x6B, 0x65, 0x63, 0x79, 0x72, 0x69, 0x6C, 0x6C, 0x69, 0x63,
        0x63, 0x68, 0x69, 0x63, 0x68, 0x69, 0x65, 0x75, 0x63, 0x68, 0x61, 0x63, 0x69, 0x72, 0x63, 0x6C, 0x65, 0x6B, 0x6F, 0x72, 0x65, 0x61, 0x6E, 0x63,
        0x68, 0x69, 0x65, 0x75, 0x63, 0x68, 0x61, 0x70, 0x61, 0x72, 0x65, 0x6E, 0x6B, 0x6F, 0x72, 0x65, 0x61, 0x6E, 0x63, 0x68, 0x69, 0x65, 0x75, 0x63,
        0x68, 0x63, 0x69, 0x72, 0x63, 0x6C, 0x65, 0x6B, 0x6F, 0x72, 0x65, 0x61, 0x6E, 0x63, 0x68, 0x69, 0x65, 0x75, 0x63, 0x68, 0x6B, 0x6F, 0x72, 0x65,
        0x61, 0x6E, 0x63, 0x68, 0x69, 0x65, 0x75, 0x63, 0x68, 0x70, 0x61, 0x72, 0x65, 0x6E, 0x6B, 0x6F, 0x72, 0x65, 0x61, 0x6E, 0x63, 0x68, 0x6F, 0x63,
        0x68, 0x61, 0x6E, 0x67, 0x74, 0x68, 0x61, 0x69, 0x63, 0x68, 0x6F, 0x63, 0x68, 0x61, 0x6E, 0x74, 0x68, 0x61, 0x69, 0x63, 0x68, 0x6F, 0x63, 0x68,
        0x69, 0x6E, 0x67, 0x74, 0x68, 0x61, 0x69, 0x63, 0x68, 0x6F, 0x63, 0x68, 0x6F, 0x65, 0x74, 0x68, 0x61, 0x69, 0x63, 0x68, 0x6F, 0x6F, 0x6B, 0x63,
        0x69, 0x65, 0x75, 0x63, 0x61, 0x63, 0x69, 0x72, 0x63, 0x6C, 0x65, 0x6B, 0x6F, 0x72, 0x65, 0x61, 0x6E, 0x63, 0x69, 0x65, 0x75, 0x63, 0x61, 0x70,
        0x61, 0x72, 0x65, 0x6E, 0x6B, 0x6F, 0x72, 0x65, 0x61, 0x6E, 0x63, 0x69, 0x65, 0x75, 0x63, 0x63, 0x69, 0x72, 0x63, 0x6C, 0x65, 0x6B, 0x6F, 0x72,
        0x65, 0x61, 0x6E, 0x63, 0x69, 0x65, 0x75, 0x63, 0x6B, 0x6F, 0x72, 0x65, 0x61, 0x6E, 0x63, 0x69, 0x65, 0x75, 0x63, 0x70, 0x61, 0x72, 0x65, 0x6E,
        0x6B, 0x6F, 0x72, 0x65, 0x61, 0x6E, 0x63, 0x69, 0x65, 0x75, 0x63, 0x75, 0x70, 0x61, 0x72, 0x65, 0x6E, 0x6B, 0x6F, 0x72, 0x65, 0x61, 0x6E, 0x63,
        0x69, 0x72, 0x63, 0x6C, 0x65, 0x63, 0x69, 0x72, 0x63, 0x6C, 0x65, 0x6D, 0x75, 0x6C, 0x74, 0x69, 0x70, 0x6C, 0x79, 0x63, 0x69, 0x72, 0x63, 0x6C,
        0x65, 0x6F, 0x74, 0x63, 0x69, 0x72, 0x63, 0x6C, 0x65, 0x70, 0x6C, 0x75, 0x73, 0x63, 0x69, 0x72, 0x63, 0x6C, 0x65, 0x70, 0x6F, 0x73, 0x74, 0x61,
        0x6C, 0x6D, 0x61, 0x72, 0x6B, 0x63, 0x69, 0x72, 0x63, 0x6C, 0x65, 0x77, 0x69, 0x74, 0x68, 0x6C, 0x65, 0x66, 0x74, 0x68, 0x61, 0x6C, 0x66, 0x62,
        0x6C, 0x61, 0x63, 0x6B, 0x63, 0x69, 0x72, 0x63, 0x6C, 0x65, 0x77, 0x69, 0x74, 0x68, 0x72, 0x69, 0x67, 0x68, 0x74, 0x68, 0x61, 0x6C, 0x66, 0x62,
        0x6C, 0x61, 0x63, 0x6B, 0x63, 0x69, 0x72, 0x63, 0x75, 0x6D, 0x66, 0x6C, 0x65, 0x78, 0x63, 0x69, 0x72, 0x63, 0x75, 0x6D, 0x66, 0x6C, 0x65, 0x78,
        0x62, 0x65, 0x6C, 0x6F, 0x77, 0x63, 0x6D, 0x62, 0x63, 0x69, 0x72, 0x63, 0x75, 0x6D, 0x66, 0x6C, 0x65, 0x78, 0x63, 0x6D, 0x62, 0x63, 0x6C, 0x65,
        0x61, 0x72, 0x63, 0x6C, 0x69, 0x63, 0x6B, 0x61, 0x6C, 0x76, 0x65, 0x6F, 0x6C, 0x61, 0x72, 0x63, 0x6C, 0x69, 0x63, 0x6B, 0x64, 0x65, 0x6E, 0x74,
        0x61, 0x6C, 0x63, 0x6C, 0x69, 0x63, 0x6B, 0x6C, 0x61, 0x74, 0x65, 0x72, 0x61, 0x6C, 0x63, 0x6C, 0x69, 0x63, 0x6B, 0x72, 0x65, 0x74, 0x72, 0x6F,
        0x66, 0x6C, 0x65, 0x78, 0x63, 0x6C, 0x75, 0x62, 0x63, 0x6C, 0x75, 0x62, 0x73, 0x75, 0x69, 0x74, 0x62, 0x6C, 0x61, 0x63, 0x6B, 0x63, 0x6C, 0x75,
        0x62, 0x73, 0x75, 0x69, 0x74, 0x77, 0x68, 0x69, 0x74, 0x65, 0x63, 0x6D, 0x63, 0x75, 0x62, 0x65, 0x64, 0x73, 0x71, 0x75, 0x61, 0x72, 0x65, 0x63,
        0x6D, 0x6F, 0x6E, 0x6F, 0x73, 0x70, 0x61, 0x63, 0x65, 0x63, 0x6D, 0x73, 0x71, 0x75, 0x61, 0x72, 0x65, 0x64, 0x73, 0x71, 0x75, 0x61, 0x72, 0x65,
        0x63, 0x6F, 0x61, 0x72, 0x6D, 0x65, 0x6E, 0x69, 0x61, 0x6E, 0x63, 0x6F, 0x6C, 0x6F, 0x6E, 0x63, 0x6F, 0x6C, 0x6F, 0x6E, 0x6D, 0x6F, 0x6E, 0x65,
        0x74, 0x61, 0x72, 0x79, 0x63, 0x6F, 0x6C, 0x6F, 0x6E, 0x6D, 0x6F, 0x6E, 0x6F, 0x73, 0x70, 0x61, 0x63, 0x65, 0x63, 0x6F, 0x6C, 0x6F, 0x6E, 0x73,
        0x69, 0x67, 0x6E, 0x63, 0x6F, 0x6C, 0x6F, 0x6E, 0x73, 0x6D, 0x61, 0x6C, 0x6C, 0x63, 0x6F, 0x6C, 0x6F, 0x6E, 0x74, 0x72, 0x69, 0x61, 0x6E, 0x67,
        0x75, 0x6C, 0x61, 0x72, 0x68, 0x61, 0x6C, 0x66, 0x6D, 0x6F, 0x64, 0x63, 0x6F, 0x6C, 0x6F, 0x6E, 0x74, 0x72, 0x69, 0x61, 0x6E, 0x67, 0x75, 0x6C,
        0x61, 0x72, 0x6D, 0x6F, 0x64, 0x63, 0x6F, 0x6D, 0x6D, 0x61, 0x63, 0x6F, 0x6D, 0x6D, 0x61, 0x61, 0x62, 0x6F, 0x76, 0x65, 0x63, 0x6D, 0x62, 0x63,
        0x6F, 0x6D, 0x6D, 0x61, 0x61, 0x62, 0x6F, 0x76, 0x65, 0x72, 0x69, 0x67, 0x68, 0x74, 0x63, 0x6D, 0x62, 0x63, 0x6F, 0x6D, 0x6D, 0x61, 0x61, 0x63,
        0x63, 0x65, 0x6E, 0x74, 0x63, 0x6F, 0x6D, 0x6D, 0x61, 0x61, 0x72, 0x61, 0x62, 0x69, 0x63, 0x63, 0x6F, 0x6D, 0x6D, 0x61, 0x61, 0x72, 0x6D, 0x65,
        0x6E, 0x69, 0x61, 0x6E, 0x63, 0x6F, 0x6D, 0x6D, 0x61, 0x69, 0x6E, 0x66, 0x65, 0x72, 0x69, 0x6F, 0x72, 0x63, 0x6F, 0x6D, 0x6D, 0x61, 0x6D, 0x6F,
        0x6E, 0x6F, 0x73, 0x70, 0x61, 0x63, 0x65, 0x63, 0x6F, 0x6D, 0x6D, 0x61, 0x72, 0x65, 0x76, 0x65, 0x72, 0x73, 0x65, 0x64, 0x61, 0x62, 0x6F, 0x76,
        0x65, 0x63, 0x6D, 0x62, 0x63, 0x6F, 0x6D, 0x6D, 0x61, 0x72, 0x65, 0x76, 0x65, 0x72, 0x73, 0x65, 0x64, 0x6D, 0x6F, 0x64, 0x63, 0x6F, 0x6D, 0x6D,
        0x61, 0x73, 0x6D, 0x61, 0x6C, 0x6C, 0x63, 0x6F, 0x6D, 0x6D, 0x61, 0x73, 0x75, 0x70, 0x65, 0x72, 0x69, 0x6F, 0x72, 0x63, 0x6F, 0x6D, 0x6D, 0x61,
        0x74, 0x75, 0x72, 0x6E, 0x65, 0x64, 0x61, 0x62, 0x6F, 0x76, 0x65, 0x63, 0x6D, 0x62, 0x63, 0x6F, 0x6D, 0x6D, 0x61, 0x74, 0x75, 0x72, 0x6E, 0x65,
        0x64, 0x6D, 0x6F, 0x64, 0x63, 0x6F, 0x6D, 0x70, 0x61, 0x73, 0x73, 0x63, 0x6F, 0x6E, 0x67, 0x72, 0x75, 0x65, 0x6E, 0x74, 0x63, 0x6F, 0x6E, 0x74,
        0x6F, 0x75, 0x72, 0x69, 0x6E, 0x74, 0x65, 0x67, 0x72, 0x61, 0x6C, 0x63, 0x6F, 0x6E, 0x74, 0x72, 0x6F, 0x6C, 0x63, 0x6F, 0x6E, 0x74, 0x72, 0x6F,
        0x6C, 0x41, 0x43, 0x4B, 0x63, 0x6F, 0x6E, 0x74, 0x72, 0x6F, 0x6C, 0x42, 0x45, 0x4C, 0x63, 0x6F, 0x6E, 0x74, 0x72, 0x6F, 0x6C, 0x42, 0x53, 0x63,
        0x6F, 0x6E, 0x74, 0x72, 0x6F, 0x6C, 0x43, 0x41, 0x4E, 0x63, 0x6F, 0x6E, 0x74, 0x72, 0x6F, 0x6C, 0x43, 0x52, 0x63, 0x6F, 0x6E, 0x74, 0x72, 0x6F,
        0x6C, 0x44, 0x43, 0x31, 0x63, 0x6F, 0x6E, 0x74, 0x72, 0x6F, 0x6C, 0x44, 0x43, 0x32, 0x63, 0x6F, 0x6E, 0x74, 0x72, 0x6F, 0x6C, 0x44, 0x43, 0x33,
        0x63, 0x6F, 0x6E, 0x74, 0x72, 0x6F, 0x6C, 0x44, 0x43, 0x34, 0x63, 0x6F, 0x6E, 0x74, 0x72, 0x6F, 0x6C, 0x44, 0x45, 0x4C, 0x63, 0x6F, 0x6E, 0x74,
        0x72, 0x6F, 0x6C, 0x44, 0x4C, 0x45, 0x63, 0x6F, 0x6E, 0x74, 0x72, 0x6F, 0x6C, 0x45, 0x4D, 0x63, 0x6F, 0x6E, 0x74, 0x72, 0x6F, 0x6C, 0x45, 0x4E,
        0x51, 0x63, 0x6F, 0x6E, 0x74, 0x72, 0x6F, 0x6C, 0x45, 0x4F, 0x54, 0x63, 0x6F, 0x6E, 0x74, 0x72, 0x6F, 0x6C, 0x45, 0x53, 0x43, 0x63, 0x6F, 0x6E,
        0x74, 0x72, 0x6F, 0x6C, 0x45, 0x54, 0x42, 0x63, 0x6F, 0x6E, 0x74, 0x72, 0x6F, 0x6C, 0x45, 0x54, 0x58, 0x63, 0x6F, 0x6E, 0x74, 0x72, 0x6F, 0x6C,
        0x46, 0x46, 0x63, 0x6F, 0x6E, 0x74, 0x72, 0x6F, 0x6C, 0x46, 0x53, 0x63, 0x6F, 0x6E, 0x74, 0x72, 0x6F, 0x6C, 0x47, 0x53, 0x63, 0x6F, 0x6E, 0x74,
        0x72, 0x6F, 0x6C, 0x48, 0x54, 0x63, 0x6F, 0x6E, 0x74, 0x72, 0x6F, 0x6C, 0x4C, 0x46, 0x63, 0x6F, 0x6E, 0x74, 0x72, 0x6F, 0x6C, 0x4E, 0x41, 0x4B,
        0x63, 0x6F, 0x6E, 0x74, 0x72, 0x6F, 0x6C, 0x52, 0x53, 0x63, 0x6F, 0x6E, 0x74, 0x72, 0x6F, 0x6C, 0x53, 0x49, 0x63, 0x6F, 0x6E, 0x74, 0x72, 0x6F,
        0x6C, 0x53, 0x4F, 0x63, 0x6F, 0x6E, 0x74, 0x72, 0x6F, 0x6C, 0x53, 0x4F, 0x54, 0x63, 0x6F, 0x6E, 0x74, 0x72, 0x6F, 0x6C, 0x53, 0x54, 0x58, 0x63,
        0x6F, 0x6E, 0x74, 0x72, 0x6F, 0x6C, 0x53, 0x55, 0x42, 0x63, 0x6F, 0x6E, 0x74, 0x72, 0x6F, 0x6C, 0x53, 0x59, 0x4E, 0x63, 0x6F, 0x6E, 0x74, 0x72,
        0x6F, 0x6C, 0x55, 0x53, 0x63, 0x6F, 0x6E, 0x74, 0x72, 0x6F, 0x6C, 0x56, 0x54, 0x63, 0x6F, 0x70, 0x79, 0x72, 0x69, 0x67, 0x68, 0x74, 0x63, 0x6F,
        0x70, 0x79, 0x72, 0x69, 0x67, 0x68, 0x74, 0x73, 0x61, 0x6E, 0x73, 0x63, 0x6F, 0x70, 0x79, 0x72, 0x69, 0x67, 0x68, 0x74, 0x73, 0x65, 0x72, 0x69,
        0x66, 0x63, 0x6F, 0x72, 0x6E, 0x65, 0x72, 0x62, 0x72, 0x61, 0x63, 0x6B, 0x65, 0x74, 0x6C, 0x65, 0x66, 0x74, 0x63, 0x6F, 0x72, 0x6E, 0x65, 0x72,
        0x62, 0x72, 0x61, 0x63, 0x6B, 0x65, 0x74, 0x6C, 0x65, 0x66, 0x74, 0x68, 0x61, 0x6C, 0x66, 0x77, 0x69, 0x64, 0x74, 0x68, 0x63, 0x6F, 0x72, 0x6E,
        0x65, 0x72, 0x62, 0x72, 0x61, 0x63, 0x6B, 0x65, 0x74, 0x6C, 0x65, 0x66, 0x74, 0x76, 0x65, 0x72, 0x74, 0x69, 0x63, 0x61, 0x6C, 0x63, 0x6F, 0x72,
        0x6E, 0x65, 0x72, 0x62, 0x72, 0x61, 0x63, 0x6B, 0x65, 0x74, 0x72, 0x69, 0x67, 0x68, 0x74, 0x63, 0x6F, 0x72, 0x6E, 0x65, 0x72, 0x62, 0x72, 0x61,
        0x63, 0x6B, 0x65, 0x74, 0x72, 0x69, 0x67, 0x68, 0x74, 0x68, 0x61, 0x6C, 0x66, 0x77, 0x69, 0x64, 0x74, 0x68, 0x63, 0x6F, 0x72, 0x6E, 0x65, 0x72,
        0x62, 0x72, 0x61, 0x63, 0x6B, 0x65, 0x74, 0x72, 0x69, 0x67, 0x68, 0x74, 0x76, 0x65, 0x72, 0x74, 0x69, 0x63, 0x61, 0x6C, 0x63, 0x6F, 0x72, 0x70,
        0x6F, 0x72, 0x61, 0x74, 0x69, 0x6F, 0x6E, 0x73, 0x71, 0x75, 0x61, 0x72, 0x65, 0x63, 0x6F, 0x73, 0x71, 0x75, 0x61, 0x72, 0x65, 0x63, 0x6F, 0x76,
        0x65, 0x72, 0x6B, 0x67, 0x73, 0x71, 0x75, 0x61, 0x72, 0x65, 0x63, 0x70, 0x61, 0x72, 0x65, 0x6E, 0x63, 0x72, 0x75, 0x7A, 0x65, 0x69, 0x72, 0x6F,
        0x63, 0x73, 0x74, 0x72, 0x65, 0x74, 0x63, 0x68, 0x65, 0x64, 0x63, 0x75, 0x72, 0x6C, 0x79, 0x61, 0x6E, 0x64, 0x63, 0x75, 0x72, 0x6C, 0x79, 0x6F,
        0x72, 0x63, 0x75, 0x72, 0x72, 0x65, 0x6E, 0x63, 0x79, 0x63, 0x79, 0x72, 0x42, 0x72, 0x65, 0x76, 0x65, 0x63, 0x79, 0x72, 0x46, 0x6C, 0x65, 0x78,
        0x63, 0x79, 0x72, 0x62, 0x72, 0x65, 0x76, 0x65, 0x63, 0x79, 0x72, 0x66, 0x6C, 0x65, 0x78, 0x64, 0x64, 0x61, 0x61, 0x72, 0x6D, 0x65, 0x6E, 0x69,
        0x61, 0x6E, 0x64, 0x61, 0x62, 0x65, 0x6E, 0x67, 0x61, 0x6C, 0x69, 0x64, 0x61, 0x64, 0x61, 0x72, 0x61, 0x62, 0x69, 0x63, 0x64, 0x61, 0x64, 0x65,
        0x76, 0x61, 0x64, 0x61, 0x64, 0x66, 0x69, 0x6E, 0x61, 0x6C, 0x61, 0x72, 0x61, 0x62, 0x69, 0x63, 0x64, 0x61, 0x64, 0x69, 0x6E, 0x69, 0x74, 0x69,
        0x61, 0x6C, 0x61, 0x72, 0x61, 0x62, 0x69, 0x63, 0x64, 0x61, 0x64, 0x6D, 0x65, 0x64, 0x69, 0x61, 0x6C, 0x61, 0x72, 0x61, 0x62, 0x69, 0x63, 0x64,
        0x61, 0x67, 0x65, 0x73, 0x68, 0x64, 0x61, 0x67, 0x65, 0x73, 0x68, 0x68, 0x65, 0x62, 0x72, 0x65, 0x77, 0x64, 0x61, 0x67, 0x67, 0x65, 0x72, 0x64,
        0x61, 0x67, 0x67, 0x65, 0x72, 0x64, 0x62, 0x6C, 0x64, 0x61, 0x67, 0x75, 0x6A, 0x61, 0x72, 0x61, 0x74, 0x69, 0x64, 0x61, 0x67, 0x75, 0x72, 0x6D,
        0x75, 0x6B, 0x68, 0x69, 0x64, 0x61, 0x68, 0x69, 0x72, 0x61, 0x67, 0x61, 0x6E, 0x61, 0x64, 0x61, 0x6B, 0x61, 0x74, 0x61, 0x6B, 0x61, 0x6E, 0x61,
        0x64, 0x61, 0x6C, 0x61, 0x72, 0x61, 0x62, 0x69, 0x63, 0x64, 0x61, 0x6C, 0x65, 0x74, 0x64, 0x61, 0x6C, 0x65, 0x74, 0x64, 0x61, 0x67, 0x65, 0x73,
        0x68, 0x64, 0x61, 0x6C, 0x65, 0x74, 0x64, 0x61, 0x67, 0x65, 0x73, 0x68, 0x68, 0x65, 0x62, 0x72, 0x65, 0x77, 0x64, 0x61, 0x6C, 0x65, 0x74, 0x68,
        0x61, 0x74, 0x61, 0x66, 0x70, 0x61, 0x74, 0x61, 0x68, 0x64, 0x61, 0x6C, 0x65, 0x74, 0x68, 0x61, 0x74, 0x61, 0x66, 0x70, 0x61, 0x74, 0x61, 0x68,
        0x68, 0x65, 0x62, 0x72, 0x65, 0x77, 0x64, 0x61, 0x6C, 0x65, 0x74, 0x68, 0x61, 0x74, 0x61, 0x66, 0x73, 0x65, 0x67, 0x6F, 0x6C, 0x64, 0x61, 0x6C,
        0x65, 0x74, 0x68, 0x61, 0x74, 0x61, 0x66, 0x73, 0x65, 0x67, 0x6F, 0x6C, 0x68, 0x65, 0x62, 0x72, 0x65, 0x77, 0x64, 0x61, 0x6C, 0x65, 0x74, 0x68,
        0x65, 0x62, 0x72, 0x65, 0x77, 0x64, 0x61, 0x6C, 0x65, 0x74, 0x68, 0x69, 0x72, 0x69, 0x71, 0x64, 0x61, 0x6C, 0x65, 0x74, 0x68, 0x69, 0x72, 0x69,
        0x71, 0x68, 0x65, 0x62, 0x72, 0x65, 0x77, 0x64, 0x61, 0x6C, 0x65, 0x74, 0x68, 0x6F, 0x6C, 0x61, 0x6D, 0x64, 0x61, 0x6C, 0x65, 0x74, 0x68, 0x6F,
        0x6C, 0x61, 0x6D, 0x68, 0x65, 0x62, 0x72, 0x65, 0x77, 0x64, 0x61, 0x6C, 0x65, 0x74, 0x70, 0x61, 0x74, 0x61, 0x68, 0x64, 0x61, 0x6C, 0x65, 0x74,
        0x70, 0x61, 0x74, 0x61, 0x68, 0x68, 0x65, 0x62, 0x72, 0x65, 0x77, 0x64, 0x61, 0x6C, 0x65, 0x74, 0x71, 0x61, 0x6D, 0x61, 0x74, 0x73, 0x64, 0x61,
        0x6C, 0x65, 0x74, 0x71, 0x61, 0x6D, 0x61, 0x74, 0x73, 0x68, 0x65, 0x62, 0x72, 0x65, 0x77, 0x64, 0x61, 0x6C, 0x65, 0x74, 0x71, 0x75, 0x62, 0x75,
        0x74, 0x73, 0x64, 0x61, 0x6C, 0x65, 0x74, 0x71, 0x75, 0x62, 0x75, 0x74, 0x73, 0x68, 0x65, 0x62, 0x72, 0x65, 0x77, 0x64, 0x61, 0x6C, 0x65, 0x74,
        0x73, 0x65, 0x67, 0x6F, 0x6C, 0x64, 0x61, 0x6C, 0x65, 0x74, 0x73, 0x65, 0x67, 0x6F, 0x6C, 0x68, 0x65, 0x62, 0x72, 0x65, 0x77, 0x64, 0x61, 0x6C,
        0x65, 0x74, 0x73, 0x68, 0x65, 0x76, 0x61, 0x64, 0x61, 0x6C, 0x65, 0x74, 0x73, 0x68, 0x65, 0x76, 0x61, 0x68, 0x65, 0x62, 0x72, 0x65, 0x77, 0x64,
        0x61, 0x6C, 0x65, 0x74, 0x74, 0x73, 0x65, 0x72, 0x65, 0x64, 0x61, 0x6C, 0x65, 0x74, 0x74, 0x73, 0x65, 0x72, 0x65, 0x68, 0x65, 0x62, 0x72, 0x65,
        0x77, 0x64, 0x61, 0x6C, 0x66, 0x69, 0x6E, 0x61, 0x6C, 0x61, 0x72, 0x61, 0x62, 0x69, 0x63, 0x64, 0x61, 0x6D, 0x6D, 0x61, 0x61, 0x72, 0x61, 0x62,
        0x69, 0x63, 0x64, 0x61, 0x6D, 0x6D, 0x61, 0x6C, 0x6F, 0x77, 0x61, 0x72, 0x61, 0x62, 0x69, 0x63, 0x64, 0x61, 0x6D, 0x6D, 0x61, 0x74, 0x61, 0x6E,
        0x61, 0x6C, 0x74, 0x6F, 0x6E, 0x65, 0x61, 0x72, 0x61, 0x62, 0x69, 0x63, 0x64, 0x61, 0x6D, 0x6D, 0x61, 0x74, 0x61, 0x6E, 0x61, 0x72, 0x61, 0x62,
        0x69, 0x63, 0x64, 0x61, 0x6E, 0x64, 0x61, 0x64, 0x61, 0x72, 0x67, 0x61, 0x68, 0x65, 0x62, 0x72, 0x65, 0x77, 0x64, 0x61, 0x72, 0x67, 0x61, 0x6C,
        0x65, 0x66, 0x74, 0x68, 0x65, 0x62, 0x72, 0x65, 0x77, 0x64, 0x61, 0x73, 0x69, 0x61, 0x70, 0x6E, 0x65, 0x75, 0x6D, 0x61, 0x74, 0x61, 0x63, 0x79,
        0x72, 0x69, 0x6C, 0x6C, 0x69, 0x63, 0x63, 0x6D, 0x62, 0x64, 0x62, 0x6C, 0x47, 0x72, 0x61, 0x76, 0x65, 0x64, 0x62, 0x6C, 0x61, 0x6E, 0x67, 0x6C,
        0x65, 0x62, 0x72, 0x61, 0x63, 0x6B, 0x65, 0x74, 0x6C, 0x65, 0x66, 0x74, 0x64, 0x62, 0x6C, 0x61, 0x6E, 0x67, 0x6C, 0x65, 0x62, 0x72, 0x61, 0x63,
        0x6B, 0x65, 0x74, 0x6C, 0x65, 0x66, 0x74, 0x76, 0x65, 0x72, 0x74, 0x69, 0x63, 0x61, 0x6C, 0x64, 0x62, 0x6C, 0x61, 0x6E, 0x67, 0x6C, 0x65, 0x62,
        0x72, 0x61, 0x63, 0x6B, 0x65, 0x74, 0x72, 0x69, 0x67, 0x68, 0x74, 0x64, 0x62, 0x6C, 0x61, 0x6E, 0x67, 0x6C, 0x65, 0x62, 0x72, 0x61, 0x63, 0x6B,
        0x65, 0x74, 0x72, 0x69, 0x67, 0x68, 0x74, 0x76, 0x65, 0x72, 0x74, 0x69, 0x63, 0x61, 0x6C, 0x64, 0x62, 0x6C, 0x61, 0x72, 0x63, 0x68, 0x69, 0x6E,
        0x76, 0x65, 0x72, 0x74, 0x65, 0x64, 0x62, 0x65, 0x6C, 0x6F, 0x77, 0x63, 0x6D, 0x62, 0x64, 0x62, 0x6C, 0x61, 0x72, 0x72, 0x6F, 0x77, 0x6C, 0x65,
        0x66, 0x74, 0x64, 0x62, 0x6C, 0x61, 0x72, 0x72, 0x6F, 0x77, 0x72, 0x69, 0x67, 0x68, 0x74, 0x64, 0x62, 0x6C, 0x64, 0x61, 0x6E, 0x64, 0x61, 0x64,
        0x62, 0x6C, 0x67, 0x72, 0x61, 0x76, 0x65, 0x64, 0x62, 0x6C, 0x67, 0x72, 0x61, 0x76, 0x65, 0x63, 0x6D, 0x62, 0x64, 0x62, 0x6C, 0x69, 0x6E, 0x74,
        0x65, 0x67, 0x72, 0x61, 0x6C, 0x64, 0x62, 0x6C, 0x6C, 0x6F, 0x77, 0x6C, 0x69, 0x6E, 0x65, 0x64, 0x62, 0x6C, 0x6C, 0x6F, 0x77, 0x6C, 0x69, 0x6E,
        0x65, 0x63, 0x6D, 0x62, 0x64, 0x62, 0x6C, 0x6F, 0x76, 0x65, 0x72, 0x6C, 0x69, 0x6E, 0x65, 0x63, 0x6D, 0x62, 0x64, 0x62, 0x6C, 0x70, 0x72, 0x69,
        0x6D, 0x65, 0x6D, 0x6F, 0x64, 0x64, 0x62, 0x6C, 0x76, 0x65, 0x72, 0x74, 0x69, 0x63, 0x61, 0x6C, 0x62, 0x61, 0x72, 0x64, 0x62, 0x6C, 0x76, 0x65,
        0x72, 0x74, 0x69, 0x63, 0x61, 0x6C, 0x6C, 0x69, 0x6E, 0x65, 0x61, 0x62, 0x6F, 0x76, 0x65, 0x63, 0x6D, 0x62, 0x64, 0x62, 0x6F, 0x70, 0x6F, 0x6D,
        0x6F, 0x66, 0x6F, 0x64, 0x62, 0x73, 0x71, 0x75, 0x61, 0x72, 0x65, 0x64, 0x63, 0x61, 0x72, 0x6F, 0x6E, 0x64, 0x63, 0x65, 0x64, 0x69, 0x6C, 0x6C,
        0x61, 0x64, 0x63, 0x69, 0x72, 0x63, 0x6C, 0x65, 0x64, 0x63, 0x69, 0x72, 0x63, 0x75, 0x6D, 0x66, 0x6C, 0x65, 0x78, 0x62, 0x65, 0x6C, 0x6F, 0x77,
        0x64, 0x63, 0x72, 0x6F, 0x61, 0x74, 0x64, 0x64, 0x61, 0x62, 0x65, 0x6E, 0x67, 0x61, 0x6C, 0x69, 0x64, 0x64, 0x61, 0x64, 0x65, 0x76, 0x61, 0x64,
        0x64, 0x61, 0x67, 0x75, 0x6A, 0x61, 0x72, 0x61, 0x74, 0x69, 0x64, 0x64, 0x61, 0x67, 0x75, 0x72, 0x6D, 0x75, 0x6B, 0x68, 0x69, 0x64, 0x64, 0x61,
        0x6C, 0x61, 0x72, 0x61, 0x62, 0x69, 0x63, 0x64, 0x64, 0x61, 0x6C, 0x66, 0x69, 0x6E, 0x61, 0x6C, 0x61, 0x72, 0x61, 0x62, 0x69, 0x63, 0x64, 0x64,
        0x64, 0x68, 0x61, 0x64, 0x65, 0x76, 0x61, 0x64, 0x64, 0x68, 0x61, 0x62, 0x65, 0x6E, 0x67, 0x61, 0x6C, 0x69, 0x64, 0x64, 0x68, 0x61, 0x64, 0x65,
        0x76, 0x61, 0x64, 0x64, 0x68, 0x61, 0x67, 0x75, 0x6A, 0x61, 0x72, 0x61, 0x74, 0x69, 0x64, 0x64, 0x68, 0x61, 0x67, 0x75, 0x72, 0x6D, 0x75, 0x6B,
        0x68, 0x69, 0x64, 0x64, 0x6F, 0x74, 0x61, 0x63, 0x63, 0x65, 0x6E, 0x74, 0x64, 0x64, 0x6F, 0x74, 0x62, 0x65, 0x6C, 0x6F, 0x77, 0x64, 0x65, 0x63,
        0x69, 0x6D, 0x61, 0x6C, 0x73, 0x65, 0x70, 0x61, 0x72, 0x61, 0x74, 0x6F, 0x72, 0x61, 0x72, 0x61, 0x62, 0x69, 0x63, 0x64, 0x65, 0x63, 0x69, 0x6D,
        0x61, 0x6C, 0x73, 0x65, 0x70, 0x61, 0x72, 0x61, 0x74, 0x6F, 0x72, 0x70, 0x65, 0x72, 0x73, 0x69, 0x61, 0x6E, 0x64, 0x65, 0x63, 0x79, 0x72, 0x69,
        0x6C, 0x6C, 0x69, 0x63, 0x64, 0x65, 0x67, 0x72, 0x65, 0x65, 0x64, 0x65, 0x68, 0x69, 0x68, 0x65, 0x62, 0x72, 0x65, 0x77, 0x64, 0x65, 0x68, 0x69,
        0x72, 0x61, 0x67, 0x61, 0x6E, 0x61, 0x64, 0x65, 0x69, 0x63, 0x6F, 0x70, 0x74, 0x69, 0x63, 0x64, 0x65, 0x6B, 0x61, 0x74, 0x61, 0x6B, 0x61, 0x6E,
        0x61, 0x64, 0x65, 0x6C, 0x65, 0x74, 0x65, 0x6C, 0x65, 0x66, 0x74, 0x64, 0x65, 0x6C, 0x65, 0x74, 0x65, 0x72, 0x69, 0x67, 0x68, 0x74, 0x64, 0x65,
        0x6C, 0x74, 0x61, 0x64, 0x65, 0x6C, 0x74, 0x61, 0x74, 0x75, 0x72, 0x6E, 0x65, 0x64, 0x64, 0x65, 0x6E, 0x6F, 0x6D, 0x69, 0x6E, 0x61, 0x74, 0x6F,
        0x72, 0x6D, 0x69, 0x6E, 0x75, 0x73, 0x6F, 0x6E, 0x65, 0x6E, 0x75, 0x6D, 0x65, 0x72, 0x61, 0x74, 0x6F, 0x72, 0x62, 0x65, 0x6E, 0x67, 0x61, 0x6C,
        0x69, 0x64, 0x65, 0x7A, 0x68, 0x64, 0x68, 0x61, 0x62, 0x65, 0x6E, 0x67, 0x61, 0x6C, 0x69, 0x64, 0x68, 0x61, 0x64, 0x65, 0x76, 0x61, 0x64, 0x68,
        0x61, 0x67, 0x75, 0x6A, 0x61, 0x72, 0x61, 0x74, 0x69, 0x64, 0x68, 0x61, 0x67, 0x75, 0x72, 0x6D, 0x75, 0x6B, 0x68, 0x69, 0x64, 0x68, 0x6F, 0x6F,
        0x6B, 0x64, 0x69, 0x61, 0x6C, 0x79, 0x74, 0x69, 0x6B, 0x61, 0x74, 0x6F, 0x6E, 0x6F, 0x73, 0x64, 0x69, 0x61, 0x6C, 0x79, 0x74, 0x69, 0x6B, 0x61,
        0x74, 0x6F, 0x6E, 0x6F, 0x73, 0x63, 0x6D, 0x62, 0x64, 0x69, 0x61, 0x6D, 0x6F, 0x6E, 0x64, 0x64, 0x69, 0x61, 0x6D, 0x6F, 0x6E, 0x64, 0x73, 0x75,
        0x69, 0x74, 0x77, 0x68, 0x69, 0x74, 0x65, 0x64, 0x69, 0x65, 0x72, 0x65, 0x73, 0x69, 0x73, 0x64, 0x69, 0x65, 0x72, 0x65, 0x73, 0x69, 0x73, 0x61,
        0x63, 0x75, 0x74, 0x65, 0x64, 0x69, 0x65, 0x72, 0x65, 0x73, 0x69, 0x73, 0x62, 0x65, 0x6C, 0x6F, 0x77, 0x63, 0x6D, 0x62, 0x64, 0x69, 0x65, 0x72,
        0x65, 0x73, 0x69, 0x73, 0x63, 0x6D, 0x62, 0x64, 0x69, 0x65, 0x72, 0x65, 0x73, 0x69, 0x73, 0x67, 0x72, 0x61, 0x76, 0x65, 0x64, 0x69, 0x65, 0x72,
        0x65, 0x73, 0x69, 0x73, 0x74, 0x6F, 0x6E, 0x6F, 0x73, 0x64, 0x69, 0x68, 0x69, 0x72, 0x61, 0x67, 0x61, 0x6E, 0x61, 0x64, 0x69, 0x6B, 0x61, 0x74,
        0x61, 0x6B, 0x61, 0x6E, 0x61, 0x64, 0x69, 0x74, 0x74, 0x6F, 0x6D, 0x61, 0x72, 0x6B, 0x64, 0x69, 0x76, 0x69, 0x64, 0x65, 0x64, 0x69, 0x76, 0x69,
        0x64, 0x65, 0x73, 0x64, 0x69, 0x76, 0x69, 0x73, 0x69, 0x6F, 0x6E, 0x73, 0x6C, 0x61, 0x73, 0x68, 0x64, 0x6A, 0x65, 0x63, 0x79, 0x72, 0x69, 0x6C,
        0x6C, 0x69, 0x63, 0x64, 0x6B, 0x73, 0x68, 0x61, 0x64, 0x65, 0x64, 0x6C, 0x69, 0x6E, 0x65, 0x62, 0x65, 0x6C, 0x6F, 0x77, 0x64, 0x6C, 0x73, 0x71,
        0x75, 0x61, 0x72, 0x65, 0x64, 0x6D, 0x61, 0x63, 0x72, 0x6F, 0x6E, 0x64, 0x6D, 0x6F, 0x6E, 0x6F, 0x73, 0x70, 0x61, 0x63, 0x65, 0x64, 0x6E, 0x62,
        0x6C, 0x6F, 0x63, 0x6B, 0x64, 0x6F, 0x63, 0x68, 0x61, 0x64, 0x61, 0x74, 0x68, 0x61, 0x69, 0x64, 0x6F, 0x64, 0x65, 0x6B, 0x74, 0x68, 0x61, 0x69,
        0x64, 0x6F, 0x68, 0x69, 0x72, 0x61, 0x67, 0x61, 0x6E, 0x61, 0x64, 0x6F, 0x6B, 0x61, 0x74, 0x61, 0x6B, 0x61, 0x6E, 0x61, 0x64, 0x6F, 0x6C, 0x6C,
        0x61, 0x72, 0x64, 0x6F, 0x6C, 0x6C, 0x61, 0x72, 0x69, 0x6E, 0x66, 0x65, 0x72, 0x69, 0x6F, 0x72, 0x64, 0x6F, 0x6C, 0x6C, 0x61, 0x72, 0x6D, 0x6F,
        0x6E, 0x6F, 0x73, 0x70, 0x61, 0x63, 0x65, 0x64, 0x6F, 0x6C, 0x6C, 0x61, 0x72, 0x6F, 0x6C, 0x64, 0x73, 0x74, 0x79, 0x6C, 0x65, 0x64, 0x6F, 0x6C,
        0x6C, 0x61, 0x72, 0x73, 0x6D, 0x61, 0x6C, 0x6C, 0x64, 0x6F, 0x6C, 0x6C, 0x61, 0x72, 0x73, 0x75, 0x70, 0x65, 0x72, 0x69, 0x6F, 0x72, 0x64, 0x6F,
        0x6E, 0x67, 0x64, 0x6F, 0x72, 0x75, 0x73, 0x71, 0x75, 0x61, 0x72, 0x65, 0x64, 0x6F, 0x74, 0x61, 0x63, 0x63, 0x65, 0x6E, 0x74, 0x64, 0x6F, 0x74,
        0x61, 0x63, 0x63, 0x65, 0x6E, 0x74, 0x63, 0x6D, 0x62, 0x64, 0x6F, 0x74, 0x62, 0x65, 0x6C, 0x6F, 0x77, 0x63, 0x6D, 0x62, 0x64, 0x6F, 0x74, 0x62,
        0x65, 0x6C, 0x6F, 0x77, 0x63, 0x6F, 0x6D, 0x62, 0x64, 0x6F, 0x74, 0x6B, 0x61, 0x74, 0x61, 0x6B, 0x61, 0x6E, 0x61, 0x64, 0x6F, 0x74, 0x6C, 0x65,
        0x73, 0x73, 0x69, 0x64, 0x6F, 0x74, 0x6C, 0x65, 0x73, 0x73, 0x6A, 0x64, 0x6F, 0x74, 0x6C, 0x65, 0x73, 0x73, 0x6A, 0x73, 0x74, 0x72, 0x6F, 0x6B,
        0x65, 0x68, 0x6F, 0x6F, 0x6B, 0x64, 0x6F, 0x74, 0x6D, 0x61, 0x74, 0x68, 0x64, 0x6F, 0x74, 0x74, 0x65, 0x64, 0x63, 0x69, 0x72, 0x63, 0x6C, 0x65,
        0x64, 0x6F, 0x75, 0x62, 0x6C, 0x65, 0x79, 0x6F, 0x64, 0x70, 0x61, 0x74, 0x61, 0x68, 0x64, 0x6F, 0x75, 0x62, 0x6C, 0x65, 0x79, 0x6F, 0x64, 0x70,
        0x61, 0x74, 0x61, 0x68, 0x68, 0x65, 0x62, 0x72, 0x65, 0x77, 0x64, 0x6F, 0x77, 0x6E, 0x74, 0x61, 0x63, 0x6B, 0x62, 0x65, 0x6C, 0x6F, 0x77, 0x63,
        0x6D, 0x62, 0x64, 0x6F, 0x77, 0x6E, 0x74, 0x61, 0x63, 0x6B, 0x6D, 0x6F, 0x64, 0x64, 0x70, 0x61, 0x72, 0x65, 0x6E, 0x64, 0x73, 0x75, 0x70, 0x65,
        0x72, 0x69, 0x6F, 0x72, 0x64, 0x74, 0x61, 0x69, 0x6C, 0x64, 0x74, 0x6F, 0x70, 0x62, 0x61, 0x72, 0x64, 0x75, 0x68, 0x69, 0x72, 0x61, 0x67, 0x61,
        0x6E, 0x61, 0x64, 0x75, 0x6B, 0x61, 0x74, 0x61, 0x6B, 0x61, 0x6E, 0x61, 0x64, 0x7A, 0x64, 0x7A, 0x61, 0x6C, 0x74, 0x6F, 0x6E, 0x65, 0x64, 0x7A,
        0x63, 0x61, 0x72, 0x6F, 0x6E, 0x64, 0x7A, 0x63, 0x75, 0x72, 0x6C, 0x64, 0x7A, 0x65, 0x61, 0x62, 0x6B, 0x68, 0x61, 0x73, 0x69, 0x61, 0x6E, 0x63,
        0x79, 0x72, 0x69, 0x6C, 0x6C, 0x69, 0x63, 0x64, 0x7A, 0x65, 0x63, 0x79, 0x72, 0x69, 0x6C, 0x6C, 0x69, 0x63, 0x64, 0x7A, 0x68, 0x65, 0x63, 0x79,
        0x72, 0x69, 0x6C, 0x6C, 0x69, 0x63, 0x65, 0x65, 0x61, 0x63, 0x75, 0x74, 0x65, 0x65, 0x61, 0x72, 0x74, 0x68, 0x65, 0x62, 0x65, 0x6E, 0x67, 0x61,
        0x6C, 0x69, 0x65, 0x62, 0x6F, 0x70, 0x6F, 0x6D, 0x6F, 0x66, 0x6F, 0x65, 0x62, 0x72, 0x65, 0x76, 0x65, 0x65, 0x63, 0x61, 0x6E, 0x64, 0x72, 0x61,
        0x64, 0x65, 0x76, 0x61, 0x65, 0x63, 0x61, 0x6E, 0x64, 0x72, 0x61, 0x67, 0x75, 0x6A, 0x61, 0x72, 0x61, 0x74, 0x69, 0x65, 0x63, 0x61, 0x6E, 0x64,
        0x72, 0x61, 0x76, 0x6F, 0x77, 0x65, 0x6C, 0x73, 0x69, 0x67, 0x6E, 0x64, 0x65, 0x76, 0x61, 0x65, 0x63, 0x61, 0x6E, 0x64, 0x72, 0x61, 0x76, 0x6F,
        0x77, 0x65, 0x6C, 0x73, 0x69, 0x67, 0x6E, 0x67, 0x75, 0x6A, 0x61, 0x72, 0x61, 0x74, 0x69, 0x65, 0x63, 0x61, 0x72, 0x6F, 0x6E, 0x65, 0x63, 0x65,
        0x64, 0x69, 0x6C, 0x6C, 0x61, 0x62, 0x72, 0x65, 0x76, 0x65, 0x65, 0x63, 0x68, 0x61, 0x72, 0x6D, 0x65, 0x6E, 0x69, 0x61, 0x6E, 0x65, 0x63, 0x68,
        0x79, 0x69, 0x77, 0x6E, 0x61, 0x72, 0x6D, 0x65, 0x6E, 0x69, 0x61, 0x6E, 0x65, 0x63, 0x69, 0x72, 0x63, 0x6C, 0x65, 0x65, 0x63, 0x69, 0x72, 0x63,
        0x75, 0x6D, 0x66, 0x6C, 0x65, 0x78, 0x65, 0x63, 0x69, 0x72, 0x63, 0x75, 0x6D, 0x66, 0x6C, 0x65, 0x78, 0x61, 0x63, 0x75, 0x74, 0x65, 0x65, 0x63,
        0x69, 0x72, 0x63, 0x75, 0x6D, 0x66, 0x6C, 0x65, 0x78, 0x62, 0x65, 0x6C, 0x6F, 0x77, 0x65, 0x63, 0x69, 0x72, 0x63, 0x75, 0x6D, 0x66, 0x6C, 0x65,
        0x78, 0x64, 0x6F, 0x74, 0x62, 0x65, 0x6C, 0x6F, 0x77, 0x65, 0x63, 0x69, 0x72, 0x63, 0x75, 0x6D, 0x66, 0x6C, 0x65, 0x78, 0x67, 0x72, 0x61, 0x76,
        0x65, 0x65, 0x63, 0x69, 0x72, 0x63, 0x75, 0x6D, 0x66, 0x6C, 0x65, 0x78, 0x68, 0x6F, 0x6F, 0x6B, 0x61, 0x62, 0x6F, 0x76, 0x65, 0x65, 0x63, 0x69,
        0x72, 0x63, 0x75, 0x6D, 0x66, 0x6C, 0x65, 0x78, 0x74, 0x69, 0x6C, 0x64, 0x65, 0x65, 0x63, 0x79, 0x72, 0x69, 0x6C, 0x6C, 0x69, 0x63, 0x65, 0x64,
        0x62, 0x6C, 0x67, 0x72, 0x61, 0x76, 0x65, 0x65, 0x64, 0x65, 0x76, 0x61, 0x65, 0x64, 0x69, 0x65, 0x72, 0x65, 0x73, 0x69, 0x73, 0x65, 0x64, 0x6F,
        0x74, 0x65, 0x64, 0x6F, 0x74, 0x61, 0x63, 0x63, 0x65, 0x6E, 0x74, 0x65, 0x64, 0x6F, 0x74, 0x62, 0x65, 0x6C, 0x6F, 0x77, 0x65, 0x65, 0x67, 0x75,
        0x72, 0x6D, 0x75, 0x6B, 0x68, 0x69, 0x65, 0x65, 0x6D, 0x61, 0x74, 0x72, 0x61, 0x67, 0x75, 0x72, 0x6D, 0x75, 0x6B, 0x68, 0x69, 0x65, 0x66, 0x63,
        0x79, 0x72, 0x69, 0x6C, 0x6C, 0x69, 0x63, 0x65, 0x67, 0x72, 0x61, 0x76, 0x65, 0x65, 0x67, 0x75, 0x6A, 0x61, 0x72, 0x61, 0x74, 0x69, 0x65, 0x68,
        0x61, 0x72, 0x6D, 0x65, 0x6E, 0x69, 0x61, 0x6E, 0x65, 0x68, 0x62, 0x6F, 0x70, 0x6F, 0x6D, 0x6F, 0x66, 0x6F, 0x65, 0x68, 0x69, 0x72, 0x61, 0x67,
        0x61, 0x6E, 0x61, 0x65, 0x68, 0x6F, 0x6F, 0x6B, 0x61, 0x62, 0x6F, 0x76, 0x65, 0x65, 0x69, 0x62, 0x6F, 0x70, 0x6F, 0x6D, 0x6F, 0x66, 0x6F, 0x65,
        0x69, 0x67, 0x68, 0x74, 0x65, 0x69, 0x67, 0x68, 0x74, 0x61, 0x72, 0x61, 0x62, 0x69, 0x63, 0x65, 0x69, 0x67, 0x68, 0x74, 0x62, 0x65, 0x6E, 0x67,
        0x61, 0x6C, 0x69, 0x65, 0x69, 0x67, 0x68, 0x74, 0x63, 0x69, 0x72, 0x63, 0x6C, 0x65, 0x65, 0x69, 0x67, 0x68, 0x74, 0x63, 0x69, 0x72, 0x63, 0x6C,
        0x65, 0x69, 0x6E, 0x76, 0x65, 0x72, 0x73, 0x65, 0x73, 0x61, 0x6E, 0x73, 0x73, 0x65, 0x72, 0x69, 0x66, 0x65, 0x69, 0x67, 0x68, 0x74, 0x64, 0x65,
        0x76, 0x61, 0x65, 0x69, 0x67, 0x68, 0x74, 0x65, 0x65, 0x6E, 0x63, 0x69, 0x72, 0x63, 0x6C, 0x65, 0x65, 0x69, 0x67, 0x68, 0x74, 0x65, 0x65, 0x6E,
        0x70, 0x61, 0x72, 0x65, 0x6E, 0x65, 0x69, 0x67, 0x68, 0x74, 0x65, 0x65, 0x6E, 0x70, 0x65, 0x72, 0x69, 0x6F, 0x64, 0x65, 0x69, 0x67, 0x68, 0x74,
        0x67, 0x75, 0x6A, 0x61, 0x72, 0x61, 0x74, 0x69, 0x65, 0x69, 0x67, 0x68, 0x74, 0x67, 0x75, 0x72, 0x6D, 0x75, 0x6B, 0x68, 0x69, 0x65, 0x69, 0x67,
        0x68, 0x74, 0x68, 0x61, 0x63, 0x6B, 0x61, 0x72, 0x61, 0x62, 0x69, 0x63, 0x65, 0x69, 0x67, 0x68, 0x74, 0x68, 0x61, 0x6E, 0x67, 0x7A, 0x68, 0x6F,
        0x75, 0x65, 0x69, 0x67, 0x68, 0x74, 0x68, 0x6E, 0x6F, 0x74, 0x65, 0x62, 0x65, 0x61, 0x6D, 0x65, 0x64, 0x65, 0x69, 0x67, 0x68, 0x74, 0x69, 0x64,
        0x65, 0x6F, 0x67, 0x72, 0x61, 0x70, 0x68, 0x69, 0x63, 0x70, 0x61, 0x72, 0x65, 0x6E, 0x65, 0x69, 0x67, 0x68, 0x74, 0x69, 0x6E, 0x66, 0x65, 0x72,
        0x69, 0x6F, 0x72, 0x65, 0x69, 0x67, 0x68, 0x74, 0x6D, 0x6F, 0x6E, 0x6F, 0x73, 0x70, 0x61, 0x63, 0x65, 0x65, 0x69, 0x67, 0x68, 0x74, 0x6F, 0x6C,
        0x64, 0x73, 0x74, 0x79, 0x6C, 0x65, 0x65, 0x69, 0x67, 0x68, 0x74, 0x70, 0x61, 0x72, 0x65, 0x6E, 0x65, 0x69, 0x67, 0x68, 0x74, 0x70, 0x65, 0x72,
        0x69, 0x6F, 0x64, 0x65, 0x69, 0x67, 0x68, 0x74, 0x70, 0x65, 0x72, 0x73, 0x69, 0x61, 0x6E, 0x65, 0x69, 0x67, 0x68, 0x74, 0x72, 0x6F, 0x6D, 0x61,
        0x6E, 0x65, 0x69, 0x67, 0x68, 0x74, 0x73, 0x75, 0x70, 0x65, 0x72, 0x69, 0x6F, 0x72, 0x65, 0x69, 0x67, 0x68, 0x74, 0x74, 0x68, 0x61, 0x69, 0x65,
        0x69, 0x6E, 0x76, 0x65, 0x72, 0x74, 0x65, 0x64, 0x62, 0x72, 0x65, 0x76, 0x65, 0x65, 0x69, 0x6F, 0x74, 0x69, 0x66, 0x69, 0x65, 0x64, 0x63, 0x79,
        0x72, 0x69, 0x6C, 0x6C, 0x69, 0x63, 0x65, 0x6B, 0x61, 0x74, 0x61, 0x6B, 0x61, 0x6E, 0x61, 0x65, 0x6B, 0x61, 0x74, 0x61, 0x6B, 0x61, 0x6E, 0x61,
        0x68, 0x61, 0x6C, 0x66, 0x77, 0x69, 0x64, 0x74, 0x68, 0x65, 0x6B, 0x6F, 0x6E, 0x6B, 0x61, 0x72, 0x67, 0x75, 0x72, 0x6D, 0x75, 0x6B, 0x68, 0x69,
        0x65, 0x6B, 0x6F, 0x72, 0x65, 0x61, 0x6E, 0x65, 0x6C, 0x63, 0x79, 0x72, 0x69, 0x6C, 0x6C, 0x69, 0x63, 0x65, 0x6C, 0x65, 0x6D, 0x65, 0x6E, 0x74,
        0x65, 0x6C, 0x65, 0x76, 0x65, 0x6E, 0x63, 0x69, 0x72, 0x63, 0x6C, 0x65, 0x65, 0x6C, 0x65, 0x76, 0x65, 0x6E, 0x70, 0x61, 0x72, 0x65, 0x6E, 0x65,
        0x6C, 0x65, 0x76, 0x65, 0x6E, 0x70, 0x65, 0x72, 0x69, 0x6F, 0x64, 0x65, 0x6C, 0x65, 0x76, 0x65, 0x6E, 0x72, 0x6F, 0x6D, 0x61, 0x6E, 0x65, 0x6C,
        0x6C, 0x69, 0x70, 0x73, 0x69, 0x73, 0x65, 0x6C, 0x6C, 0x69, 0x70, 0x73, 0x69, 0x73, 0x76, 0x65, 0x72, 0x74, 0x69, 0x63, 0x61, 0x6C, 0x65, 0x6D,
        0x61, 0x63, 0x72, 0x6F, 0x6E, 0x65, 0x6D, 0x61, 0x63, 0x72, 0x6F, 0x6E, 0x61, 0x63, 0x75, 0x74, 0x65, 0x65, 0x6D, 0x61, 0x63, 0x72, 0x6F, 0x6E,
        0x67, 0x72, 0x61, 0x76, 0x65, 0x65, 0x6D, 0x63, 0x79, 0x72, 0x69, 0x6C, 0x6C, 0x69, 0x63, 0x65, 0x6D, 0x64, 0x61, 0x73, 0x68, 0x65, 0x6D, 0x64,
        0x61, 0x73, 0x68, 0x76, 0x65, 0x72, 0x74, 0x69, 0x63, 0x61, 0x6C, 0x65, 0x6D, 0x6F, 0x6E, 0x6F, 0x73, 0x70, 0x61, 0x63, 0x65, 0x65, 0x6D, 0x70,
        0x68, 0x61, 0x73, 0x69, 0x73, 0x6D, 0x61, 0x72, 0x6B, 0x61, 0x72, 0x6D, 0x65, 0x6E, 0x69, 0x61, 0x6E, 0x65, 0x6D, 0x70, 0x74, 0x79, 0x73, 0x65,
        0x74, 0x65, 0x6E, 0x62, 0x6F, 0x70, 0x6F, 0x6D, 0x6F, 0x66, 0x6F, 0x65, 0x6E, 0x63, 0x79, 0x72, 0x69, 0x6C, 0x6C, 0x69, 0x63, 0x65, 0x6E, 0x64,
        0x61, 0x73, 0x68, 0x65, 0x6E, 0x64, 0x61, 0x73, 0x68, 0x76, 0x65, 0x72, 0x74, 0x69, 0x63, 0x61, 0x6C, 0x65, 0x6E, 0x64, 0x65, 0x73, 0x63, 0x65,
        0x6E, 0x64, 0x65, 0x72, 0x63, 0x79, 0x72, 0x69, 0x6C, 0x6C, 0x69, 0x63, 0x65, 0x6E, 0x67, 0x65, 0x6E, 0x67, 0x62, 0x6F, 0x70, 0x6F, 0x6D, 0x6F,
        0x66, 0x6F, 0x65, 0x6E, 0x67, 0x68, 0x65, 0x63, 0x79, 0x72, 0x69, 0x6C, 0x6C, 0x69, 0x63, 0x65, 0x6E, 0x68, 0x6F, 0x6F, 0x6B, 0x63, 0x79, 0x72,
        0x69, 0x6C, 0x6C, 0x69, 0x63, 0x65, 0x6E, 0x73, 0x70, 0x61, 0x63, 0x65, 0x65, 0x6F, 0x67, 0x6F, 0x6E, 0x65, 0x6B, 0x65, 0x6F, 0x6B, 0x6F, 0x72,
        0x65, 0x61, 0x6E, 0x65, 0x6F, 0x70, 0x65, 0x6E, 0x65, 0x6F, 0x70, 0x65, 0x6E, 0x63, 0x6C, 0x6F, 0x73, 0x65, 0x64, 0x65, 0x6F, 0x70, 0x65, 0x6E,
        0x72, 0x65, 0x76, 0x65, 0x72, 0x73, 0x65, 0x64, 0x65, 0x6F, 0x70, 0x65, 0x6E, 0x72, 0x65, 0x76, 0x65, 0x72, 0x73, 0x65, 0x64, 0x63, 0x6C, 0x6F,
        0x73, 0x65, 0x64, 0x65, 0x6F, 0x70, 0x65, 0x6E, 0x72, 0x65, 0x76, 0x65, 0x72, 0x73, 0x65, 0x64, 0x68, 0x6F, 0x6F, 0x6B, 0x65, 0x70, 0x61, 0x72,
        0x65, 0x6E, 0x65, 0x70, 0x73, 0x69, 0x6C, 0x6F, 0x6E, 0x65, 0x70, 0x73, 0x69, 0x6C, 0x6F, 0x6E, 0x74, 0x6F, 0x6E, 0x6F, 0x73, 0x65, 0x71, 0x75,
        0x61, 0x6C, 0x65, 0x71, 0x75, 0x61, 0x6C, 0x6D, 0x6F, 0x6E, 0x6F, 0x73, 0x70, 0x61, 0x63, 0x65, 0x65, 0x71, 0x75, 0x61, 0x6C, 0x73, 0x6D, 0x61,
        0x6C, 0x6C, 0x65, 0x71, 0x75, 0x61, 0x6C, 0x73, 0x75, 0x70, 0x65, 0x72, 0x69, 0x6F, 0x72, 0x65, 0x71, 0x75, 0x69, 0x76, 0x61, 0x6C, 0x65, 0x6E,
        0x63, 0x65, 0x65, 0x72, 0x62, 0x6F, 0x70, 0x6F, 0x6D, 0x6F, 0x66, 0x6F, 0x65, 0x72, 0x63, 0x79, 0x72, 0x69, 0x6C, 0x6C, 0x69, 0x63, 0x65, 0x72,
        0x65, 0x76, 0x65, 0x72, 0x73, 0x65, 0x64, 0x65, 0x72, 0x65, 0x76, 0x65, 0x72, 0x73, 0x65, 0x64, 0x63, 0x79, 0x72, 0x69, 0x6C, 0x6C, 0x69, 0x63,
        0x65, 0x73, 0x63, 0x79, 0x72, 0x69, 0x6C, 0x6C, 0x69, 0x63, 0x65, 0x73, 0x64, 0x65, 0x73, 0x63, 0x65, 0x6E, 0x64, 0x65, 0x72, 0x63, 0x79, 0x72,
        0x69, 0x6C, 0x6C, 0x69, 0x63, 0x65, 0x73, 0x68, 0x65, 0x73, 0x68, 0x63, 0x75, 0x72, 0x6C, 0x65, 0x73, 0x68, 0x6F, 0x72, 0x74, 0x64, 0x65, 0x76,
        0x61, 0x65, 0x73, 0x68, 0x6F, 0x72, 0x74, 0x76, 0x6F, 0x77, 0x65, 0x6C, 0x73, 0x69, 0x67, 0x6E, 0x64, 0x65, 0x76, 0x61, 0x65, 0x73, 0x68, 0x72,
        0x65, 0x76, 0x65, 0x72, 0x73, 0x65, 0x64, 0x6C, 0x6F, 0x6F, 0x70, 0x65, 0x73, 0x68, 0x73, 0x71, 0x75, 0x61, 0x74, 0x72, 0x65, 0x76, 0x65, 0x72,
        0x73, 0x65, 0x64, 0x65, 0x73, 0x6D, 0x61, 0x6C, 0x6C, 0x68, 0x69, 0x72, 0x61, 0x67, 0x61, 0x6E, 0x61, 0x65, 0x73, 0x6D, 0x61, 0x6C, 0x6C, 0x6B,
        0x61, 0x74, 0x61, 0x6B, 0x61, 0x6E, 0x61, 0x65, 0x73, 0x6D, 0x61, 0x6C, 0x6C, 0x6B, 0x61, 0x74, 0x61, 0x6B, 0x61, 0x6E, 0x61, 0x68, 0x61, 0x6C,
        0x66, 0x77, 0x69, 0x64, 0x74, 0x68, 0x65, 0x73, 0x74, 0x69, 0x6D, 0x61, 0x74, 0x65, 0x64, 0x65, 0x73, 0x75, 0x70, 0x65, 0x72, 0x69, 0x6F, 0x72,
        0x65, 0x74, 0x61, 0x65, 0x74, 0x61, 0x72, 0x6D, 0x65, 0x6E, 0x69, 0x61, 0x6E, 0x65, 0x74, 0x61, 0x74, 0x6F, 0x6E, 0x6F, 0x73, 0x65, 0x74, 0x68,
        0x65, 0x74, 0x69, 0x6C, 0x64, 0x65, 0x65, 0x74, 0x69, 0x6C, 0x64, 0x65, 0x62, 0x65, 0x6C, 0x6F, 0x77, 0x65, 0x74, 0x6E, 0x61, 0x68, 0x74, 0x61,
        0x66, 0x6F, 0x75, 0x6B, 0x68, 0x68, 0x65, 0x62, 0x72, 0x65, 0x77, 0x65, 0x74, 0x6E, 0x61, 0x68, 0x74, 0x61, 0x66, 0x6F, 0x75, 0x6B, 0x68, 0x6C,
        0x65, 0x66, 0x74, 0x68, 0x65, 0x62, 0x72, 0x65, 0x77, 0x65, 0x74, 0x6E, 0x61, 0x68, 0x74, 0x61, 0x68, 0x65, 0x62, 0x72, 0x65, 0x77, 0x65, 0x74,
        0x6E, 0x61, 0x68, 0x74, 0x61, 0x6C, 0x65, 0x66, 0x74, 0x68, 0x65, 0x62, 0x72, 0x65, 0x77, 0x65, 0x74, 0x75, 0x72, 0x6E, 0x65, 0x64, 0x65, 0x75,
        0x6B, 0x6F, 0x72, 0x65, 0x61, 0x6E, 0x65, 0x75, 0x72, 0x6F, 0x65, 0x76, 0x6F, 0x77, 0x65, 0x6C, 0x73, 0x69, 0x67, 0x6E, 0x62, 0x65, 0x6E, 0x67,
        0x61, 0x6C, 0x69, 0x65, 0x76, 0x6F, 0x77, 0x65, 0x6C, 0x73, 0x69, 0x67, 0x6E, 0x64, 0x65, 0x76, 0x61, 0x65, 0x76, 0x6F, 0x77, 0x65, 0x6C, 0x73,
        0x69, 0x67, 0x6E, 0x67, 0x75, 0x6A, 0x61, 0x72, 0x61, 0x74, 0x69, 0x65, 0x78, 0x63, 0x6C, 0x61, 0x6D, 0x65, 0x78, 0x63, 0x6C, 0x61, 0x6D, 0x61,
        0x72, 0x6D, 0x65, 0x6E, 0x69, 0x61, 0x6E, 0x65, 0x78, 0x63, 0x6C, 0x61, 0x6D, 0x64, 0x62, 0x6C, 0x65, 0x78, 0x63, 0x6C, 0x61, 0x6D, 0x64, 0x6F,
        0x77, 0x6E, 0x65, 0x78, 0x63, 0x6C, 0x61, 0x6D, 0x64, 0x6F, 0x77, 0x6E, 0x73, 0x6D, 0x61, 0x6C, 0x6C, 0x65, 0x78, 0x63, 0x6C, 0x61, 0x6D, 0x6D,
        0x6F, 0x6E, 0x6F, 0x73, 0x70, 0x61, 0x63, 0x65, 0x65, 0x78, 0x63, 0x6C, 0x61, 0x6D, 0x73, 0x6D, 0x61, 0x6C, 0x6C, 0x65, 0x78, 0x69, 0x73, 0x74,
        0x65, 0x6E, 0x74, 0x69, 0x61, 0x6C, 0x65, 0x7A, 0x68, 0x65, 0x7A, 0x68, 0x63, 0x61, 0x72, 0x6F, 0x6E, 0x65, 0x7A, 0x68, 0x63, 0x75, 0x72, 0x6C,
        0x65, 0x7A, 0x68, 0x72, 0x65, 0x76, 0x65, 0x72, 0x73, 0x65, 0x64, 0x65, 0x7A, 0x68, 0x74, 0x61, 0x69, 0x6C, 0x66, 0x66, 0x61, 0x64, 0x65, 0x76,
        0x61, 0x66, 0x61, 0x67, 0x75, 0x72, 0x6D, 0x75, 0x6B, 0x68, 0x69, 0x66, 0x61, 0x68, 0x72, 0x65, 0x6E, 0x68, 0x65, 0x69, 0x74, 0x66, 0x61, 0x74,
        0x68, 0x61, 0x61, 0x72, 0x61, 0x62, 0x69, 0x63, 0x66, 0x61, 0x74, 0x68, 0x61, 0x6C, 0x6F, 0x77, 0x61, 0x72, 0x61, 0x62, 0x69, 0x63, 0x66, 0x61,
        0x74, 0x68, 0x61, 0x74, 0x61, 0x6E, 0x61, 0x72, 0x61, 0x62, 0x69, 0x63, 0x66, 0x62, 0x6F, 0x70, 0x6F, 0x6D, 0x6F, 0x66, 0x6F, 0x66, 0x63, 0x69,
        0x72, 0x63, 0x6C, 0x65, 0x66, 0x64, 0x6F, 0x74, 0x61, 0x63, 0x63, 0x65, 0x6E, 0x74, 0x66, 0x65, 0x68, 0x61, 0x72, 0x61, 0x62, 0x69, 0x63, 0x66,
        0x65, 0x68, 0x61, 0x72, 0x6D, 0x65, 0x6E, 0x69, 0x61, 0x6E, 0x66, 0x65, 0x68, 0x66, 0x69, 0x6E, 0x61, 0x6C, 0x61, 0x72, 0x61, 0x62, 0x69, 0x63,
        0x66, 0x65, 0x68, 0x69, 0x6E, 0x69, 0x74, 0x69, 0x61, 0x6C, 0x61, 0x72, 0x61, 0x62, 0x69, 0x63, 0x66, 0x65, 0x68, 0x6D, 0x65, 0x64, 0x69, 0x61,
        0x6C, 0x61, 0x72, 0x61, 0x62, 0x69, 0x63, 0x66, 0x65, 0x69, 0x63, 0x6F, 0x70, 0x74, 0x69, 0x63, 0x66, 0x65, 0x6D, 0x61, 0x6C, 0x65, 0x66, 0x66,
        0x66, 0x66, 0x69, 0x66, 0x66, 0x6C, 0x66, 0x69, 0x66, 0x69, 0x66, 0x74, 0x65, 0x65, 0x6E, 0x63, 0x69, 0x72, 0x63, 0x6C, 0x65, 0x66, 0x69, 0x66,
        0x74, 0x65, 0x65, 0x6E, 0x70, 0x61, 0x72, 0x65, 0x6E, 0x66, 0x69, 0x66, 0x74, 0x65, 0x65, 0x6E, 0x70, 0x65, 0x72, 0x69, 0x6F, 0x64, 0x66, 0x69,
        0x67, 0x75, 0x72, 0x65, 0x64, 0x61, 0x73, 0x68, 0x66, 0x69, 0x6C, 0x6C, 0x65, 0x64, 0x62, 0x6F, 0x78, 0x66, 0x69, 0x6C, 0x6C, 0x65, 0x64, 0x72,
        0x65, 0x63, 0x74, 0x66, 0x69, 0x6E, 0x61, 0x6C, 0x6B, 0x61, 0x66, 0x66, 0x69, 0x6E, 0x61, 0x6C, 0x6B, 0x61, 0x66, 0x64, 0x61, 0x67, 0x65, 0x73,
        0x68, 0x66, 0x69, 0x6E, 0x61, 0x6C, 0x6B, 0x61, 0x66, 0x64, 0x61, 0x67, 0x65, 0x73, 0x68, 0x68, 0x65, 0x62, 0x72, 0x65, 0x77, 0x66, 0x69, 0x6E,
        0x61, 0x6C, 0x6B, 0x61, 0x66, 0x68, 0x65, 0x62, 0x72, 0x65, 0x77, 0x66, 0x69, 0x6E, 0x61, 0x6C, 0x6B, 0x61, 0x66, 0x71, 0x61, 0x6D, 0x61, 0x74,
        0x73, 0x66, 0x69, 0x6E, 0x61, 0x6C, 0x6B, 0x61, 0x66, 0x71, 0x61, 0x6D, 0x61, 0x74, 0x73, 0x68, 0x65, 0x62, 0x72, 0x65, 0x77, 0x66, 0x69, 0x6E,
        0x61, 0x6C, 0x6B, 0x61, 0x66, 0x73, 0x68, 0x65, 0x76, 0x61, 0x66, 0x69, 0x6E, 0x61, 0x6C, 0x6B, 0x61, 0x66, 0x73, 0x68, 0x65, 0x76, 0x61, 0x68,
        0x65, 0x62, 0x72, 0x65, 0x77, 0x66, 0x69, 0x6E, 0x61, 0x6C, 0x6D, 0x65, 0x6D, 0x66, 0x69, 0x6E, 0x61, 0x6C, 0x6D, 0x65, 0x6D, 0x68, 0x65, 0x62,
        0x72, 0x65, 0x77, 0x66, 0x69, 0x6E, 0x61, 0x6C, 0x6E, 0x75, 0x6E, 0x66, 0x69, 0x6E, 0x61, 0x6C, 0x6E, 0x75, 0x6E, 0x68, 0x65, 0x62, 0x72, 0x65,
        0x77, 0x66, 0x69, 0x6E, 0x61, 0x6C, 0x70, 0x65, 0x66, 0x69, 0x6E, 0x61, 0x6C, 0x70, 0x65, 0x68, 0x65, 0x62, 0x72, 0x65, 0x77, 0x66, 0x69, 0x6E,
        0x61, 0x6C, 0x74, 0x73, 0x61, 0x64, 0x69, 0x66, 0x69, 0x6E, 0x61, 0x6C, 0x74, 0x73, 0x61, 0x64, 0x69, 0x68, 0x65, 0x62, 0x72, 0x65, 0x77, 0x66,
        0x69, 0x72, 0x73, 0x74, 0x74, 0x6F, 0x6E, 0x65, 0x63, 0x68, 0x69, 0x6E, 0x65, 0x73, 0x65, 0x66, 0x69, 0x73, 0x68, 0x65, 0x79, 0x65, 0x66, 0x69,
        0x74, 0x61, 0x63, 0x79, 0x72, 0x69, 0x6C, 0x6C, 0x69, 0x63, 0x66, 0x69, 0x76, 0x65, 0x66, 0x69, 0x76, 0x65, 0x61, 0x72, 0x61, 0x62, 0x69, 0x63,
        0x66, 0x69, 0x76, 0x65, 0x62, 0x65, 0x6E, 0x67, 0x61, 0x6C, 0x69, 0x66, 0x69, 0x76, 0x65, 0x63, 0x69, 0x72, 0x63, 0x6C, 0x65, 0x66, 0x69, 0x76,
        0x65, 0x63, 0x69, 0x72, 0x63, 0x6C, 0x65, 0x69, 0x6E, 0x76, 0x65, 0x72, 0x73, 0x65, 0x73, 0x61, 0x6E, 0x73, 0x73, 0x65, 0x72, 0x69, 0x66, 0x66,
        0x69, 0x76, 0x65, 0x64, 0x65, 0x76, 0x61, 0x66, 0x69, 0x76, 0x65, 0x65, 0x69, 0x67, 0x68, 0x74, 0x68, 0x73, 0x66, 0x69, 0x76, 0x65, 0x67, 0x75,
        0x6A, 0x61, 0x72, 0x61, 0x74, 0x69, 0x66, 0x69, 0x76, 0x65, 0x67, 0x75, 0x72, 0x6D, 0x75, 0x6B, 0x68, 0x69, 0x66, 0x69, 0x76, 0x65, 0x68, 0x61,
        0x63, 0x6B, 0x61, 0x72, 0x61, 0x62, 0x69, 0x63, 0x66, 0x69, 0x76, 0x65, 0x68, 0x61, 0x6E, 0x67, 0x7A, 0x68, 0x6F, 0x75, 0x66, 0x69, 0x76, 0x65,
        0x69, 0x64, 0x65, 0x6F, 0x67, 0x72, 0x61, 0x70, 0x68, 0x69, 0x63, 0x70, 0x61, 0x72, 0x65, 0x6E, 0x66, 0x69, 0x76, 0x65, 0x69, 0x6E, 0x66, 0x65,
        0x72, 0x69, 0x6F, 0x72, 0x66, 0x69, 0x76, 0x65, 0x6D, 0x6F, 0x6E, 0x6F, 0x73, 0x70, 0x61, 0x63, 0x65, 0x66, 0x69, 0x76, 0x65, 0x6F, 0x6C, 0x64,
        0x73, 0x74, 0x79, 0x6C, 0x65, 0x66, 0x69, 0x76, 0x65, 0x70, 0x61, 0x72, 0x65, 0x6E, 0x66, 0x69, 0x76, 0x65, 0x70, 0x65, 0x72, 0x69, 0x6F, 0x64,
        0x66, 0x69, 0x76, 0x65, 0x70, 0x65, 0x72, 0x73, 0x69, 0x61, 0x6E, 0x66, 0x69, 0x76, 0x65, 0x72, 0x6F, 0x6D, 0x61, 0x6E, 0x66, 0x69, 0x76, 0x65,
        0x73, 0x75, 0x70, 0x65, 0x72, 0x69, 0x6F, 0x72, 0x66, 0x69, 0x76, 0x65, 0x74, 0x68, 0x61, 0x69, 0x66, 0x6C, 0x66, 0x6C, 0x6F, 0x72, 0x69, 0x6E,
        0x66, 0x6D, 0x6F, 0x6E, 0x6F, 0x73, 0x70, 0x61, 0x63, 0x65, 0x66, 0x6D, 0x73, 0x71, 0x75, 0x61, 0x72, 0x65, 0x66, 0x6F, 0x66, 0x61, 0x6E, 0x74,
        0x68, 0x61, 0x69, 0x66, 0x6F, 0x66, 0x61, 0x74, 0x68, 0x61, 0x69, 0x66, 0x6F, 0x6E, 0x67, 0x6D, 0x61, 0x6E, 0x74, 0x68, 0x61, 0x69, 0x66, 0x6F,
        0x72, 0x61, 0x6C, 0x6C, 0x66, 0x6F, 0x75, 0x72, 0x66, 0x6F, 0x75, 0x72, 0x61, 0x72, 0x61, 0x62, 0x69, 0x63, 0x66, 0x6F, 0x75, 0x72, 0x62, 0x65,
        0x6E, 0x67, 0x61, 0x6C, 0x69, 0x66, 0x6F, 0x75, 0x72, 0x63, 0x69, 0x72, 0x63, 0x6C, 0x65, 0x66, 0x6F, 0x75, 0x72, 0x63, 0x69, 0x72, 0x63, 0x6C,
        0x65, 0x69, 0x6E, 0x76, 0x65, 0x72, 0x73, 0x65, 0x73, 0x61, 0x6E, 0x73, 0x73, 0x65, 0x72, 0x69, 0x66, 0x66, 0x6F, 0x75, 0x72, 0x64, 0x65, 0x76,
        0x61, 0x66, 0x6F, 0x75, 0x72, 0x67, 0x75, 0x6A, 0x61, 0x72, 0x61, 0x74, 0x69, 0x66, 0x6F, 0x75, 0x72, 0x67, 0x75, 0x72, 0x6D, 0x75, 0x6B, 0x68,
        0x69, 0x66, 0x6F, 0x75, 0x72, 0x68, 0x61, 0x63, 0x6B, 0x61, 0x72, 0x61, 0x62, 0x69, 0x63, 0x66, 0x6F, 0x75, 0x72, 0x68, 0x61, 0x6E, 0x67, 0x7A,
        0x68, 0x6F, 0x75, 0x66, 0x6F, 0x75, 0x72, 0x69, 0x64, 0x65, 0x6F, 0x67, 0x72, 0x61, 0x70, 0x68, 0x69, 0x63, 0x70, 0x61, 0x72, 0x65, 0x6E, 0x66,
        0x6F, 0x75, 0x72, 0x69, 0x6E, 0x66, 0x65, 0x72, 0x69, 0x6F, 0x72, 0x66, 0x6F, 0x75, 0x72, 0x6D, 0x6F, 0x6E, 0x6F, 0x73, 0x70, 0x61, 0x63, 0x65,
        0x66, 0x6F, 0x75, 0x72, 0x6E, 0x75, 0x6D, 0x65, 0x72, 0x61, 0x74, 0x6F, 0x72, 0x62, 0x65, 0x6E, 0x67, 0x61, 0x6C, 0x69, 0x66, 0x6F, 0x75, 0x72,
        0x6F, 0x6C, 0x64, 0x73, 0x74, 0x79, 0x6C, 0x65, 0x66, 0x6F, 0x75, 0x72, 0x70, 0x61, 0x72, 0x65, 0x6E, 0x66, 0x6F, 0x75, 0x72, 0x70, 0x65, 0x72,
        0x69, 0x6F, 0x64, 0x66, 0x6F, 0x75, 0x72, 0x70, 0x65, 0x72, 0x73, 0x69, 0x61, 0x6E, 0x66, 0x6F, 0x75, 0x72, 0x72, 0x6F, 0x6D, 0x61, 0x6E, 0x66,
        0x6F, 0x75, 0x72, 0x73, 0x75, 0x70, 0x65, 0x72, 0x69, 0x6F, 0x72, 0x66, 0x6F, 0x75, 0x72, 0x74, 0x65, 0x65, 0x6E, 0x63, 0x69, 0x72, 0x63, 0x6C,
        0x65, 0x66, 0x6F, 0x75, 0x72, 0x74, 0x65, 0x65, 0x6E, 0x70, 0x61, 0x72, 0x65, 0x6E, 0x66, 0x6F, 0x75, 0x72, 0x74, 0x65, 0x65, 0x6E, 0x70, 0x65,
        0x72, 0x69, 0x6F, 0x64, 0x66, 0x6F, 0x75, 0x72, 0x74, 0x68, 0x61, 0x69, 0x66, 0x6F, 0x75, 0x72, 0x74, 0x68, 0x74, 0x6F, 0x6E, 0x65, 0x63, 0x68,
        0x69, 0x6E, 0x65, 0x73, 0x65, 0x66, 0x70, 0x61, 0x72, 0x65, 0x6E, 0x66, 0x72, 0x61, 0x63, 0x74, 0x69, 0x6F, 0x6E, 0x66, 0x72, 0x61, 0x6E, 0x63,
        0x67, 0x67, 0x61, 0x62, 0x65, 0x6E, 0x67, 0x61, 0x6C, 0x69, 0x67, 0x61, 0x63, 0x75, 0x74, 0x65, 0x67, 0x61, 0x64, 0x65, 0x76, 0x61, 0x67, 0x61,
        0x66, 0x61, 0x72, 0x61, 0x62, 0x69, 0x63, 0x67, 0x61, 0x66, 0x66, 0x69, 0x6E, 0x61, 0x6C, 0x61, 0x72, 0x61, 0x62, 0x69, 0x63, 0x67, 0x61, 0x66,
        0x69, 0x6E, 0x69, 0x74, 0x69, 0x61, 0x6C, 0x61, 0x72, 0x61, 0x62, 0x69, 0x63, 0x67, 0x61, 0x66, 0x6D, 0x65, 0x64, 0x69, 0x61, 0x6C, 0x61, 0x72,
        0x61, 0x62, 0x69, 0x63, 0x67, 0x61, 0x67, 0x75, 0x6A, 0x61, 0x72, 0x61, 0x74, 0x69, 0x67, 0x61, 0x67, 0x75, 0x72, 0x6D, 0x75, 0x6B, 0x68, 0x69,
        0x67, 0x61, 0x68, 0x69, 0x72, 0x61, 0x67, 0x61, 0x6E, 0x61, 0x67, 0x61, 0x6B, 0x61, 0x74, 0x61, 0x6B, 0x61, 0x6E, 0x61, 0x67, 0x61, 0x6D, 0x6D,
        0x61, 0x67, 0x61, 0x6D, 0x6D, 0x61, 0x6C, 0x61, 0x74, 0x69, 0x6E, 0x73, 0x6D, 0x61, 0x6C, 0x6C, 0x67, 0x61, 0x6D, 0x6D, 0x61, 0x73, 0x75, 0x70,
        0x65, 0x72, 0x69, 0x6F, 0x72, 0x67, 0x61, 0x6E, 0x67, 0x69, 0x61, 0x63, 0x6F, 0x70, 0x74, 0x69, 0x63, 0x67, 0x62, 0x6F, 0x70, 0x6F, 0x6D, 0x6F,
        0x66, 0x6F, 0x67, 0x62, 0x72, 0x65, 0x76, 0x65, 0x67, 0x63, 0x61, 0x72, 0x6F, 0x6E, 0x67, 0x63, 0x65, 0x64, 0x69, 0x6C, 0x6C, 0x61, 0x67, 0x63,
        0x69, 0x72, 0x63, 0x6C, 0x65, 0x67, 0x63, 0x69, 0x72, 0x63, 0x75, 0x6D, 0x66, 0x6C, 0x65, 0x78, 0x67, 0x63, 0x6F, 0x6D, 0x6D, 0x61, 0x61, 0x63,
        0x63, 0x65, 0x6E, 0x74, 0x67, 0x64, 0x6F, 0x74, 0x67, 0x64, 0x6F, 0x74, 0x61, 0x63, 0x63, 0x65, 0x6E, 0x74, 0x67, 0x65, 0x63, 0x79, 0x72, 0x69,
        0x6C, 0x6C, 0x69, 0x63, 0x67, 0x65, 0x68, 0x69, 0x72, 0x61, 0x67, 0x61, 0x6E, 0x61, 0x67, 0x65, 0x6B, 0x61, 0x74, 0x61, 0x6B, 0x61, 0x6E, 0x61,
        0x67, 0x65, 0x6F, 0x6D, 0x65, 0x74, 0x72, 0x69, 0x63, 0x61, 0x6C, 0x6C, 0x79, 0x65, 0x71, 0x75, 0x61, 0x6C, 0x67, 0x65, 0x72, 0x65, 0x73, 0x68,
        0x61, 0x63, 0x63, 0x65, 0x6E, 0x74, 0x68, 0x65, 0x62, 0x72, 0x65, 0x77, 0x67, 0x65, 0x72, 0x65, 0x73, 0x68, 0x68, 0x65, 0x62, 0x72, 0x65, 0x77,
        0x67, 0x65, 0x72, 0x65, 0x73, 0x68, 0x6D, 0x75, 0x71, 0x64, 0x61, 0x6D, 0x68, 0x65, 0x62, 0x72, 0x65, 0x77, 0x67, 0x65, 0x72, 0x6D, 0x61, 0x6E,
        0x64, 0x62, 0x6C, 0x73, 0x67, 0x65, 0x72, 0x73, 0x68, 0x61, 0x79, 0x69, 0x6D, 0x61, 0x63, 0x63, 0x65, 0x6E, 0x74, 0x68, 0x65, 0x62, 0x72, 0x65,
        0x77, 0x67, 0x65, 0x72, 0x73, 0x68, 0x61, 0x79, 0x69, 0x6D, 0x68, 0x65, 0x62, 0x72, 0x65, 0x77, 0x67, 0x65, 0x74, 0x61, 0x6D, 0x61, 0x72, 0x6B,
        0x67, 0x68, 0x61, 0x62, 0x65, 0x6E, 0x67, 0x61, 0x6C, 0x69, 0x67, 0x68, 0x61, 0x64, 0x61, 0x72, 0x6D, 0x65, 0x6E, 0x69, 0x61, 0x6E, 0x67, 0x68,
        0x61, 0x64, 0x65, 0x76, 0x61, 0x67, 0x68, 0x61, 0x67, 0x75, 0x6A, 0x61, 0x72, 0x61, 0x74, 0x69, 0x67, 0x68, 0x61, 0x67, 0x75, 0x72, 0x6D, 0x75,
        0x6B, 0x68, 0x69, 0x67, 0x68, 0x61, 0x69, 0x6E, 0x61, 0x72, 0x61, 0x62, 0x69, 0x63, 0x67, 0x68, 0x61, 0x69, 0x6E, 0x66, 0x69, 0x6E, 0x61, 0x6C,
        0x61, 0x72, 0x61, 0x62, 0x69, 0x63, 0x67, 0x68, 0x61, 0x69, 0x6E, 0x69, 0x6E, 0x69, 0x74, 0x69, 0x61, 0x6C, 0x61, 0x72, 0x61, 0x62, 0x69, 0x63,
        0x67, 0x68, 0x61, 0x69, 0x6E, 0x6D, 0x65, 0x64, 0x69, 0x61, 0x6C, 0x61, 0x72, 0x61, 0x62, 0x69, 0x63, 0x67, 0x68, 0x65, 0x6D, 0x69, 0x64, 0x64,
        0x6C, 0x65, 0x68, 0x6F, 0x6F, 0x6B, 0x63, 0x79, 0x72, 0x69, 0x6C, 0x6C, 0x69, 0x63, 0x67, 0x68, 0x65, 0x73, 0x74, 0x72, 0x6F, 0x6B, 0x65, 0x63,
        0x79, 0x72, 0x69, 0x6C, 0x6C, 0x69, 0x63, 0x67, 0x68, 0x65, 0x75, 0x70, 0x74, 0x75, 0x72, 0x6E, 0x63, 0x79, 0x72, 0x69, 0x6C, 0x6C, 0x69, 0x63,
        0x67, 0x68, 0x68, 0x61, 0x64, 0x65, 0x76, 0x61, 0x67, 0x68, 0x68, 0x61, 0x67, 0x75, 0x72, 0x6D, 0x75, 0x6B, 0x68, 0x69, 0x67, 0x68, 0x6F, 0x6F,
        0x6B, 0x67, 0x68, 0x7A, 0x73, 0x71, 0x75, 0x61, 0x72, 0x65, 0x67, 0x69, 0x68, 0x69, 0x72, 0x61, 0x67, 0x61, 0x6E, 0x61, 0x67, 0x69, 0x6B, 0x61,
        0x74, 0x61, 0x6B, 0x61, 0x6E, 0x61, 0x67, 0x69, 0x6D, 0x61, 0x72, 0x6D, 0x65, 0x6E, 0x69, 0x61, 0x6E, 0x67, 0x69, 0x6D, 0x65, 0x6C, 0x67, 0x69,
        0x6D, 0x65, 0x6C, 0x64, 0x61, 0x67, 0x65, 0x73, 0x68, 0x67, 0x69, 0x6D, 0x65, 0x6C, 0x64, 0x61, 0x67, 0x65, 0x73, 0x68, 0x68, 0x65, 0x62, 0x72,
        0x65, 0x77, 0x67, 0x69, 0x6D, 0x65, 0x6C, 0x68, 0x65, 0x62, 0x72, 0x65, 0x77, 0x67, 0x6A, 0x65, 0x63, 0x79, 0x72, 0x69, 0x6C, 0x6C, 0x69, 0x63,
        0x67, 0x6C, 0x6F, 0x74, 0x74, 0x61, 0x6C, 0x69, 0x6E, 0x76, 0x65, 0x72, 0x74, 0x65, 0x64, 0x73, 0x74, 0x72, 0x6F, 0x6B, 0x65, 0x67, 0x6C, 0x6F,
        0x74, 0x74, 0x61, 0x6C, 0x73, 0x74, 0x6F, 0x70, 0x67, 0x6C, 0x6F, 0x74, 0x74, 0x61, 0x6C, 0x73, 0x74, 0x6F, 0x70, 0x69, 0x6E, 0x76, 0x65, 0x72,
        0x74, 0x65, 0x64, 0x67, 0x6C, 0x6F, 0x74, 0x74, 0x61, 0x6C, 0x73, 0x74, 0x6F, 0x70, 0x6D, 0x6F, 0x64, 0x67, 0x6C, 0x6F, 0x74, 0x74, 0x61, 0x6C,
        0x73, 0x74, 0x6F, 0x70, 0x72, 0x65, 0x76, 0x65, 0x72, 0x73, 0x65, 0x64, 0x67, 0x6C, 0x6F, 0x74, 0x74, 0x61, 0x6C, 0x73, 0x74, 0x6F, 0x70, 0x72,
        0x65, 0x76, 0x65, 0x72, 0x73, 0x65, 0x64, 0x6D, 0x6F, 0x64, 0x67, 0x6C, 0x6F, 0x74, 0x74, 0x61, 0x6C, 0x73, 0x74, 0x6F, 0x70, 0x72, 0x65, 0x76,
        0x65, 0x72, 0x73, 0x65, 0x64, 0x73, 0x75, 0x70, 0x65, 0x72, 0x69, 0x6F, 0x72, 0x67, 0x6C, 0x6F, 0x74, 0x74, 0x61, 0x6C, 0x73, 0x74, 0x6F, 0x70,
        0x73, 0x74, 0x72, 0x6F, 0x6B, 0x65, 0x67, 0x6C, 0x6F, 0x74, 0x74, 0x61, 0x6C, 0x73, 0x74, 0x6F, 0x70, 0x73, 0x74, 0x72, 0x6F, 0x6B, 0x65, 0x72,
        0x65, 0x76, 0x65, 0x72, 0x73, 0x65, 0x64, 0x67, 0x6D, 0x61, 0x63, 0x72, 0x6F, 0x6E, 0x67, 0x6D, 0x6F, 0x6E, 0x6F, 0x73, 0x70, 0x61, 0x63, 0x65,
        0x67, 0x6F, 0x68, 0x69, 0x72, 0x61, 0x67, 0x61, 0x6E, 0x61, 0x67, 0x6F, 0x6B, 0x61, 0x74, 0x61, 0x6B, 0x61, 0x6E, 0x61, 0x67, 0x70, 0x61, 0x72,
        0x65, 0x6E, 0x67, 0x70, 0x61, 0x73, 0x71, 0x75, 0x61, 0x72, 0x65, 0x67, 0x72, 0x61, 0x64, 0x69, 0x65, 0x6E, 0x74, 0x67, 0x72, 0x61, 0x76, 0x65,
        0x67, 0x72, 0x61, 0x76, 0x65, 0x62, 0x65, 0x6C, 0x6F, 0x77, 0x63, 0x6D, 0x62, 0x67, 0x72, 0x61, 0x76, 0x65, 0x63, 0x6D, 0x62, 0x67, 0x72, 0x61,
        0x76, 0x65, 0x63, 0x6F, 0x6D, 0x62, 0x67, 0x72, 0x61, 0x76, 0x65, 0x64, 0x65, 0x76, 0x61, 0x67, 0x72, 0x61, 0x76, 0x65, 0x6C, 0x6F, 0x77, 0x6D,
        0x6F, 0x64, 0x67, 0x72, 0x61, 0x76, 0x65, 0x6D, 0x6F, 0x6E, 0x6F, 0x73, 0x70, 0x61, 0x63, 0x65, 0x67, 0x72, 0x61, 0x76, 0x65, 0x74, 0x6F, 0x6E,
        0x65, 0x63, 0x6D, 0x62, 0x67, 0x72, 0x65, 0x61, 0x74, 0x65, 0x72, 0x67, 0x72, 0x65, 0x61, 0x74, 0x65, 0x72, 0x65, 0x71, 0x75, 0x61, 0x6C, 0x67,
        0x72, 0x65, 0x61, 0x74, 0x65, 0x72, 0x65, 0x71, 0x75, 0x61, 0x6C, 0x6F, 0x72, 0x6C, 0x65, 0x73, 0x73, 0x67, 0x72, 0x65, 0x61, 0x74, 0x65, 0x72,
        0x6D, 0x6F, 0x6E, 0x6F, 0x73, 0x70, 0x61, 0x63, 0x65, 0x67, 0x72, 0x65, 0x61, 0x74, 0x65, 0x72, 0x6F, 0x72, 0x65, 0x71, 0x75, 0x69, 0x76, 0x61,
        0x6C, 0x65, 0x6E, 0x74, 0x67, 0x72, 0x65, 0x61, 0x74, 0x65, 0x72, 0x6F, 0x72, 0x6C, 0x65, 0x73, 0x73, 0x67, 0x72, 0x65, 0x61, 0x74, 0x65, 0x72,
        0x6F, 0x76, 0x65, 0x72, 0x65, 0x71, 0x75, 0x61, 0x6C, 0x67, 0x72, 0x65, 0x61, 0x74, 0x65, 0x72, 0x73, 0x6D, 0x61, 0x6C, 0x6C, 0x67, 0x73, 0x63,
        0x72, 0x69, 0x70, 0x74, 0x67, 0x73, 0x74, 0x72, 0x6F, 0x6B, 0x65, 0x67, 0x75, 0x68, 0x69, 0x72, 0x61, 0x67, 0x61, 0x6E, 0x61, 0x67, 0x75, 0x69,
        0x6C, 0x6C, 0x65, 0x6D, 0x6F, 0x74, 0x6C, 0x65, 0x66, 0x74, 0x67, 0x75, 0x69, 0x6C, 0x6C, 0x65, 0x6D, 0x6F, 0x74, 0x72, 0x69, 0x67, 0x68, 0x74,
        0x67, 0x75, 0x69, 0x6C, 0x73, 0x69, 0x6E, 0x67, 0x6C, 0x6C, 0x65, 0x66, 0x74, 0x67, 0x75, 0x69, 0x6C, 0x73, 0x69, 0x6E, 0x67, 0x6C, 0x72, 0x69,
        0x67, 0x68, 0x74, 0x67, 0x75, 0x6B, 0x61, 0x74, 0x61, 0x6B, 0x61, 0x6E, 0x61, 0x67, 0x75, 0x72, 0x61, 0x6D, 0x75, 0x73, 0x71, 0x75, 0x61, 0x72,
        0x65, 0x67, 0x79, 0x73, 0x71, 0x75, 0x61, 0x72, 0x65, 0x68, 0x68, 0x61, 0x61, 0x62, 0x6B, 0x68, 0x61, 0x73, 0x69, 0x61, 0x6E, 0x63, 0x79, 0x72,
        0x69, 0x6C, 0x6C, 0x69, 0x63, 0x68, 0x61, 0x61, 0x6C, 0x74, 0x6F, 0x6E, 0x65, 0x61, 0x72, 0x61, 0x62, 0x69, 0x63, 0x68, 0x61, 0x62, 0x65, 0x6E,
        0x67, 0x61, 0x6C, 0x69, 0x68, 0x61, 0x64, 0x65, 0x73, 0x63, 0x65, 0x6E, 0x64, 0x65, 0x72, 0x63, 0x79, 0x72, 0x69, 0x6C, 0x6C, 0x69, 0x63, 0x68,
        0x61, 0x64, 0x65, 0x76, 0x61, 0x68, 0x61, 0x67, 0x75, 0x6A, 0x61, 0x72, 0x61, 0x74, 0x69, 0x68, 0x61, 0x67, 0x75, 0x72, 0x6D, 0x75, 0x6B, 0x68,
        0x69, 0x68, 0x61, 0x68, 0x61, 0x72, 0x61, 0x62, 0x69, 0x63, 0x68, 0x61, 0x68, 0x66, 0x69, 0x6E, 0x61, 0x6C, 0x61, 0x72, 0x61, 0x62, 0x69, 0x63,
        0x68, 0x61, 0x68, 0x69, 0x6E, 0x69, 0x74, 0x69, 0x61, 0x6C, 0x61, 0x72, 0x61, 0x62, 0x69, 0x63, 0x68, 0x61, 0x68, 0x69, 0x72, 0x61, 0x67, 0x61,
        0x6E, 0x61, 0x68, 0x61, 0x68, 0x6D, 0x65, 0x64, 0x69, 0x61, 0x6C, 0x61, 0x72, 0x61, 0x62, 0x69, 0x63, 0x68, 0x61, 0x69, 0x74, 0x75, 0x73, 0x71,
        0x75, 0x61, 0x72, 0x65, 0x68, 0x61, 0x6B, 0x61, 0x74, 0x61, 0x6B, 0x61, 0x6E, 0x61, 0x68, 0x61, 0x6B, 0x61, 0x74, 0x61, 0x6B, 0x61, 0x6E, 0x61,
        0x68, 0x61, 0x6C, 0x66, 0x77, 0x69, 0x64, 0x74, 0x68, 0x68, 0x61, 0x6C, 0x61, 0x6E, 0x74, 0x67, 0x75, 0x72, 0x6D, 0x75, 0x6B, 0x68, 0x69, 0x68,
        0x61, 0x6D, 0x7A, 0x61, 0x61, 0x72, 0x61, 0x62, 0x69, 0x63, 0x68, 0x61, 0x6D, 0x7A, 0x61, 0x64, 0x61, 0x6D, 0x6D, 0x61, 0x61, 0x72, 0x61, 0x62,
        0x69, 0x63, 0x68, 0x61, 0x6D, 0x7A, 0x61, 0x64, 0x61, 0x6D, 0x6D, 0x61, 0x74, 0x61, 0x6E, 0x61, 0x72, 0x61, 0x62, 0x69, 0x63, 0x68, 0x61, 0x6D,
        0x7A, 0x61, 0x66, 0x61, 0x74, 0x68, 0x61, 0x61, 0x72, 0x61, 0x62, 0x69, 0x63, 0x68, 0x61, 0x6D, 0x7A, 0x61, 0x66, 0x61, 0x74, 0x68, 0x61, 0x74,
        0x61, 0x6E, 0x61, 0x72, 0x61, 0x62, 0x69, 0x63, 0x68, 0x61, 0x6D, 0x7A, 0x61, 0x6C, 0x6F, 0x77, 0x61, 0x72, 0x61, 0x62, 0x69, 0x63, 0x68, 0x61,
        0x6D, 0x7A, 0x61, 0x6C, 0x6F, 0x77, 0x6B, 0x61, 0x73, 0x72, 0x61, 0x61, 0x72, 0x61, 0x62, 0x69, 0x63, 0x68, 0x61, 0x6D, 0x7A, 0x61, 0x6C, 0x6F,
        0x77, 0x6B, 0x61, 0x73, 0x72, 0x61, 0x74, 0x61, 0x6E, 0x61, 0x72, 0x61, 0x62, 0x69, 0x63, 0x68, 0x61, 0x6D, 0x7A, 0x61, 0x73, 0x75, 0x6B, 0x75,
        0x6E, 0x61, 0x72, 0x61, 0x62, 0x69, 0x63, 0x68, 0x61, 0x6E, 0x67, 0x75, 0x6C, 0x66, 0x69, 0x6C, 0x6C, 0x65, 0x72, 0x68, 0x61, 0x72, 0x64, 0x73,
        0x69, 0x67, 0x6E, 0x63, 0x79, 0x72, 0x69, 0x6C, 0x6C, 0x69, 0x63, 0x68, 0x61, 0x72, 0x70, 0x6F, 0x6F, 0x6E, 0x6C, 0x65, 0x66, 0x74, 0x62, 0x61,
        0x72, 0x62, 0x75, 0x70, 0x68, 0x61, 0x72, 0x70, 0x6F, 0x6F, 0x6E, 0x72, 0x69, 0x67, 0x68, 0x74, 0x62, 0x61, 0x72, 0x62, 0x75, 0x70, 0x68, 0x61,
        0x73, 0x71, 0x75, 0x61, 0x72, 0x65, 0x68, 0x61, 0x74, 0x61, 0x66, 0x70, 0x61, 0x74, 0x61, 0x68, 0x68, 0x61, 0x74, 0x61, 0x66, 0x70, 0x61, 0x74,
        0x61, 0x68, 0x31, 0x36, 0x68, 0x61, 0x74, 0x61, 0x66, 0x70, 0x61, 0x74, 0x61, 0x68, 0x32, 0x33, 0x68, 0x61, 0x74, 0x61, 0x66, 0x70, 0x61, 0x74,
        0x61, 0x68, 0x32, 0x66, 0x68, 0x61, 0x74, 0x61, 0x66, 0x70, 0x61, 0x74, 0x61, 0x68, 0x68, 0x65, 0x62, 0x72, 0x65, 0x77, 0x68, 0x61, 0x74, 0x61,
        0x66, 0x70, 0x61, 0x74, 0x61, 0x68, 0x6E, 0x61, 0x72, 0x72, 0x6F, 0x77, 0x68, 0x65, 0x62, 0x72, 0x65, 0x77, 0x68, 0x61, 0x74, 0x61, 0x66, 0x70,
        0x61, 0x74, 0x61, 0x68, 0x71, 0x75, 0x61, 0x72, 0x74, 0x65, 0x72, 0x68, 0x65, 0x62, 0x72, 0x65, 0x77, 0x68, 0x61, 0x74, 0x61, 0x66, 0x70, 0x61,
        0x74, 0x61, 0x68, 0x77, 0x69, 0x64, 0x65, 0x68, 0x65, 0x62, 0x72, 0x65, 0x77, 0x68, 0x61, 0x74, 0x61, 0x66, 0x71, 0x61, 0x6D, 0x61, 0x74, 0x73,
        0x68, 0x61, 0x74, 0x61, 0x66, 0x71, 0x61, 0x6D, 0x61, 0x74, 0x73, 0x31, 0x62, 0x68, 0x61, 0x74, 0x61, 0x66, 0x71, 0x61, 0x6D, 0x61, 0x74, 0x73,
        0x32, 0x38, 0x68, 0x61, 0x74, 0x61, 0x66, 0x71, 0x61, 0x6D, 0x61, 0x74, 0x73, 0x33, 0x34, 0x68, 0x61, 0x74, 0x61, 0x66, 0x71, 0x61, 0x6D, 0x61,
        0x74, 0x73, 0x68, 0x65, 0x62, 0x72, 0x65, 0x77, 0x68, 0x61, 0x74, 0x61, 0x66, 0x71, 0x61, 0x6D, 0x61, 0x74, 0x73, 0x6E, 0x61, 0x72, 0x72, 0x6F,
        0x77, 0x68, 0x65, 0x62, 0x72, 0x65, 0x77, 0x68, 0x61, 0x74, 0x61, 0x66, 0x71, 0x61, 0x6D, 0x61, 0x74, 0x73, 0x71, 0x75, 0x61, 0x72, 0x74, 0x65,
        0x72, 0x68, 0x65, 0x62, 0x72, 0x65, 0x77, 0x68, 0x61, 0x74, 0x61, 0x66, 0x71, 0x61, 0x6D, 0x61, 0x74, 0x73, 0x77, 0x69, 0x64, 0x65, 0x68, 0x65,
        0x62, 0x72, 0x65, 0x77, 0x68, 0x61, 0x74, 0x61, 0x66, 0x73, 0x65, 0x67, 0x6F, 0x6C, 0x68, 0x61, 0x74, 0x61, 0x66, 0x73, 0x65, 0x67, 0x6F, 0x6C,
        0x31, 0x37, 0x68, 0x61, 0x74, 0x61, 0x66, 0x73, 0x65, 0x67, 0x6F, 0x6C, 0x32, 0x34, 0x68, 0x61, 0x74, 0x61, 0x66, 0x73, 0x65, 0x67, 0x6F, 0x6C,
        0x33, 0x30, 0x68, 0x61, 0x74, 0x61, 0x66, 0x73, 0x65, 0x67, 0x6F, 0x6C, 0x68, 0x65, 0x62, 0x72, 0x65, 0x77, 0x68, 0x61, 0x74, 0x61, 0x66, 0x73,
        0x65, 0x67, 0x6F, 0x6C, 0x6E, 0x61, 0x72, 0x72, 0x6F, 0x77, 0x68, 0x65, 0x62, 0x72, 0x65, 0x77, 0x68, 0x61, 0x74, 0x61, 0x66, 0x73, 0x65, 0x67,
        0x6F, 0x6C, 0x71, 0x75, 0x61, 0x72, 0x74, 0x65, 0x72, 0x68, 0x65, 0x62, 0x72, 0x65, 0x77, 0x68, 0x61, 0x74, 0x61, 0x66, 0x73, 0x65, 0x67, 0x6F,
        0x6C, 0x77, 0x69, 0x64, 0x65, 0x68, 0x65, 0x62, 0x72, 0x65, 0x77, 0x68, 0x62, 0x61, 0x72, 0x68, 0x62, 0x6F, 0x70, 0x6F, 0x6D, 0x6F, 0x66, 0x6F,
        0x68, 0x62, 0x72, 0x65, 0x76, 0x65, 0x62, 0x65, 0x6C, 0x6F, 0x77, 0x68, 0x63, 0x65, 0x64, 0x69, 0x6C, 0x6C, 0x61, 0x68, 0x63, 0x69, 0x72, 0x63,
        0x6C, 0x65, 0x68, 0x63, 0x69, 0x72, 0x63, 0x75, 0x6D, 0x66, 0x6C, 0x65, 0x78, 0x68, 0x64, 0x69, 0x65, 0x72, 0x65, 0x73, 0x69, 0x73, 0x68, 0x64,
        0x6F, 0x74, 0x61, 0x63, 0x63, 0x65, 0x6E, 0x74, 0x68, 0x64, 0x6F, 0x74, 0x62, 0x65, 0x6C, 0x6F, 0x77, 0x68, 0x65, 0x68, 0x65, 0x61, 0x72, 0x74,
        0x68, 0x65, 0x61, 0x72, 0x74, 0x73, 0x75, 0x69, 0x74, 0x62, 0x6C, 0x61, 0x63, 0x6B, 0x68, 0x65, 0x61, 0x72, 0x74, 0x73, 0x75, 0x69, 0x74, 0x77,
        0x68, 0x69, 0x74, 0x65, 0x68, 0x65, 0x64, 0x61, 0x67, 0x65, 0x73, 0x68, 0x68, 0x65, 0x64, 0x61, 0x67, 0x65, 0x73, 0x68, 0x68, 0x65, 0x62, 0x72,
        0x65, 0x77, 0x68, 0x65, 0x68, 0x61, 0x6C, 0x74, 0x6F, 0x6E, 0x65, 0x61, 0x72, 0x61, 0x62, 0x69, 0x63, 0x68, 0x65, 0x68, 0x61, 0x72, 0x61, 0x62,
        0x69, 0x63, 0x68, 0x65, 0x68, 0x65, 0x62, 0x72, 0x65, 0x77, 0x68, 0x65, 0x68, 0x66, 0x69, 0x6E, 0x61, 0x6C, 0x61, 0x6C, 0x74, 0x6F, 0x6E, 0x65,
        0x61, 0x72, 0x61, 0x62, 0x69, 0x63, 0x68, 0x65, 0x68, 0x66, 0x69, 0x6E, 0x61, 0x6C, 0x61, 0x6C, 0x74, 0x74, 0x77, 0x6F, 0x61, 0x72, 0x61, 0x62,
        0x69, 0x63, 0x68, 0x65, 0x68, 0x66, 0x69, 0x6E, 0x61, 0x6C, 0x61, 0x72, 0x61, 0x62, 0x69, 0x63, 0x68, 0x65, 0x68, 0x68, 0x61, 0x6D, 0x7A, 0x61,
        0x61, 0x62, 0x6F, 0x76, 0x65, 0x66, 0x69, 0x6E, 0x61, 0x6C, 0x61, 0x72, 0x61, 0x62, 0x69, 0x63, 0x68, 0x65, 0x68, 0x68, 0x61, 0x6D, 0x7A, 0x61,
        0x61, 0x62, 0x6F, 0x76, 0x65, 0x69, 0x73, 0x6F, 0x6C, 0x61, 0x74, 0x65, 0x64, 0x61, 0x72, 0x61, 0x62, 0x69, 0x63, 0x68, 0x65, 0x68, 0x69, 0x6E,
        0x69, 0x74, 0x69, 0x61, 0x6C, 0x61, 0x6C, 0x74, 0x6F, 0x6E, 0x65, 0x61, 0x72, 0x61, 0x62, 0x69, 0x63, 0x68, 0x65, 0x68, 0x69, 0x6E, 0x69, 0x74,
        0x69, 0x61, 0x6C, 0x61, 0x72, 0x61, 0x62, 0x69, 0x63, 0x68, 0x65, 0x68, 0x69, 0x72, 0x61, 0x67, 0x61, 0x6E, 0x61, 0x68, 0x65, 0x68, 0x6D, 0x65,
        0x64, 0x69, 0x61, 0x6C, 0x61, 0x6C, 0x74, 0x6F, 0x6E, 0x65, 0x61, 0x72, 0x61, 0x62, 0x69, 0x63, 0x68, 0x65, 0x68, 0x6D, 0x65, 0x64, 0x69, 0x61,
        0x6C, 0x61, 0x72, 0x61, 0x62, 0x69, 0x63, 0x68, 0x65, 0x69, 0x73, 0x65, 0x69, 0x65, 0x72, 0x61, 0x73, 0x71, 0x75, 0x61, 0x72, 0x65, 0x68, 0x65,
        0x6B, 0x61, 0x74, 0x61, 0x6B, 0x61, 0x6E, 0x61, 0x68, 0x65, 0x6B, 0x61, 0x74, 0x61, 0x6B, 0x61, 0x6E, 0x61, 0x68, 0x61, 0x6C, 0x66, 0x77, 0x69,
        0x64, 0x74, 0x68, 0x68, 0x65, 0x6B, 0x75, 0x74, 0x61, 0x61, 0x72, 0x75, 0x73, 0x71, 0x75, 0x61, 0x72, 0x65, 0x68, 0x65, 0x6E, 0x67, 0x68, 0x6F,
        0x6F, 0x6B, 0x68, 0x65, 0x72, 0x75, 0x74, 0x75, 0x73, 0x71, 0x75, 0x61, 0x72, 0x65, 0x68, 0x65, 0x74, 0x68, 0x65, 0x74, 0x68, 0x65, 0x62, 0x72,
        0x65, 0x77, 0x68, 0x68, 0x6F, 0x6F, 0x6B, 0x68, 0x68, 0x6F, 0x6F, 0x6B, 0x73, 0x75, 0x70, 0x65, 0x72, 0x69, 0x6F, 0x72, 0x68, 0x69, 0x65, 0x75,
        0x68, 0x61, 0x63, 0x69, 0x72, 0x63, 0x6C, 0x65, 0x6B, 0x6F, 0x72, 0x65, 0x61, 0x6E, 0x68, 0x69, 0x65, 0x75, 0x68, 0x61, 0x70, 0x61, 0x72, 0x65,
        0x6E, 0x6B, 0x6F, 0x72, 0x65, 0x61, 0x6E, 0x68, 0x69, 0x65, 0x75, 0x68, 0x63, 0x69, 0x72, 0x63, 0x6C, 0x65, 0x6B, 0x6F, 0x72, 0x65, 0x61, 0x6E,
        0x68, 0x69, 0x65, 0x75, 0x68, 0x6B, 0x6F, 0x72, 0x65, 0x61, 0x6E, 0x68, 0x69, 0x65, 0x75, 0x68, 0x70, 0x61, 0x72, 0x65, 0x6E, 0x6B, 0x6F, 0x72,
        0x65, 0x61, 0x6E, 0x68, 0x69, 0x68, 0x69, 0x72, 0x61, 0x67, 0x61, 0x6E, 0x61, 0x68, 0x69, 0x6B, 0x61, 0x74, 0x61, 0x6B, 0x61, 0x6E, 0x61, 0x68,
        0x69, 0x6B, 0x61, 0x74, 0x61, 0x6B, 0x61, 0x6E, 0x61, 0x68, 0x61, 0x6C, 0x66, 0x77, 0x69, 0x64, 0x74, 0x68, 0x68, 0x69, 0x72, 0x69, 0x71, 0x68,
        0x69, 0x72, 0x69, 0x71, 0x31, 0x34, 0x68, 0x69, 0x72, 0x69, 0x71, 0x32, 0x31, 0x68, 0x69, 0x72, 0x69, 0x71, 0x32, 0x64, 0x68, 0x69, 0x72, 0x69,
        0x71, 0x68, 0x65, 0x62, 0x72, 0x65, 0x77, 0x68, 0x69, 0x72, 0x69, 0x71, 0x6E, 0x61, 0x72, 0x72, 0x6F, 0x77, 0x68, 0x65, 0x62, 0x72, 0x65, 0x77,
        0x68, 0x69, 0x72, 0x69, 0x71, 0x71, 0x75, 0x61, 0x72, 0x74, 0x65, 0x72, 0x68, 0x65, 0x62, 0x72, 0x65, 0x77, 0x68, 0x69, 0x72, 0x69, 0x71, 0x77,
        0x69, 0x64, 0x65, 0x68, 0x65, 0x62, 0x72, 0x65, 0x77, 0x68, 0x6C, 0x69, 0x6E, 0x65, 0x62, 0x65, 0x6C, 0x6F, 0x77, 0x68, 0x6D, 0x6F, 0x6E, 0x6F,
        0x73, 0x70, 0x61, 0x63, 0x65, 0x68, 0x6F, 0x61, 0x72, 0x6D, 0x65, 0x6E, 0x69, 0x61, 0x6E, 0x68, 0x6F, 0x68, 0x69, 0x70, 0x74, 0x68, 0x61, 0x69,
        0x68, 0x6F, 0x68, 0x69, 0x72, 0x61, 0x67, 0x61, 0x6E, 0x61, 0x68, 0x6F, 0x6B, 0x61, 0x74, 0x61, 0x6B, 0x61, 0x6E, 0x61, 0x68, 0x6F, 0x6B, 0x61,
        0x74, 0x61, 0x6B, 0x61, 0x6E, 0x61, 0x68, 0x61, 0x6C, 0x66, 0x77, 0x69, 0x64, 0x74, 0x68, 0x68, 0x6F, 0x6C, 0x61, 0x6D, 0x68, 0x6F, 0x6C, 0x61,
        0x6D, 0x31, 0x39, 0x68, 0x6F, 0x6C, 0x61, 0x6D, 0x32, 0x36, 0x68, 0x6F, 0x6C, 0x61, 0x6D, 0x33, 0x32, 0x68, 0x6F, 0x6C, 0x61, 0x6D, 0x68, 0x65,
        0x62, 0x72, 0x65, 0x77, 0x68, 0x6F, 0x6C, 0x61, 0x6D, 0x6E, 0x61, 0x72, 0x72, 0x6F, 0x77, 0x68, 0x65, 0x62, 0x72, 0x65, 0x77, 0x68, 0x6F, 0x6C,
        0x61, 0x6D, 0x71, 0x75, 0x61, 0x72, 0x74, 0x65, 0x72, 0x68, 0x65, 0x62, 0x72, 0x65, 0x77, 0x68, 0x6F, 0x6C, 0x61, 0x6D, 0x77, 0x69, 0x64, 0x65,
        0x68, 0x65, 0x62, 0x72, 0x65, 0x77, 0x68, 0x6F, 0x6E, 0x6F, 0x6B, 0x68, 0x75, 0x6B, 0x74, 0x68, 0x61, 0x69, 0x68, 0x6F, 0x6F, 0x6B, 0x61, 0x62,
        0x6F, 0x76, 0x65, 0x63, 0x6F, 0x6D, 0x62, 0x68, 0x6F, 0x6F, 0x6B, 0x63, 0x6D, 0x62, 0x68, 0x6F, 0x6F, 0x6B, 0x70, 0x61, 0x6C, 0x61, 0x74, 0x61,
        0x6C, 0x69, 0x7A, 0x65, 0x64, 0x62, 0x65, 0x6C, 0x6F, 0x77, 0x63, 0x6D, 0x62, 0x68, 0x6F, 0x6F, 0x6B, 0x72, 0x65, 0x74, 0x72, 0x6F, 0x66, 0x6C,
        0x65, 0x78, 0x62, 0x65, 0x6C, 0x6F, 0x77, 0x63, 0x6D, 0x62, 0x68, 0x6F, 0x6F, 0x6E, 0x73, 0x71, 0x75, 0x61, 0x72, 0x65, 0x68, 0x6F, 0x72, 0x69,
        0x63, 0x6F, 0x70, 0x74, 0x69, 0x63, 0x68, 0x6F, 0x72, 0x69, 0x7A, 0x6F, 0x6E, 0x74, 0x61, 0x6C, 0x62, 0x61, 0x72, 0x68, 0x6F, 0x72, 0x6E, 0x63,
        0x6D, 0x62, 0x68, 0x6F, 0x74, 0x73, 0x70, 0x72, 0x69, 0x6E, 0x67, 0x73, 0x68, 0x6F, 0x75, 0x73, 0x65, 0x68, 0x70, 0x61, 0x72, 0x65, 0x6E, 0x68,
        0x73, 0x75, 0x70, 0x65, 0x72, 0x69, 0x6F, 0x72, 0x68, 0x74, 0x75, 0x72, 0x6E, 0x65, 0x64, 0x68, 0x75, 0x68, 0x69, 0x72, 0x61, 0x67, 0x61, 0x6E,
        0x61, 0x68, 0x75, 0x69, 0x69, 0x74, 0x6F, 0x73, 0x71, 0x75, 0x61, 0x72, 0x65, 0x68, 0x75, 0x6B, 0x61, 0x74, 0x61, 0x6B, 0x61, 0x6E, 0x61, 0x68,
        0x75, 0x6B, 0x61, 0x74, 0x61, 0x6B, 0x61, 0x6E, 0x61, 0x68, 0x61, 0x6C, 0x66, 0x77, 0x69, 0x64, 0x74, 0x68, 0x68, 0x75, 0x6E, 0x67, 0x61, 0x72,
        0x75, 0x6D, 0x6C, 0x61, 0x75, 0x74, 0x68, 0x75, 0x6E, 0x67, 0x61, 0x72, 0x75, 0x6D, 0x6C, 0x61, 0x75, 0x74, 0x63, 0x6D, 0x62, 0x68, 0x76, 0x68,
        0x79, 0x70, 0x68, 0x65, 0x6E, 0x68, 0x79, 0x70, 0x68, 0x65, 0x6E, 0x69, 0x6E, 0x66, 0x65, 0x72, 0x69, 0x6F, 0x72, 0x68, 0x79, 0x70, 0x68, 0x65,
        0x6E, 0x6D, 0x6F, 0x6E, 0x6F, 0x73, 0x70, 0x61, 0x63, 0x65, 0x68, 0x79, 0x70, 0x68, 0x65, 0x6E, 0x73, 0x6D, 0x61, 0x6C, 0x6C, 0x68, 0x79, 0x70,
        0x68, 0x65, 0x6E, 0x73, 0x75, 0x70, 0x65, 0x72, 0x69, 0x6F, 0x72, 0x68, 0x79, 0x70, 0x68, 0x65, 0x6E, 0x74, 0x77, 0x6F, 0x69, 0x69, 0x61, 0x63,
        0x75, 0x74, 0x65, 0x69, 0x61, 0x63, 0x79, 0x72, 0x69, 0x6C, 0x6C, 0x69, 0x63, 0x69, 0x62, 0x65, 0x6E, 0x67, 0x61, 0x6C, 0x69, 0x69, 0x62, 0x6F,
        0x70, 0x6F, 0x6D, 0x6F, 0x66, 0x6F, 0x69, 0x62, 0x72, 0x65, 0x76, 0x65, 0x69, 0x63, 0x61, 0x72, 0x6F, 0x6E, 0x69, 0x63, 0x69, 0x72, 0x63, 0x6C,
        0x65, 0x69, 0x63, 0x69, 0x72, 0x63, 0x75, 0x6D, 0x66, 0x6C, 0x65, 0x78, 0x69, 0x63, 0x79, 0x72, 0x69, 0x6C, 0x6C, 0x69, 0x63, 0x69, 0x64, 0x62,
        0x6C, 0x67, 0x72, 0x61, 0x76, 0x65, 0x69, 0x64, 0x65, 0x6F, 0x67, 0x72, 0x61, 0x70, 0x68, 0x65, 0x61, 0x72, 0x74, 0x68, 0x63, 0x69, 0x72, 0x63,
        0x6C, 0x65, 0x69, 0x64, 0x65, 0x6F, 0x67, 0x72, 0x61, 0x70, 0x68, 0x66, 0x69, 0x72, 0x65, 0x63, 0x69, 0x72, 0x63, 0x6C, 0x65, 0x69, 0x64, 0x65,
        0x6F, 0x67, 0x72, 0x61, 0x70, 0x68, 0x69, 0x63, 0x61, 0x6C, 0x6C, 0x69, 0x61, 0x6E, 0x63, 0x65, 0x70, 0x61, 0x72, 0x65, 0x6E, 0x69, 0x64, 0x65,
        0x6F, 0x67, 0x72, 0x61, 0x70, 0x68, 0x69, 0x63, 0x63, 0x61, 0x6C, 0x6C, 0x70, 0x61, 0x72, 0x65, 0x6E, 0x69, 0x64, 0x65, 0x6F, 0x67, 0x72, 0x61,
        0x70, 0x68, 0x69, 0x63, 0x63, 0x65, 0x6E, 0x74, 0x72, 0x65, 0x63, 0x69, 0x72, 0x63, 0x6C, 0x65, 0x69, 0x64, 0x65, 0x6F, 0x67, 0x72, 0x61, 0x70,
        0x68, 0x69, 0x63, 0x63, 0x6C, 0x6F, 0x73, 0x65, 0x69, 0x64, 0x65, 0x6F, 0x67, 0x72, 0x61, 0x70, 0x68, 0x69, 0x63, 0x63, 0x6F, 0x6D, 0x6D, 0x61,
        0x69, 0x64, 0x65, 0x6F, 0x67, 0x72, 0x61, 0x70, 0x68, 0x69, 0x63, 0x63, 0x6F, 0x6D, 0x6D, 0x61, 0x6C, 0x65, 0x66, 0x74, 0x69, 0x64, 0x65, 0x6F,
        0x67, 0x72, 0x61, 0x70, 0x68, 0x69, 0x63, 0x63, 0x6F, 0x6E, 0x67, 0x72, 0x61, 0x74, 0x75, 0x6C, 0x61, 0x74, 0x69, 0x6F, 0x6E, 0x70, 0x61, 0x72,
        0x65, 0x6E, 0x69, 0x64, 0x65, 0x6F, 0x67, 0x72, 0x61, 0x70, 0x68, 0x69, 0x63, 0x63, 0x6F, 0x72, 0x72, 0x65, 0x63, 0x74, 0x63, 0x69, 0x72, 0x63,
        0x6C, 0x65, 0x69, 0x64, 0x65, 0x6F, 0x67, 0x72, 0x61, 0x70, 0x68, 0x69, 0x63, 0x65, 0x61, 0x72, 0x74, 0x68, 0x70, 0x61, 0x72, 0x65, 0x6E, 0x69,
        0x64, 0x65, 0x6F, 0x67, 0x72, 0x61, 0x70, 0x68, 0x69, 0x63, 0x65, 0x6E, 0x74, 0x65, 0x72, 0x70, 0x72, 0x69, 0x73, 0x65, 0x70, 0x61, 0x72, 0x65,
        0x6E, 0x69, 0x64, 0x65, 0x6F, 0x67, 0x72, 0x61, 0x70, 0x68, 0x69, 0x63, 0x65, 0x78, 0x63, 0x65, 0x6C, 0x6C, 0x65, 0x6E, 0x74, 0x63, 0x69, 0x72,
        0x63, 0x6C, 0x65, 0x69, 0x64, 0x65, 0x6F, 0x67, 0x72, 0x61, 0x70, 0x68, 0x69, 0x63, 0x66, 0x65, 0x73, 0x74, 0x69, 0x76, 0x61, 0x6C, 0x70, 0x61,
        0x72, 0x65, 0x6E, 0x69, 0x64, 0x65, 0x6F, 0x67, 0x72, 0x61, 0x70, 0x68, 0x69, 0x63, 0x66, 0x69, 0x6E, 0x61, 0x6E, 0x63, 0x69, 0x61, 0x6C, 0x63,
        0x69, 0x72, 0x63, 0x6C, 0x65, 0x69, 0x64, 0x65, 0x6F, 0x67, 0x72, 0x61, 0x70, 0x68, 0x69, 0x63, 0x66, 0x69, 0x6E, 0x61, 0x6E, 0x63, 0x69, 0x61,
        0x6C, 0x70, 0x61, 0x72, 0x65, 0x6E, 0x69, 0x64, 0x65, 0x6F, 0x67, 0x72, 0x61, 0x70, 0x68, 0x69, 0x63, 0x66, 0x69, 0x72, 0x65, 0x70, 0x61, 0x72,
        0x65, 0x6E, 0x69, 0x64, 0x65, 0x6F, 0x67, 0x72, 0x61, 0x70, 0x68, 0x69, 0x63, 0x68, 0x61, 0x76, 0x65, 0x70, 0x61, 0x72, 0x65, 0x6E, 0x69, 0x64,
        0x65, 0x6F, 0x67, 0x72, 0x61, 0x70, 0x68, 0x69, 0x63, 0x68, 0x69, 0x67, 0x68, 0x63, 0x69, 0x72, 0x63, 0x6C, 0x65, 0x69, 0x64, 0x65, 0x6F, 0x67,
        0x72, 0x61, 0x70, 0x68, 0x69, 0x63, 0x69, 0x74, 0x65, 0x72, 0x61, 0x74, 0x69, 0x6F, 0x6E, 0x6D, 0x61, 0x72, 0x6B, 0x69, 0x64, 0x65, 0x6F, 0x67,
        0x72, 0x61, 0x70, 0x68, 0x69, 0x63, 0x6C, 0x61, 0x62, 0x6F, 0x72, 0x63, 0x69, 0x72, 0x63, 0x6C, 0x65, 0x69, 0x64, 0x65, 0x6F, 0x67, 0x72, 0x61,
        0x70, 0x68, 0x69, 0x63, 0x6C, 0x61, 0x62, 0x6F, 0x72, 0x70, 0x61, 0x72, 0x65, 0x6E, 0x69, 0x64, 0x65, 0x6F, 0x67, 0x72, 0x61, 0x70, 0x68, 0x69,
        0x63, 0x6C, 0x65, 0x66, 0x74, 0x63, 0x69, 0x72, 0x63, 0x6C, 0x65, 0x69, 0x64, 0x65, 0x6F, 0x67, 0x72, 0x61, 0x70, 0x68, 0x69, 0x63, 0x6C, 0x6F,
        0x77, 0x63, 0x69, 0x72, 0x63, 0x6C, 0x65, 0x69, 0x64, 0x65, 0x6F, 0x67, 0x72, 0x61, 0x70, 0x68, 0x69, 0x63, 0x6D, 0x65, 0x64, 0x69, 0x63, 0x69,
        0x6E, 0x65, 0x63, 0x69, 0x72, 0x63, 0x6C, 0x65, 0x69, 0x64, 0x65, 0x6F, 0x67, 0x72, 0x61, 0x70, 0x68, 0x69, 0x63, 0x6D, 0x65, 0x74, 0x61, 0x6C,
        0x70, 0x61, 0x72, 0x65, 0x6E, 0x69, 0x64, 0x65, 0x6F, 0x67, 0x72, 0x61, 0x70, 0x68, 0x69, 0x63, 0x6D, 0x6F, 0x6F, 0x6E, 0x70, 0x61, 0x72, 0x65,
        0x6E, 0x69, 0x64, 0x65, 0x6F, 0x67, 0x72, 0x61, 0x70, 0x68, 0x69, 0x63, 0x6E, 0x61, 0x6D, 0x65, 0x70, 0x61, 0x72, 0x65, 0x6E, 0x69, 0x64, 0x65,
        0x6F, 0x67, 0x72, 0x61, 0x70, 0x68, 0x69, 0x63, 0x70, 0x65, 0x72, 0x69, 0x6F, 0x64, 0x69, 0x64, 0x65, 0x6F, 0x67, 0x72, 0x61, 0x70, 0x68, 0x69,
        0x63, 0x70, 0x72, 0x69, 0x6E, 0x74, 0x63, 0x69, 0x72, 0x63, 0x6C, 0x65, 0x69, 0x64, 0x65, 0x6F, 0x67, 0x72, 0x61, 0x70, 0x68, 0x69, 0x63, 0x72,
        0x65, 0x61, 0x63, 0x68, 0x70, 0x61, 0x72, 0x65, 0x6E, 0x69, 0x64, 0x65, 0x6F, 0x67, 0x72, 0x61, 0x70, 0x68, 0x69, 0x63, 0x72, 0x65, 0x70, 0x72,
        0x65, 0x73, 0x65, 0x6E, 0x74, 0x70, 0x61, 0x72, 0x65, 0x6E, 0x69, 0x64, 0x65, 0x6F, 0x67, 0x72, 0x61, 0x70, 0x68, 0x69, 0x63, 0x72, 0x65, 0x73,
        0x6F, 0x75, 0x72, 0x63, 0x65, 0x70, 0x61, 0x72, 0x65, 0x6E, 0x69, 0x64, 0x65, 0x6F, 0x67, 0x72, 0x61, 0x70, 0x68, 0x69, 0x63, 0x72, 0x69, 0x67,
        0x68, 0x74, 0x63, 0x69, 0x72, 0x63, 0x6C, 0x65, 0x69, 0x64, 0x65, 0x6F, 0x67, 0x72, 0x61, 0x70, 0x68, 0x69, 0x63, 0x73, 0x65, 0x63, 0x72, 0x65,
        0x74, 0x63, 0x69, 0x72, 0x63, 0x6C, 0x65, 0x69, 0x64, 0x65, 0x6F, 0x67, 0x72, 0x61, 0x70, 0x68, 0x69, 0x63, 0x73, 0x65, 0x6C, 0x66, 0x70, 0x61,
        0x72, 0x65, 0x6E, 0x69, 0x64, 0x65, 0x6F, 0x67, 0x72, 0x61, 0x70, 0x68, 0x69, 0x63, 0x73, 0x6F, 0x63, 0x69, 0x65, 0x74, 0x79, 0x70, 0x61, 0x72,
        0x65, 0x6E, 0x69, 0x64, 0x65, 0x6F, 0x67, 0x72, 0x61, 0x70, 0x68, 0x69, 0x63, 0x73, 0x70, 0x61, 0x63, 0x65, 0x69, 0x64, 0x65, 0x6F, 0x67, 0x72,
        0x61, 0x70, 0x68, 0x69, 0x63, 0x73, 0x70, 0x65, 0x63, 0x69, 0x61, 0x6C, 0x70, 0x61, 0x72, 0x65, 0x6E, 0x69, 0x64, 0x65, 0x6F, 0x67, 0x72, 0x61,
        0x70, 0x68, 0x69, 0x63, 0x73, 0x74, 0x6F, 0x63, 0x6B, 0x70, 0x61, 0x72, 0x65, 0x6E, 0x69, 0x64, 0x65, 0x6F, 0x67, 0x72, 0x61, 0x70, 0x68, 0x69,
        0x63, 0x73, 0x74, 0x75, 0x64, 0x79, 0x70, 0x61, 0x72, 0x65, 0x6E, 0x69, 0x64, 0x65, 0x6F, 0x67, 0x72, 0x61, 0x70, 0x68, 0x69, 0x63, 0x73, 0x75,
        0x6E, 0x70, 0x61, 0x72, 0x65, 0x6E, 0x69, 0x64, 0x65, 0x6F, 0x67, 0x72, 0x61, 0x70, 0x68, 0x69, 0x63, 0x73, 0x75, 0x70, 0x65, 0x72, 0x76, 0x69,
        0x73, 0x65, 0x70, 0x61, 0x72, 0x65, 0x6E, 0x69, 0x64, 0x65, 0x6F, 0x67, 0x72, 0x61, 0x70, 0x68, 0x69, 0x63, 0x77, 0x61, 0x74, 0x65, 0x72, 0x70,
        0x61, 0x72, 0x65, 0x6E, 0x69, 0x64, 0x65, 0x6F, 0x67, 0x72, 0x61, 0x70, 0x68, 0x69, 0x63, 0x77, 0x6F, 0x6F, 0x64, 0x70, 0x61, 0x72, 0x65, 0x6E,
        0x69, 0x64, 0x65, 0x6F, 0x67, 0x72, 0x61, 0x70, 0x68, 0x69, 0x63, 0x7A, 0x65, 0x72, 0x6F, 0x69, 0x64, 0x65, 0x6F, 0x67, 0x72, 0x61, 0x70, 0x68,
        0x6D, 0x65, 0x74, 0x61, 0x6C, 0x63, 0x69, 0x72, 0x63, 0x6C, 0x65, 0x69, 0x64, 0x65, 0x6F, 0x67, 0x72, 0x61, 0x70, 0x68, 0x6D, 0x6F, 0x6F, 0x6E,
        0x63, 0x69, 0x72, 0x63, 0x6C, 0x65, 0x69, 0x64, 0x65, 0x6F, 0x67, 0x72, 0x61, 0x70, 0x68, 0x6E, 0x61, 0x6D, 0x65, 0x63, 0x69, 0x72, 0x63, 0x6C,
        0x65, 0x69, 0x64, 0x65, 0x6F, 0x67, 0x72, 0x61, 0x70, 0x68, 0x73, 0x75, 0x6E, 0x63, 0x69, 0x72, 0x63, 0x6C, 0x65, 0x69, 0x64, 0x65, 0x6F, 0x67,
        0x72, 0x61, 0x70, 0x68, 0x77, 0x61, 0x74, 0x65, 0x72, 0x63, 0x69, 0x72, 0x63, 0x6C, 0x65, 0x69, 0x64, 0x65, 0x6F, 0x67, 0x72, 0x61, 0x70, 0x68,
        0x77, 0x6F, 0x6F, 0x64, 0x63, 0x69, 0x72, 0x63, 0x6C, 0x65, 0x69, 0x64, 0x65, 0x76, 0x61, 0x69, 0x64, 0x69, 0x65, 0x72, 0x65, 0x73, 0x69, 0x73,
        0x69, 0x64, 0x69, 0x65, 0x72, 0x65, 0x73, 0x69, 0x73, 0x61, 0x63, 0x75, 0x74, 0x65, 0x69, 0x64, 0x69, 0x65, 0x72, 0x65, 0x73, 0x69, 0x73, 0x63,
        0x79, 0x72, 0x69, 0x6C, 0x6C, 0x69, 0x63, 0x69, 0x64, 0x6F, 0x74, 0x62, 0x65, 0x6C, 0x6F, 0x77, 0x69, 0x65, 0x62, 0x72, 0x65, 0x76, 0x65, 0x63,
        0x79, 0x72, 0x69, 0x6C, 0x6C, 0x69, 0x63, 0x69, 0x65, 0x63, 0x79, 0x72, 0x69, 0x6C, 0x6C, 0x69, 0x63, 0x69, 0x65, 0x75, 0x6E, 0x67, 0x61, 0x63,
        0x69, 0x72, 0x63, 0x6C, 0x65, 0x6B, 0x6F, 0x72, 0x65, 0x61, 0x6E, 0x69, 0x65, 0x75, 0x6E, 0x67, 0x61, 0x70, 0x61, 0x72, 0x65, 0x6E, 0x6B, 0x6F,
        0x72, 0x65, 0x61, 0x6E, 0x69, 0x65, 0x75, 0x6E, 0x67, 0x63, 0x69, 0x72, 0x63, 0x6C, 0x65, 0x6B, 0x6F, 0x72, 0x65, 0x61, 0x6E, 0x69, 0x65, 0x75,
        0x6E, 0x67, 0x6B, 0x6F, 0x72, 0x65, 0x61, 0x6E, 0x69, 0x65, 0x75, 0x6E, 0x67, 0x70, 0x61, 0x72, 0x65, 0x6E, 0x6B, 0x6F, 0x72, 0x65, 0x61, 0x6E,
        0x69, 0x67, 0x72, 0x61, 0x76, 0x65, 0x69, 0x67, 0x75, 0x6A, 0x61, 0x72, 0x61, 0x74, 0x69, 0x69, 0x67, 0x75, 0x72, 0x6D, 0x75, 0x6B, 0x68, 0x69,
        0x69, 0x68, 0x69, 0x72, 0x61, 0x67, 0x61, 0x6E, 0x61, 0x69, 0x68, 0x6F, 0x6F, 0x6B, 0x61, 0x62, 0x6F, 0x76, 0x65, 0x69, 0x69, 0x62, 0x65, 0x6E,
        0x67, 0x61, 0x6C, 0x69, 0x69, 0x69, 0x63, 0x79, 0x72, 0x69, 0x6C, 0x6C, 0x69, 0x63, 0x69, 0x69, 0x64, 0x65, 0x76, 0x61, 0x69, 0x69, 0x67, 0x75,
        0x6A, 0x61, 0x72, 0x61, 0x74, 0x69, 0x69, 0x69, 0x67, 0x75, 0x72, 0x6D, 0x75, 0x6B, 0x68, 0x69, 0x69, 0x69, 0x6D, 0x61, 0x74, 0x72, 0x61, 0x67,
        0x75, 0x72, 0x6D, 0x75, 0x6B, 0x68, 0x69, 0x69, 0x69, 0x6E, 0x76, 0x65, 0x72, 0x74, 0x65, 0x64, 0x62, 0x72, 0x65, 0x76, 0x65, 0x69, 0x69, 0x73,
        0x68, 0x6F, 0x72, 0x74, 0x63, 0x79, 0x72, 0x69, 0x6C, 0x6C, 0x69, 0x63, 0x69, 0x69, 0x76, 0x6F, 0x77, 0x65, 0x6C, 0x73, 0x69, 0x67, 0x6E, 0x62,
        0x65, 0x6E, 0x67, 0x61, 0x6C, 0x69, 0x69, 0x69, 0x76, 0x6F, 0x77, 0x65, 0x6C, 0x73, 0x69, 0x67, 0x6E, 0x64, 0x65, 0x76, 0x61, 0x69, 0x69, 0x76,
        0x6F, 0x77, 0x65, 0x6C, 0x73, 0x69, 0x67, 0x6E, 0x67, 0x75, 0x6A, 0x61, 0x72, 0x61, 0x74, 0x69, 0x69, 0x6A, 0x69, 0x6B, 0x61, 0x74, 0x61, 0x6B,
        0x61, 0x6E, 0x61, 0x69, 0x6B, 0x61, 0x74, 0x61, 0x6B, 0x61, 0x6E, 0x61, 0x68, 0x61, 0x6C, 0x66, 0x77, 0x69, 0x64, 0x74, 0x68, 0x69, 0x6B, 0x6F,
        0x72, 0x65, 0x61, 0x6E, 0x69, 0x6C, 0x64, 0x65, 0x69, 0x6C, 0x75, 0x79, 0x68, 0x65, 0x62, 0x72, 0x65, 0x77, 0x69, 0x6D, 0x61, 0x63, 0x72, 0x6F,
        0x6E, 0x69, 0x6D, 0x61, 0x63, 0x72, 0x6F, 0x6E, 0x63, 0x79, 0x72, 0x69, 0x6C, 0x6C, 0x69, 0x63, 0x69, 0x6D, 0x61, 0x67, 0x65, 0x6F, 0x72, 0x61,
        0x70, 0x70, 0x72, 0x6F, 0x78, 0x69, 0x6D, 0x61, 0x74, 0x65, 0x6C, 0x79, 0x65, 0x71, 0x75, 0x61, 0x6C, 0x69, 0x6D, 0x61, 0x74, 0x72, 0x61, 0x67,
        0x75, 0x72, 0x6D, 0x75, 0x6B, 0x68, 0x69, 0x69, 0x6D, 0x6F, 0x6E, 0x6F, 0x73, 0x70, 0x61, 0x63, 0x65, 0x69, 0x6E, 0x63, 0x72, 0x65, 0x6D, 0x65,
        0x6E, 0x74, 0x69, 0x6E, 0x66, 0x69, 0x6E, 0x69, 0x74, 0x79, 0x69, 0x6E, 0x69, 0x61, 0x72, 0x6D, 0x65, 0x6E, 0x69, 0x61, 0x6E, 0x69, 0x6E, 0x74,
        0x65, 0x67, 0x72, 0x61, 0x6C, 0x69, 0x6E, 0x74, 0x65, 0x67, 0x72, 0x61, 0x6C, 0x62, 0x6F, 0x74, 0x74, 0x6F, 0x6D, 0x69, 0x6E, 0x74, 0x65, 0x67,
        0x72, 0x61, 0x6C, 0x62, 0x74, 0x69, 0x6E, 0x74, 0x65, 0x67, 0x72, 0x61, 0x6C, 0x65, 0x78, 0x69, 0x6E, 0x74, 0x65, 0x67, 0x72, 0x61, 0x6C, 0x74,
        0x6F, 0x70, 0x69, 0x6E, 0x74, 0x65, 0x67, 0x72, 0x61, 0x6C, 0x74, 0x70, 0x69, 0x6E, 0x74, 0x65, 0x72, 0x73, 0x65, 0x63, 0x74, 0x69, 0x6F, 0x6E,
        0x69, 0x6E, 0x74, 0x69, 0x73, 0x71, 0x75, 0x61, 0x72, 0x65, 0x69, 0x6E, 0x76, 0x62, 0x75, 0x6C, 0x6C, 0x65, 0x74, 0x69, 0x6E, 0x76, 0x63, 0x69,
        0x72, 0x63, 0x6C, 0x65, 0x69, 0x6E, 0x76, 0x73, 0x6D, 0x69, 0x6C, 0x65, 0x66, 0x61, 0x63, 0x65, 0x69, 0x6F, 0x63, 0x79, 0x72, 0x69, 0x6C, 0x6C,
        0x69, 0x63, 0x69, 0x6F, 0x67, 0x6F, 0x6E, 0x65, 0x6B, 0x69, 0x6F, 0x74, 0x61, 0x69, 0x6F, 0x74, 0x61, 0x64, 0x69, 0x65, 0x72, 0x65, 0x73, 0x69,
        0x73, 0x69, 0x6F, 0x74, 0x61, 0x64, 0x69, 0x65, 0x72, 0x65, 0x73, 0x69, 0x73, 0x74, 0x6F, 0x6E, 0x6F, 0x73, 0x69, 0x6F, 0x74, 0x61, 0x6C, 0x61,
        0x74, 0x69, 0x6E, 0x69, 0x6F, 0x74, 0x61, 0x74, 0x6F, 0x6E, 0x6F, 0x73, 0x69, 0x70, 0x61, 0x72, 0x65, 0x6E, 0x69, 0x72, 0x69, 0x67, 0x75, 0x72,
        0x6D, 0x75, 0x6B, 0x68, 0x69, 0x69, 0x73, 0x6D, 0x61, 0x6C, 0x6C, 0x68, 0x69, 0x72, 0x61, 0x67, 0x61, 0x6E, 0x61, 0x69, 0x73, 0x6D, 0x61, 0x6C,
        0x6C, 0x6B, 0x61, 0x74, 0x61, 0x6B, 0x61, 0x6E, 0x61, 0x69, 0x73, 0x6D, 0x61, 0x6C, 0x6C, 0x6B, 0x61, 0x74, 0x61, 0x6B, 0x61, 0x6E, 0x61, 0x68,
        0x61, 0x6C, 0x66, 0x77, 0x69, 0x64, 0x74, 0x68, 0x69, 0x73, 0x73, 0x68, 0x61, 0x72, 0x62, 0x65, 0x6E, 0x67, 0x61, 0x6C, 0x69, 0x69, 0x73, 0x74,
        0x72, 0x6F, 0x6B, 0x65, 0x69, 0x73, 0x75, 0x70, 0x65, 0x72, 0x69, 0x6F, 0x72, 0x69, 0x74, 0x65, 0x72, 0x61, 0x74, 0x69, 0x6F, 0x6E, 0x68, 0x69,
        0x72, 0x61, 0x67, 0x61, 0x6E, 0x61, 0x69, 0x74, 0x65, 0x72, 0x61, 0x74, 0x69, 0x6F, 0x6E, 0x6B, 0x61, 0x74, 0x61, 0x6B, 0x61, 0x6E, 0x61, 0x69,
        0x74, 0x69, 0x6C, 0x64, 0x65, 0x69, 0x74, 0x69, 0x6C, 0x64, 0x65, 0x62, 0x65, 0x6C, 0x6F, 0x77, 0x69, 0x75, 0x62, 0x6F, 0x70, 0x6F, 0x6D, 0x6F,
        0x66, 0x6F, 0x69, 0x75, 0x63, 0x79, 0x72, 0x69, 0x6C, 0x6C, 0x69, 0x63, 0x69, 0x76, 0x6F, 0x77, 0x65, 0x6C, 0x73, 0x69, 0x67, 0x6E, 0x62, 0x65,
        0x6E, 0x67, 0x61, 0x6C, 0x69, 0x69, 0x76, 0x6F, 0x77, 0x65, 0x6C, 0x73, 0x69, 0x67, 0x6E, 0x64, 0x65, 0x76, 0x61, 0x69, 0x76, 0x6F, 0x77, 0x65,
        0x6C, 0x73, 0x69, 0x67, 0x6E, 0x67, 0x75, 0x6A, 0x61, 0x72, 0x61, 0x74, 0x69, 0x69, 0x7A, 0x68, 0x69, 0x74, 0x73, 0x61, 0x63, 0x79, 0x72, 0x69,
        0x6C, 0x6C, 0x69, 0x63, 0x69, 0x7A, 0x68, 0x69, 0x74, 0x73, 0x61, 0x64, 0x62, 0x6C, 0x67, 0x72, 0x61, 0x76, 0x65, 0x63, 0x79, 0x72, 0x69, 0x6C,
        0x6C, 0x69, 0x63, 0x6A, 0x6A, 0x61, 0x61, 0x72, 0x6D, 0x65, 0x6E, 0x69, 0x61, 0x6E, 0x6A, 0x61, 0x62, 0x65, 0x6E, 0x67, 0x61, 0x6C, 0x69, 0x6A,
        0x61, 0x64, 0x65, 0x76, 0x61, 0x6A, 0x61, 0x67, 0x75, 0x6A, 0x61, 0x72, 0x61, 0x74, 0x69, 0x6A, 0x61, 0x67, 0x75, 0x72, 0x6D, 0x75, 0x6B, 0x68,
        0x69, 0x6A, 0x62, 0x6F, 0x70, 0x6F, 0x6D, 0x6F, 0x66, 0x6F, 0x6A, 0x63, 0x61, 0x72, 0x6F, 0x6E, 0x6A, 0x63, 0x69, 0x72, 0x63, 0x6C, 0x65, 0x6A,
        0x63, 0x69, 0x72, 0x63, 0x75, 0x6D, 0x66, 0x6C, 0x65, 0x78, 0x6A, 0x63, 0x72, 0x6F, 0x73, 0x73, 0x65, 0x64, 0x74, 0x61, 0x69, 0x6C, 0x6A, 0x64,
        0x6F, 0x74, 0x6C, 0x65, 0x73, 0x73, 0x73, 0x74, 0x72, 0x6F, 0x6B, 0x65, 0x6A, 0x65, 0x63, 0x79, 0x72, 0x69, 0x6C, 0x6C, 0x69, 0x63, 0x6A, 0x65,
        0x65, 0x6D, 0x61, 0x72, 0x61, 0x62, 0x69, 0x63, 0x6A, 0x65, 0x65, 0x6D, 0x66, 0x69, 0x6E, 0x61, 0x6C, 0x61, 0x72, 0x61, 0x62, 0x69, 0x63, 0x6A,
        0x65, 0x65, 0x6D, 0x69, 0x6E, 0x69, 0x74, 0x69, 0x61, 0x6C, 0x61, 0x72, 0x61, 0x62, 0x69, 0x63, 0x6A, 0x65, 0x65, 0x6D, 0x6D, 0x65, 0x64, 0x69,
        0x61, 0x6C, 0x61, 0x72, 0x61, 0x62, 0x69, 0x63, 0x6A, 0x65, 0x68, 0x61, 0x72, 0x61, 0x62, 0x69, 0x63, 0x6A, 0x65, 0x68, 0x66, 0x69, 0x6E, 0x61,
        0x6C, 0x61, 0x72, 0x61, 0x62, 0x69, 0x63, 0x6A, 0x68, 0x61, 0x62, 0x65, 0x6E, 0x67, 0x61, 0x6C, 0x69, 0x6A, 0x68, 0x61, 0x64, 0x65, 0x76, 0x61,
        0x6A, 0x68, 0x61, 0x67, 0x75, 0x6A, 0x61, 0x72, 0x61, 0x74, 0x69, 0x6A, 0x68, 0x61, 0x67, 0x75, 0x72, 0x6D, 0x75, 0x6B, 0x68, 0x69, 0x6A, 0x68,
        0x65, 0x68, 0x61, 0x72, 0x6D, 0x65, 0x6E, 0x69, 0x61, 0x6E, 0x6A, 0x69, 0x73, 0x6A, 0x6D, 0x6F, 0x6E, 0x6F, 0x73, 0x70, 0x61, 0x63, 0x65, 0x6A,
        0x70, 0x61, 0x72, 0x65, 0x6E, 0x6A, 0x73, 0x75, 0x70, 0x65, 0x72, 0x69, 0x6F, 0x72, 0x6B, 0x6B, 0x61, 0x62, 0x61, 0x73, 0x68, 0x6B, 0x69, 0x72,
        0x63, 0x79, 0x72, 0x69, 0x6C, 0x6C, 0x69, 0x63, 0x6B, 0x61, 0x62, 0x65, 0x6E, 0x67, 0x61, 0x6C, 0x69, 0x6B, 0x61, 0x63, 0x75, 0x74, 0x65, 0x6B,
        0x61, 0x63, 0x79, 0x72, 0x69, 0x6C, 0x6C, 0x69, 0x63, 0x6B, 0x61, 0x64, 0x65, 0x73, 0x63, 0x65, 0x6E, 0x64, 0x65, 0x72, 0x63, 0x79, 0x72, 0x69,
        0x6C, 0x6C, 0x69, 0x63, 0x6B, 0x61, 0x64, 0x65, 0x76, 0x61, 0x6B, 0x61, 0x66, 0x6B, 0x61, 0x66, 0x61, 0x72, 0x61, 0x62, 0x69, 0x63, 0x6B, 0x61,
        0x66, 0x64, 0x61, 0x67, 0x65, 0x73, 0x68, 0x6B, 0x61, 0x66, 0x64, 0x61, 0x67, 0x65, 0x73, 0x68, 0x68, 0x65, 0x62, 0x72, 0x65, 0x77, 0x6B, 0x61,
        0x66, 0x66, 0x69, 0x6E, 0x61, 0x6C, 0x61, 0x72, 0x61, 0x62, 0x69, 0x63, 0x6B, 0x61, 0x66, 0x68, 0x65, 0x62, 0x72, 0x65, 0x77, 0x6B, 0x61, 0x66,
        0x69, 0x6E, 0x69, 0x74, 0x69, 0x61, 0x6C, 0x61, 0x72, 0x61, 0x62, 0x69, 0x63, 0x6B, 0x61, 0x66, 0x6D, 0x65, 0x64, 0x69, 0x61, 0x6C, 0x61, 0x72,
        0x61, 0x62, 0x69, 0x63, 0x6B, 0x61, 0x66, 0x72, 0x61, 0x66, 0x65, 0x68, 0x65, 0x62, 0x72, 0x65, 0x77, 0x6B, 0x61, 0x67, 0x75, 0x6A, 0x61, 0x72,
        0x61, 0x74, 0x69, 0x6B, 0x61, 0x67, 0x75, 0x72, 0x6D, 0x75, 0x6B, 0x68, 0x69, 0x6B, 0x61, 0x68, 0x69, 0x72, 0x61, 0x67, 0x61, 0x6E, 0x61, 0x6B,
        0x61, 0x68, 0x6F, 0x6F, 0x6B, 0x63, 0x79, 0x72, 0x69, 0x6C, 0x6C, 0x69, 0x63, 0x6B, 0x61, 0x6B, 0x61, 0x74, 0x61, 0x6B, 0x61, 0x6E, 0x61, 0x6B,
        0x61, 0x6B, 0x61, 0x74, 0x61, 0x6B, 0x61, 0x6E, 0x61, 0x68, 0x61, 0x6C, 0x66, 0x77, 0x69, 0x64, 0x74, 0x68, 0x6B, 0x61, 0x70, 0x70, 0x61, 0x6B,
        0x61, 0x70, 0x70, 0x61, 0x73, 0x79, 0x6D, 0x62, 0x6F, 0x6C, 0x67, 0x72, 0x65, 0x65, 0x6B, 0x6B, 0x61, 0x70, 0x79, 0x65, 0x6F, 0x75, 0x6E, 0x6D,
        0x69, 0x65, 0x75, 0x6D, 0x6B, 0x6F, 0x72, 0x65, 0x61, 0x6E, 0x6B, 0x61, 0x70, 0x79, 0x65, 0x6F, 0x75, 0x6E, 0x70, 0x68, 0x69, 0x65, 0x75, 0x70,
        0x68, 0x6B, 0x6F, 0x72, 0x65, 0x61, 0x6E, 0x6B, 0x61, 0x70, 0x79, 0x65, 0x6F, 0x75, 0x6E, 0x70, 0x69, 0x65, 0x75, 0x70, 0x6B, 0x6F, 0x72, 0x65,
        0x61, 0x6E, 0x6B, 0x61, 0x70, 0x79, 0x65, 0x6F, 0x75, 0x6E, 0x73, 0x73, 0x61, 0x6E, 0x67, 0x70, 0x69, 0x65, 0x75, 0x70, 0x6B, 0x6F, 0x72, 0x65,
        0x61, 0x6E, 0x6B, 0x61, 0x72, 0x6F, 0x72, 0x69, 0x69, 0x73, 0x71, 0x75, 0x61, 0x72, 0x65, 0x6B, 0x61, 0x73, 0x68, 0x69, 0x64, 0x61, 0x61, 0x75,
        0x74, 0x6F, 0x61, 0x72, 0x61, 0x62, 0x69, 0x63, 0x6B, 0x61, 0x73, 0x68, 0x69, 0x64, 0x61, 0x61, 0x75, 0x74, 0x6F, 0x6E, 0x6F, 0x73, 0x69, 0x64,
        0x65, 0x62, 0x65, 0x61, 0x72, 0x69, 0x6E, 0x67, 0x61, 0x72, 0x61, 0x62, 0x69, 0x63, 0x6B, 0x61, 0x73, 0x6D, 0x61, 0x6C, 0x6C, 0x6B, 0x61, 0x74,
        0x61, 0x6B, 0x61, 0x6E, 0x61, 0x6B, 0x61, 0x73, 0x71, 0x75, 0x61, 0x72, 0x65, 0x6B, 0x61, 0x73, 0x72, 0x61, 0x61, 0x72, 0x61, 0x62, 0x69, 0x63,
        0x6B, 0x61, 0x73, 0x72, 0x61, 0x74, 0x61, 0x6E, 0x61, 0x72, 0x61, 0x62, 0x69, 0x63, 0x6B, 0x61, 0x73, 0x74, 0x72, 0x6F, 0x6B, 0x65, 0x63, 0x79,
        0x72, 0x69, 0x6C, 0x6C, 0x69, 0x63, 0x6B, 0x61, 0x74, 0x61, 0x68, 0x69, 0x72, 0x61, 0x70, 0x72, 0x6F, 0x6C, 0x6F, 0x6E, 0x67, 0x6D, 0x61, 0x72,
        0x6B, 0x68, 0x61, 0x6C, 0x66, 0x77, 0x69, 0x64, 0x74, 0x68, 0x6B, 0x61, 0x76, 0x65, 0x72, 0x74, 0x69, 0x63, 0x61, 0x6C, 0x73, 0x74, 0x72, 0x6F,
        0x6B, 0x65, 0x63, 0x79, 0x72, 0x69, 0x6C, 0x6C, 0x69, 0x63, 0x6B, 0x62, 0x6F, 0x70, 0x6F, 0x6D, 0x6F, 0x66, 0x6F, 0x6B, 0x63, 0x61, 0x6C, 0x73,
        0x71, 0x75, 0x61, 0x72, 0x65, 0x6B, 0x63, 0x61, 0x72, 0x6F, 0x6E, 0x6B, 0x63, 0x65, 0x64, 0x69, 0x6C, 0x6C, 0x61, 0x6B, 0x63, 0x69, 0x72, 0x63,
        0x6C, 0x65, 0x6B, 0x63, 0x6F, 0x6D, 0x6D, 0x61, 0x61, 0x63, 0x63, 0x65, 0x6E, 0x74, 0x6B, 0x64, 0x6F, 0x74, 0x62, 0x65, 0x6C, 0x6F, 0x77, 0x6B,
        0x65, 0x68, 0x61, 0x72, 0x6D, 0x65, 0x6E, 0x69, 0x61, 0x6E, 0x6B, 0x65, 0x68, 0x69, 0x72, 0x61, 0x67, 0x61, 0x6E, 0x61, 0x6B, 0x65, 0x6B, 0x61,
        0x74, 0x61, 0x6B, 0x61, 0x6E, 0x61, 0x6B, 0x65, 0x6B, 0x61, 0x74, 0x61, 0x6B, 0x61, 0x6E, 0x61, 0x68, 0x61, 0x6C, 0x66, 0x77, 0x69, 0x64, 0x74,
        0x68, 0x6B, 0x65, 0x6E, 0x61, 0x72, 0x6D, 0x65, 0x6E, 0x69, 0x61, 0x6E, 0x6B, 0x65, 0x73, 0x6D, 0x61, 0x6C, 0x6C, 0x6B, 0x61, 0x74, 0x61, 0x6B,
        0x61, 0x6E, 0x61, 0x6B, 0x67, 0x72, 0x65, 0x65, 0x6E, 0x6C, 0x61, 0x6E, 0x64, 0x69, 0x63, 0x6B, 0x68, 0x61, 0x62, 0x65, 0x6E, 0x67, 0x61, 0x6C,
        0x69, 0x6B, 0x68, 0x61, 0x63, 0x79, 0x72, 0x69, 0x6C, 0x6C, 0x69, 0x63, 0x6B, 0x68, 0x61, 0x64, 0x65, 0x76, 0x61, 0x6B, 0x68, 0x61, 0x67, 0x75,
        0x6A, 0x61, 0x72, 0x61, 0x74, 0x69, 0x6B, 0x68, 0x61, 0x67, 0x75, 0x72, 0x6D, 0x75, 0x6B, 0x68, 0x69, 0x6B, 0x68, 0x61, 0x68, 0x61, 0x72, 0x61,
        0x62, 0x69, 0x63, 0x6B, 0x68, 0x61, 0x68, 0x66, 0x69, 0x6E, 0x61, 0x6C, 0x61, 0x72, 0x61, 0x62, 0x69, 0x63, 0x6B, 0x68, 0x61, 0x68, 0x69, 0x6E,
        0x69, 0x74, 0x69, 0x61, 0x6C, 0x61, 0x72, 0x61, 0x62, 0x69, 0x63, 0x6B, 0x68, 0x61, 0x68, 0x6D, 0x65, 0x64, 0x69, 0x61, 0x6C, 0x61, 0x72, 0x61,
        0x62, 0x69, 0x63, 0x6B, 0x68, 0x65, 0x69, 0x63, 0x6F, 0x70, 0x74, 0x69, 0x63, 0x6B, 0x68, 0x68, 0x61, 0x64, 0x65, 0x76, 0x61, 0x6B, 0x68, 0x68,
        0x61, 0x67, 0x75, 0x72, 0x6D, 0x75, 0x6B, 0x68, 0x69, 0x6B, 0x68, 0x69, 0x65, 0x75, 0x6B, 0x68, 0x61, 0x63, 0x69, 0x72, 0x63, 0x6C, 0x65, 0x6B,
        0x6F, 0x72, 0x65, 0x61, 0x6E, 0x6B, 0x68, 0x69, 0x65, 0x75, 0x6B, 0x68, 0x61, 0x70, 0x61, 0x72, 0x65, 0x6E, 0x6B, 0x6F, 0x72, 0x65, 0x61, 0x6E,
        0x6B, 0x68, 0x69, 0x65, 0x75, 0x6B, 0x68, 0x63, 0x69, 0x72, 0x63, 0x6C, 0x65, 0x6B, 0x6F, 0x72, 0x65, 0x61, 0x6E, 0x6B, 0x68, 0x69, 0x65, 0x75,
        0x6B, 0x68, 0x6B, 0x6F, 0x72, 0x65, 0x61, 0x6E, 0x6B, 0x68, 0x69, 0x65, 0x75, 0x6B, 0x68, 0x70, 0x61, 0x72, 0x65, 0x6E, 0x6B, 0x6F, 0x72, 0x65,
        0x61, 0x6E, 0x6B, 0x68, 0x6F, 0x6B, 0x68, 0x61, 0x69, 0x74, 0x68, 0x61, 0x69, 0x6B, 0x68, 0x6F, 0x6B, 0x68, 0x6F, 0x6E, 0x74, 0x68, 0x61, 0x69,
        0x6B, 0x68, 0x6F, 0x6B, 0x68, 0x75, 0x61, 0x74, 0x74, 0x68, 0x61, 0x69, 0x6B, 0x68, 0x6F, 0x6B, 0x68, 0x77, 0x61, 0x69, 0x74, 0x68, 0x61, 0x69,
        0x6B, 0x68, 0x6F, 0x6D, 0x75, 0x74, 0x74, 0x68, 0x61, 0x69, 0x6B, 0x68, 0x6F, 0x6F, 0x6B, 0x6B, 0x68, 0x6F, 0x72, 0x61, 0x6B, 0x68, 0x61, 0x6E,
        0x67, 0x74, 0x68, 0x61, 0x69, 0x6B, 0x68, 0x7A, 0x73, 0x71, 0x75, 0x61, 0x72, 0x65, 0x6B, 0x69, 0x68, 0x69, 0x72, 0x61, 0x67, 0x61, 0x6E, 0x61,
        0x6B, 0x69, 0x6B, 0x61, 0x74, 0x61, 0x6B, 0x61, 0x6E, 0x61, 0x6B, 0x69, 0x6B, 0x61, 0x74, 0x61, 0x6B, 0x61, 0x6E, 0x61, 0x68, 0x61, 0x6C, 0x66,
        0x77, 0x69, 0x64, 0x74, 0x68, 0x6B, 0x69, 0x72, 0x6F, 0x67, 0x75, 0x72, 0x61, 0x6D, 0x75, 0x73, 0x71, 0x75, 0x61, 0x72, 0x65, 0x6B, 0x69, 0x72,
        0x6F, 0x6D, 0x65, 0x65, 0x74, 0x6F, 0x72, 0x75, 0x73, 0x71, 0x75, 0x61, 0x72, 0x65, 0x6B, 0x69, 0x72, 0x6F, 0x73, 0x71, 0x75, 0x61, 0x72, 0x65,
        0x6B, 0x69, 0x79, 0x65, 0x6F, 0x6B, 0x61, 0x63, 0x69, 0x72, 0x63, 0x6C, 0x65, 0x6B, 0x6F, 0x72, 0x65, 0x61, 0x6E, 0x6B, 0x69, 0x79, 0x65, 0x6F,
        0x6B, 0x61, 0x70, 0x61, 0x72, 0x65, 0x6E, 0x6B, 0x6F, 0x72, 0x65, 0x61, 0x6E, 0x6B, 0x69, 0x79, 0x65, 0x6F, 0x6B, 0x63, 0x69, 0x72, 0x63, 0x6C,
        0x65, 0x6B, 0x6F, 0x72, 0x65, 0x61, 0x6E, 0x6B, 0x69, 0x79, 0x65, 0x6F, 0x6B, 0x6B, 0x6F, 0x72, 0x65, 0x61, 0x6E, 0x6B, 0x69, 0x79, 0x65, 0x6F,
        0x6B, 0x70, 0x61, 0x72, 0x65, 0x6E, 0x6B, 0x6F, 0x72, 0x65, 0x61, 0x6E, 0x6B, 0x69, 0x79, 0x65, 0x6F, 0x6B, 0x73, 0x69, 0x6F, 0x73, 0x6B, 0x6F,
        0x72, 0x65, 0x61, 0x6E, 0x6B, 0x6A, 0x65, 0x63, 0x79, 0x72, 0x69, 0x6C, 0x6C, 0x69, 0x63, 0x6B, 0x6C, 0x69, 0x6E, 0x65, 0x62, 0x65, 0x6C, 0x6F,
        0x77, 0x6B, 0x6C, 0x73, 0x71, 0x75, 0x61, 0x72, 0x65, 0x6B, 0x6D, 0x63, 0x75, 0x62, 0x65, 0x64, 0x73, 0x71, 0x75, 0x61, 0x72, 0x65, 0x6B, 0x6D,
        0x6F, 0x6E, 0x6F, 0x73, 0x70, 0x61, 0x63, 0x65, 0x6B, 0x6D, 0x73, 0x71, 0x75, 0x61, 0x72, 0x65, 0x64, 0x73, 0x71, 0x75, 0x61, 0x72, 0x65, 0x6B,
        0x6F, 0x68, 0x69, 0x72, 0x61, 0x67, 0x61, 0x6E, 0x61, 0x6B, 0x6F, 0x68, 0x6D, 0x73, 0x71, 0x75, 0x61, 0x72, 0x65, 0x6B, 0x6F, 0x6B, 0x61, 0x69,
        0x74, 0x68, 0x61, 0x69, 0x6B, 0x6F, 0x6B, 0x61, 0x74, 0x61, 0x6B, 0x61, 0x6E, 0x61, 0x6B, 0x6F, 0x6B, 0x61, 0x74, 0x61, 0x6B, 0x61, 0x6E, 0x61,
        0x68, 0x61, 0x6C, 0x66, 0x77, 0x69, 0x64, 0x74, 0x68, 0x6B, 0x6F, 0x6F, 0x70, 0x6F, 0x73, 0x71, 0x75, 0x61, 0x72, 0x65, 0x6B, 0x6F, 0x70, 0x70,
        0x61, 0x63, 0x79, 0x72, 0x69, 0x6C, 0x6C, 0x69, 0x63, 0x6B, 0x6F, 0x72, 0x65, 0x61, 0x6E, 0x73, 0x74, 0x61, 0x6E, 0x64, 0x61, 0x72, 0x64, 0x73,
        0x79, 0x6D, 0x62, 0x6F, 0x6C, 0x6B, 0x6F, 0x72, 0x6F, 0x6E, 0x69, 0x73, 0x63, 0x6D, 0x62, 0x6B, 0x70, 0x61, 0x72, 0x65, 0x6E, 0x6B, 0x70, 0x61,
        0x73, 0x71, 0x75, 0x61, 0x72, 0x65, 0x6B, 0x73, 0x69, 0x63, 0x79, 0x72, 0x69, 0x6C, 0x6C, 0x69, 0x63, 0x6B, 0x74, 0x73, 0x71, 0x75, 0x61, 0x72,
        0x65, 0x6B, 0x74, 0x75, 0x72, 0x6E, 0x65, 0x64, 0x6B, 0x75, 0x68, 0x69, 0x72, 0x61, 0x67, 0x61, 0x6E, 0x61, 0x6B, 0x75, 0x6B, 0x61, 0x74, 0x61,
        0x6B, 0x61, 0x6E, 0x61, 0x6B, 0x75, 0x6B, 0x61, 0x74, 0x61, 0x6B, 0x61, 0x6E, 0x61, 0x68, 0x61, 0x6C, 0x66, 0x77, 0x69, 0x64, 0x74, 0x68, 0x6B,
        0x76, 0x73, 0x71, 0x75, 0x61, 0x72, 0x65, 0x6B, 0x77, 0x73, 0x71, 0x75, 0x61, 0x72, 0x65, 0x6C, 0x6C, 0x61, 0x62, 0x65, 0x6E, 0x67, 0x61, 0x6C,
        0x69, 0x6C, 0x61, 0x63, 0x75, 0x74, 0x65, 0x6C, 0x61, 0x64, 0x65, 0x76, 0x61, 0x6C, 0x61, 0x67, 0x75, 0x6A, 0x61, 0x72, 0x61, 0x74, 0x69, 0x6C,
        0x61, 0x67, 0x75, 0x72, 0x6D, 0x75, 0x6B, 0x68, 0x69, 0x6C, 0x61, 0x6B, 0x6B, 0x68, 0x61, 0x6E, 0x67, 0x79, 0x61, 0x6F, 0x74, 0x68, 0x61, 0x69,
        0x6C, 0x61, 0x6D, 0x61, 0x6C, 0x65, 0x66, 0x66, 0x69, 0x6E, 0x61, 0x6C, 0x61, 0x72, 0x61, 0x62, 0x69, 0x63, 0x6C, 0x61, 0x6D, 0x61, 0x6C, 0x65,
        0x66, 0x68, 0x61, 0x6D, 0x7A, 0x61, 0x61, 0x62, 0x6F, 0x76, 0x65, 0x66, 0x69, 0x6E, 0x61, 0x6C, 0x61, 0x72, 0x61, 0x62, 0x69, 0x63, 0x6C, 0x61,
        0x6D, 0x61, 0x6C, 0x65, 0x66, 0x68, 0x61, 0x6D, 0x7A, 0x61, 0x61, 0x62, 0x6F, 0x76, 0x65, 0x69, 0x73, 0x6F, 0x6C, 0x61, 0x74, 0x65, 0x64, 0x61,
        0x72, 0x61, 0x62, 0x69, 0x63, 0x6C, 0x61, 0x6D, 0x61, 0x6C, 0x65, 0x66, 0x68, 0x61, 0x6D, 0x7A, 0x61, 0x62, 0x65, 0x6C, 0x6F, 0x77, 0x66, 0x69,
        0x6E, 0x61, 0x6C, 0x61, 0x72, 0x61, 0x62, 0x69, 0x63, 0x6C, 0x61, 0x6D, 0x61, 0x6C, 0x65, 0x66, 0x68, 0x61, 0x6D, 0x7A, 0x61, 0x62, 0x65, 0x6C,
        0x6F, 0x77, 0x69, 0x73, 0x6F, 0x6C, 0x61, 0x74, 0x65, 0x64, 0x61, 0x72, 0x61, 0x62, 0x69, 0x63, 0x6C, 0x61, 0x6D, 0x61, 0x6C, 0x65, 0x66, 0x69,
        0x73, 0x6F, 0x6C, 0x61, 0x74, 0x65, 0x64, 0x61, 0x72, 0x61, 0x62, 0x69, 0x63, 0x6C, 0x61, 0x6D, 0x61, 0x6C, 0x65, 0x66, 0x6D, 0x61, 0x64, 0x64,
        0x61, 0x61, 0x62, 0x6F, 0x76, 0x65, 0x66, 0x69, 0x6E, 0x61, 0x6C, 0x61, 0x72, 0x61, 0x62, 0x69, 0x63, 0x6C, 0x61, 0x6D, 0x61, 0x6C, 0x65, 0x66,
        0x6D, 0x61, 0x64, 0x64, 0x61, 0x61, 0x62, 0x6F, 0x76, 0x65, 0x69, 0x73, 0x6F, 0x6C, 0x61, 0x74, 0x65, 0x64, 0x61, 0x72, 0x61, 0x62, 0x69, 0x63,
        0x6C, 0x61, 0x6D, 0x61, 0x72, 0x61, 0x62, 0x69, 0x63, 0x6C, 0x61, 0x6D, 0x62, 0x64, 0x61, 0x6C, 0x61, 0x6D, 0x62, 0x64, 0x61, 0x73, 0x74, 0x72,
        0x6F, 0x6B, 0x65, 0x6C, 0x61, 0x6D, 0x65, 0x64, 0x6C, 0x61, 0x6D, 0x65, 0x64, 0x64, 0x61, 0x67, 0x65, 0x73, 0x68, 0x6C, 0x61, 0x6D, 0x65, 0x64,
        0x64, 0x61, 0x67, 0x65, 0x73, 0x68, 0x68, 0x65, 0x62, 0x72, 0x65, 0x77, 0x6C, 0x61, 0x6D, 0x65, 0x64, 0x68, 0x65, 0x62, 0x72, 0x65, 0x77, 0x6C,
        0x61, 0x6D, 0x65, 0x64, 0x68, 0x6F, 0x6C, 0x61, 0x6D, 0x6C, 0x61, 0x6D, 0x65, 0x64, 0x68, 0x6F, 0x6C, 0x61, 0x6D, 0x64, 0x61, 0x67, 0x65, 0x73,
        0x68, 0x6C, 0x61, 0x6D, 0x65, 0x64, 0x68, 0x6F, 0x6C, 0x61, 0x6D, 0x64, 0x61, 0x67, 0x65, 0x73, 0x68, 0x68, 0x65, 0x62, 0x72, 0x65, 0x77, 0x6C,
        0x61, 0x6D, 0x65, 0x64, 0x68, 0x6F, 0x6C, 0x61, 0x6D, 0x68, 0x65, 0x62, 0x72, 0x65, 0x77, 0x6C, 0x61, 0x6D, 0x66, 0x69, 0x6E, 0x61, 0x6C, 0x61,
        0x72, 0x61, 0x62, 0x69, 0x63, 0x6C, 0x61, 0x6D, 0x68, 0x61, 0x68, 0x69, 0x6E, 0x69, 0x74, 0x69, 0x61, 0x6C, 0x61, 0x72, 0x61, 0x62, 0x69, 0x63,
        0x6C, 0x61, 0x6D, 0x69, 0x6E, 0x69, 0x74, 0x69, 0x61, 0x6C, 0x61, 0x72, 0x61, 0x62, 0x69, 0x63, 0x6C, 0x61, 0x6D, 0x6A, 0x65, 0x65, 0x6D, 0x69,
        0x6E, 0x69, 0x74, 0x69, 0x61, 0x6C, 0x61, 0x72, 0x61, 0x62, 0x69, 0x63, 0x6C, 0x61, 0x6D, 0x6B, 0x68, 0x61, 0x68, 0x69, 0x6E, 0x69, 0x74, 0x69,
        0x61, 0x6C, 0x61, 0x72, 0x61, 0x62, 0x69, 0x63, 0x6C, 0x61, 0x6D, 0x6C, 0x61, 0x6D, 0x68, 0x65, 0x68, 0x69, 0x73, 0x6F, 0x6C, 0x61, 0x74, 0x65,
        0x64, 0x61, 0x72, 0x61, 0x62, 0x69, 0x63, 0x6C, 0x61, 0x6D, 0x6D, 0x65, 0x64, 0x69, 0x61, 0x6C, 0x61, 0x72, 0x61, 0x62, 0x69, 0x63, 0x6C, 0x61,
        0x6D, 0x6D, 0x65, 0x65, 0x6D, 0x68, 0x61, 0x68, 0x69, 0x6E, 0x69, 0x74, 0x69, 0x61, 0x6C, 0x61, 0x72, 0x61, 0x62, 0x69, 0x63, 0x6C, 0x61, 0x6D,
        0x6D, 0x65, 0x65, 0x6D, 0x69, 0x6E, 0x69, 0x74, 0x69, 0x61, 0x6C, 0x61, 0x72, 0x61, 0x62, 0x69, 0x63, 0x6C, 0x61, 0x6D, 0x6D, 0x65, 0x65, 0x6D,
        0x6A, 0x65, 0x65, 0x6D, 0x69, 0x6E, 0x69, 0x74, 0x69, 0x61, 0x6C, 0x61, 0x72, 0x61, 0x62, 0x69, 0x63, 0x6C, 0x61, 0x6D, 0x6D, 0x65, 0x65, 0x6D,
        0x6B, 0x68, 0x61, 0x68, 0x69, 0x6E, 0x69, 0x74, 0x69, 0x61, 0x6C, 0x61, 0x72, 0x61, 0x62, 0x69, 0x63, 0x6C, 0x61, 0x72, 0x67, 0x65, 0x63, 0x69,
        0x72, 0x63, 0x6C, 0x65, 0x6C, 0x62, 0x61, 0x72, 0x6C, 0x62, 0x65, 0x6C, 0x74, 0x6C, 0x62, 0x6F, 0x70, 0x6F, 0x6D, 0x6F, 0x66, 0x6F, 0x6C, 0x63,
        0x61, 0x72, 0x6F, 0x6E, 0x6C, 0x63, 0x65, 0x64, 0x69, 0x6C, 0x6C, 0x61, 0x6C, 0x63, 0x69, 0x72, 0x63, 0x6C, 0x65, 0x6C, 0x63, 0x69, 0x72, 0x63,
        0x75, 0x6D, 0x66, 0x6C, 0x65, 0x78, 0x62, 0x65, 0x6C, 0x6F, 0x77, 0x6C, 0x63, 0x6F, 0x6D, 0x6D, 0x61, 0x61, 0x63, 0x63, 0x65, 0x6E, 0x74, 0x6C,
        0x64, 0x6F, 0x74, 0x6C, 0x64, 0x6F, 0x74, 0x61, 0x63, 0x63, 0x65, 0x6E, 0x74, 0x6C, 0x64, 0x6F, 0x74, 0x62, 0x65, 0x6C, 0x6F, 0x77, 0x6C, 0x64,
        0x6F, 0x74, 0x62, 0x65, 0x6C, 0x6F, 0x77, 0x6D, 0x61, 0x63, 0x72, 0x6F, 0x6E, 0x6C, 0x65, 0x66, 0x74, 0x61, 0x6E, 0x67, 0x6C, 0x65, 0x61, 0x62,
        0x6F, 0x76, 0x65, 0x63, 0x6D, 0x62, 0x6C, 0x65, 0x66, 0x74, 0x74, 0x61, 0x63, 0x6B, 0x62, 0x65, 0x6C, 0x6F, 0x77, 0x63, 0x6D, 0x62, 0x6C, 0x65,
        0x73, 0x73, 0x6C, 0x65, 0x73, 0x73, 0x65, 0x71, 0x75, 0x61, 0x6C, 0x6C, 0x65, 0x73, 0x73, 0x65, 0x71, 0x75, 0x61, 0x6C, 0x6F, 0x72, 0x67, 0x72,
        0x65, 0x61, 0x74, 0x65, 0x72, 0x6C, 0x65, 0x73, 0x73, 0x6D, 0x6F, 0x6E, 0x6F, 0x73, 0x70, 0x61, 0x63, 0x65, 0x6C, 0x65, 0x73, 0x73, 0x6F, 0x72,
        0x65, 0x71, 0x75, 0x69, 0x76, 0x61, 0x6C, 0x65, 0x6E, 0x74, 0x6C, 0x65, 0x73, 0x73, 0x6F, 0x72, 0x67, 0x72, 0x65, 0x61, 0x74, 0x65, 0x72, 0x6C,
        0x65, 0x73, 0x73, 0x6F, 0x76, 0x65, 0x72, 0x65, 0x71, 0x75, 0x61, 0x6C, 0x6C, 0x65, 0x73, 0x73, 0x73, 0x6D, 0x61, 0x6C, 0x6C, 0x6C, 0x65, 0x7A,
        0x68, 0x6C, 0x66, 0x62, 0x6C, 0x6F, 0x63, 0x6B, 0x6C, 0x68, 0x6F, 0x6F, 0x6B, 0x72, 0x65, 0x74, 0x72, 0x6F, 0x66, 0x6C, 0x65, 0x78, 0x6C, 0x69,
        0x72, 0x61, 0x6C, 0x69, 0x77, 0x6E, 0x61, 0x72, 0x6D, 0x65, 0x6E, 0x69, 0x61, 0x6E, 0x6C, 0x6A, 0x6C, 0x6A, 0x65, 0x63, 0x79, 0x72, 0x69, 0x6C,
        0x6C, 0x69, 0x63, 0x6C, 0x6C, 0x6C, 0x6C, 0x61, 0x64, 0x65, 0x76, 0x61, 0x6C, 0x6C, 0x61, 0x67, 0x75, 0x6A, 0x61, 0x72, 0x61, 0x74, 0x69, 0x6C,
        0x6C, 0x69, 0x6E, 0x65, 0x62, 0x65, 0x6C, 0x6F, 0x77, 0x6C, 0x6C, 0x6C, 0x61, 0x64, 0x65, 0x76, 0x61, 0x6C, 0x6C, 0x76, 0x6F, 0x63, 0x61, 0x6C,
        0x69, 0x63, 0x62, 0x65, 0x6E, 0x67, 0x61, 0x6C, 0x69, 0x6C, 0x6C, 0x76, 0x6F, 0x63, 0x61, 0x6C, 0x69, 0x63, 0x64, 0x65, 0x76, 0x61, 0x6C, 0x6C,
        0x76, 0x6F, 0x63, 0x61, 0x6C, 0x69, 0x63, 0x76, 0x6F, 0x77, 0x65, 0x6C, 0x73, 0x69, 0x67, 0x6E, 0x62, 0x65, 0x6E, 0x67, 0x61, 0x6C, 0x69, 0x6C,
        0x6C, 0x76, 0x6F, 0x63, 0x61, 0x6C, 0x69, 0x63, 0x76, 0x6F, 0x77, 0x65, 0x6C, 0x73, 0x69, 0x67, 0x6E, 0x64, 0x65, 0x76, 0x61, 0x6C, 0x6D, 0x69,
        0x64, 0x64, 0x6C, 0x65, 0x74, 0x69, 0x6C, 0x64, 0x65, 0x6C, 0x6D, 0x6F, 0x6E, 0x6F, 0x73, 0x70, 0x61, 0x63, 0x65, 0x6C, 0x6D, 0x73, 0x71, 0x75,
        0x61, 0x72, 0x65, 0x6C, 0x6F, 0x63, 0x68, 0x75, 0x6C, 0x61, 0x74, 0x68, 0x61, 0x69, 0x6C, 0x6F, 0x67, 0x69, 0x63, 0x61, 0x6C, 0x61, 0x6E, 0x64,
        0x6C, 0x6F, 0x67, 0x69, 0x63, 0x61, 0x6C, 0x6E, 0x6F, 0x74, 0x6C, 0x6F, 0x67, 0x69, 0x63, 0x61, 0x6C, 0x6E, 0x6F, 0x74, 0x72, 0x65, 0x76, 0x65,
        0x72, 0x73, 0x65, 0x64, 0x6C, 0x6F, 0x67, 0x69, 0x63, 0x61, 0x6C, 0x6F, 0x72, 0x6C, 0x6F, 0x6C, 0x69, 0x6E, 0x67, 0x74, 0x68, 0x61, 0x69, 0x6C,
        0x6F, 0x6E, 0x67, 0x73, 0x6C, 0x6F, 0x77, 0x6C, 0x69, 0x6E, 0x65, 0x63, 0x65, 0x6E, 0x74, 0x65, 0x72, 0x6C, 0x69, 0x6E, 0x65, 0x6C, 0x6F, 0x77,
        0x6C, 0x69, 0x6E, 0x65, 0x63, 0x6D, 0x62, 0x6C, 0x6F, 0x77, 0x6C, 0x69, 0x6E, 0x65, 0x64, 0x61, 0x73, 0x68, 0x65, 0x64, 0x6C, 0x6F, 0x7A, 0x65,
        0x6E, 0x67, 0x65, 0x6C, 0x70, 0x61, 0x72, 0x65, 0x6E, 0x6C, 0x73, 0x6C, 0x61, 0x73, 0x68, 0x6C, 0x73, 0x71, 0x75, 0x61, 0x72, 0x65, 0x6C, 0x73,
        0x75, 0x70, 0x65, 0x72, 0x69, 0x6F, 0x72, 0x6C, 0x74, 0x73, 0x68, 0x61, 0x64, 0x65, 0x6C, 0x75, 0x74, 0x68, 0x61, 0x69, 0x6C, 0x76, 0x6F, 0x63,
        0x61, 0x6C, 0x69, 0x63, 0x62, 0x65, 0x6E, 0x67, 0x61, 0x6C, 0x69, 0x6C, 0x76, 0x6F, 0x63, 0x61, 0x6C, 0x69, 0x63, 0x64, 0x65, 0x76, 0x61, 0x6C,
        0x76, 0x6F, 0x63, 0x61, 0x6C, 0x69, 0x63, 0x76, 0x6F, 0x77, 0x65, 0x6C, 0x73, 0x69, 0x67, 0x6E, 0x62, 0x65, 0x6E, 0x67, 0x61, 0x6C, 0x69, 0x6C,
        0x76, 0x6F, 0x63, 0x61, 0x6C, 0x69, 0x63, 0x76, 0x6F, 0x77, 0x65, 0x6C, 0x73, 0x69, 0x67, 0x6E, 0x64, 0x65, 0x76, 0x61, 0x6C, 0x78, 0x73, 0x71,
        0x75, 0x61, 0x72, 0x65, 0x6D, 0x6D, 0x61, 0x62, 0x65, 0x6E, 0x67, 0x61, 0x6C, 0x69, 0x6D, 0x61, 0x63, 0x72, 0x6F, 0x6E, 0x6D, 0x61, 0x63, 0x72,
        0x6F, 0x6E, 0x62, 0x65, 0x6C, 0x6F, 0x77, 0x63, 0x6D, 0x62, 0x6D, 0x61, 0x63, 0x72, 0x6F, 0x6E, 0x63, 0x6D, 0x62, 0x6D, 0x61, 0x63, 0x72, 0x6F,
        0x6E, 0x6C, 0x6F, 0x77, 0x6D, 0x6F, 0x64, 0x6D, 0x61, 0x63, 0x72, 0x6F, 0x6E, 0x6D, 0x6F, 0x6E, 0x6F, 0x73, 0x70, 0x61, 0x63, 0x65, 0x6D, 0x61,
        0x63, 0x75, 0x74, 0x65, 0x6D, 0x61, 0x64, 0x65, 0x76, 0x61, 0x6D, 0x61, 0x67, 0x75, 0x6A, 0x61, 0x72, 0x61, 0x74, 0x69, 0x6D, 0x61, 0x67, 0x75,
        0x72, 0x6D, 0x75, 0x6B, 0x68, 0x69, 0x6D, 0x61, 0x68, 0x61, 0x70, 0x61, 0x6B, 0x68, 0x68, 0x65, 0x62, 0x72, 0x65, 0x77, 0x6D, 0x61, 0x68, 0x61,
        0x70, 0x61, 0x6B, 0x68, 0x6C, 0x65, 0x66, 0x74, 0x68, 0x65, 0x62, 0x72, 0x65, 0x77, 0x6D, 0x61, 0x68, 0x69, 0x72, 0x61, 0x67, 0x61, 0x6E, 0x61,
        0x6D, 0x61, 0x69, 0x63, 0x68, 0x61, 0x74, 0x74, 0x61, 0x77, 0x61, 0x6C, 0x6F, 0x77, 0x6C, 0x65, 0x66, 0x74, 0x74, 0x68, 0x61, 0x69, 0x6D, 0x61,
        0x69, 0x63, 0x68, 0x61, 0x74, 0x74, 0x61, 0x77, 0x61, 0x6C, 0x6F, 0x77, 0x72, 0x69, 0x67, 0x68, 0x74, 0x74, 0x68, 0x61, 0x69, 0x6D, 0x61, 0x69,
        0x63, 0x68, 0x61, 0x74, 0x74, 0x61, 0x77, 0x61, 0x74, 0x68, 0x61, 0x69, 0x6D, 0x61, 0x69, 0x63, 0x68, 0x61, 0x74, 0x74, 0x61, 0x77, 0x61, 0x75,
        0x70, 0x70, 0x65, 0x72, 0x6C, 0x65, 0x66, 0x74, 0x74, 0x68, 0x61, 0x69, 0x6D, 0x61, 0x69, 0x65, 0x6B, 0x6C, 0x6F, 0x77, 0x6C, 0x65, 0x66, 0x74,
        0x74, 0x68, 0x61, 0x69, 0x6D, 0x61, 0x69, 0x65, 0x6B, 0x6C, 0x6F, 0x77, 0x72, 0x69, 0x67, 0x68, 0x74, 0x74, 0x68, 0x61, 0x69, 0x6D, 0x61, 0x69,
        0x65, 0x6B, 0x74, 0x68, 0x61, 0x69, 0x6D, 0x61, 0x69, 0x65, 0x6B, 0x75, 0x70, 0x70, 0x65, 0x72, 0x6C, 0x65, 0x66, 0x74, 0x74, 0x68, 0x61, 0x69,
        0x6D, 0x61, 0x69, 0x68, 0x61, 0x6E, 0x61, 0x6B, 0x61, 0x74, 0x6C, 0x65, 0x66, 0x74, 0x74, 0x68, 0x61, 0x69, 0x6D, 0x61, 0x69, 0x68, 0x61, 0x6E,
        0x61, 0x6B, 0x61, 0x74, 0x74, 0x68, 0x61, 0x69, 0x6D, 0x61, 0x69, 0x74, 0x61, 0x69, 0x6B, 0x68, 0x75, 0x6C, 0x65, 0x66, 0x74, 0x74, 0x68, 0x61,
        0x69, 0x6D, 0x61, 0x69, 0x74, 0x61, 0x69, 0x6B, 0x68, 0x75, 0x74, 0x68, 0x61, 0x69, 0x6D, 0x61, 0x69, 0x74, 0x68, 0x6F, 0x6C, 0x6F, 0x77, 0x6C,
        0x65, 0x66, 0x74, 0x74, 0x68, 0x61, 0x69, 0x6D, 0x61, 0x69, 0x74, 0x68, 0x6F, 0x6C, 0x6F, 0x77, 0x72, 0x69, 0x67, 0x68, 0x74, 0x74, 0x68, 0x61,
        0x69, 0x6D, 0x61, 0x69, 0x74, 0x68, 0x6F, 0x74, 0x68, 0x61, 0x69, 0x6D, 0x61, 0x69, 0x74, 0x68, 0x6F, 0x75, 0x70, 0x70, 0x65, 0x72, 0x6C, 0x65,
        0x66, 0x74, 0x74, 0x68, 0x61, 0x69, 0x6D, 0x61, 0x69, 0x74, 0x72, 0x69, 0x6C, 0x6F, 0x77, 0x6C, 0x65, 0x66, 0x74, 0x74, 0x68, 0x61, 0x69, 0x6D,
        0x61, 0x69, 0x74, 0x72, 0x69, 0x6C, 0x6F, 0x77, 0x72, 0x69, 0x67, 0x68, 0x74, 0x74, 0x68, 0x61, 0x69, 0x6D, 0x61, 0x69, 0x74, 0x72, 0x69, 0x74,
        0x68, 0x61, 0x69, 0x6D, 0x61, 0x69, 0x74, 0x72, 0x69, 0x75, 0x70, 0x70, 0x65, 0x72, 0x6C, 0x65, 0x66, 0x74, 0x74, 0x68, 0x61, 0x69, 0x6D, 0x61,
        0x69, 0x79, 0x61, 0x6D, 0x6F, 0x6B, 0x74, 0x68, 0x61, 0x69, 0x6D, 0x61, 0x6B, 0x61, 0x74, 0x61, 0x6B, 0x61, 0x6E, 0x61, 0x6D, 0x61, 0x6B, 0x61,
        0x74, 0x61, 0x6B, 0x61, 0x6E, 0x61, 0x68, 0x61, 0x6C, 0x66, 0x77, 0x69, 0x64, 0x74, 0x68, 0x6D, 0x61, 0x6C, 0x65, 0x6D, 0x61, 0x6E, 0x73, 0x79,
        0x6F, 0x6E, 0x73, 0x71, 0x75, 0x61, 0x72, 0x65, 0x6D, 0x61, 0x71, 0x61, 0x66, 0x68, 0x65, 0x62, 0x72, 0x65, 0x77, 0x6D, 0x61, 0x72, 0x73, 0x6D,
        0x61, 0x73, 0x6F, 0x72, 0x61, 0x63, 0x69, 0x72, 0x63, 0x6C, 0x65, 0x68, 0x65, 0x62, 0x72, 0x65, 0x77, 0x6D, 0x61, 0x73, 0x71, 0x75, 0x61, 0x72,
        0x65, 0x6D, 0x62, 0x6F, 0x70, 0x6F, 0x6D, 0x6F, 0x66, 0x6F, 0x6D, 0x62, 0x73, 0x71, 0x75, 0x61, 0x72, 0x65, 0x6D, 0x63, 0x69, 0x72, 0x63, 0x6C,
        0x65, 0x6D, 0x63, 0x75, 0x62, 0x65, 0x64, 0x73, 0x71, 0x75, 0x61, 0x72, 0x65, 0x6D, 0x64, 0x6F, 0x74, 0x61, 0x63, 0x63, 0x65, 0x6E, 0x74, 0x6D,
        0x64, 0x6F, 0x74, 0x62, 0x65, 0x6C, 0x6F, 0x77, 0x6D, 0x65, 0x65, 0x6D, 0x61, 0x72, 0x61, 0x62, 0x69, 0x63, 0x6D, 0x65, 0x65, 0x6D, 0x66, 0x69,
        0x6E, 0x61, 0x6C, 0x61, 0x72, 0x61, 0x62, 0x69, 0x63, 0x6D, 0x65, 0x65, 0x6D, 0x69, 0x6E, 0x69, 0x74, 0x69, 0x61, 0x6C, 0x61, 0x72, 0x61, 0x62,
        0x69, 0x63, 0x6D, 0x65, 0x65, 0x6D, 0x6D, 0x65, 0x64, 0x69, 0x61, 0x6C, 0x61, 0x72, 0x61, 0x62, 0x69, 0x63, 0x6D, 0x65, 0x65, 0x6D, 0x6D, 0x65,
        0x65, 0x6D, 0x69, 0x6E, 0x69, 0x74, 0x69, 0x61, 0x6C, 0x61, 0x72, 0x61, 0x62, 0x69, 0x63, 0x6D, 0x65, 0x65, 0x6D, 0x6D, 0x65, 0x65, 0x6D, 0x69,
        0x73, 0x6F, 0x6C, 0x61, 0x74, 0x65, 0x64, 0x61, 0x72, 0x61, 0x62, 0x69, 0x63, 0x6D, 0x65, 0x65, 0x74, 0x6F, 0x72, 0x75, 0x73, 0x71, 0x75, 0x61,
        0x72, 0x65, 0x6D, 0x65, 0x68, 0x69, 0x72, 0x61, 0x67, 0x61, 0x6E, 0x61, 0x6D, 0x65, 0x69, 0x7A, 0x69, 0x65, 0x72, 0x61, 0x73, 0x71, 0x75, 0x61,
        0x72, 0x65, 0x6D, 0x65, 0x6B, 0x61, 0x74, 0x61, 0x6B, 0x61, 0x6E, 0x61, 0x6D, 0x65, 0x6B, 0x61, 0x74, 0x61, 0x6B, 0x61, 0x6E, 0x61, 0x68, 0x61,
        0x6C, 0x66, 0x77, 0x69, 0x64, 0x74, 0x68, 0x6D, 0x65, 0x6D, 0x6D, 0x65, 0x6D, 0x64, 0x61, 0x67, 0x65, 0x73, 0x68, 0x6D, 0x65, 0x6D, 0x64, 0x61,
        0x67, 0x65, 0x73, 0x68, 0x68, 0x65, 0x62, 0x72, 0x65, 0x77, 0x6D, 0x65, 0x6D, 0x68, 0x65, 0x62, 0x72, 0x65, 0x77, 0x6D, 0x65, 0x6E, 0x61, 0x72,
        0x6D, 0x65, 0x6E, 0x69, 0x61, 0x6E, 0x6D, 0x65, 0x72, 0x6B, 0x68, 0x61, 0x68, 0x65, 0x62, 0x72, 0x65, 0x77, 0x6D, 0x65, 0x72, 0x6B, 0x68, 0x61,
        0x6B, 0x65, 0x66, 0x75, 0x6C, 0x61, 0x68, 0x65, 0x62, 0x72, 0x65, 0x77, 0x6D, 0x65, 0x72, 0x6B, 0x68, 0x61, 0x6B, 0x65, 0x66, 0x75, 0x6C, 0x61,
        0x6C, 0x65, 0x66, 0x74, 0x68, 0x65, 0x62, 0x72, 0x65, 0x77, 0x6D, 0x65, 0x72, 0x6B, 0x68, 0x61, 0x6C, 0x65, 0x66, 0x74, 0x68, 0x65, 0x62, 0x72,
        0x65, 0x77, 0x6D, 0x68, 0x6F, 0x6F, 0x6B, 0x6D, 0x68, 0x7A, 0x73, 0x71, 0x75, 0x61, 0x72, 0x65, 0x6D, 0x69, 0x64, 0x64, 0x6C, 0x65, 0x64, 0x6F,
        0x74, 0x6B, 0x61, 0x74, 0x61, 0x6B, 0x61, 0x6E, 0x61, 0x68, 0x61, 0x6C, 0x66, 0x77, 0x69, 0x64, 0x74, 0x68, 0x6D, 0x69, 0x64, 0x64, 0x6F, 0x74,
        0x6D, 0x69, 0x65, 0x75, 0x6D, 0x61, 0x63, 0x69, 0x72, 0x63, 0x6C, 0x65, 0x6B, 0x6F, 0x72, 0x65, 0x61, 0x6E, 0x6D, 0x69, 0x65, 0x75, 0x6D, 0x61,
        0x70, 0x61, 0x72, 0x65, 0x6E, 0x6B, 0x6F, 0x72, 0x65, 0x61, 0x6E, 0x6D, 0x69, 0x65, 0x75, 0x6D, 0x63, 0x69, 0x72, 0x63, 0x6C, 0x65, 0x6B, 0x6F,
        0x72, 0x65, 0x61, 0x6E, 0x6D, 0x69, 0x65, 0x75, 0x6D, 0x6B, 0x6F, 0x72, 0x65, 0x61, 0x6E, 0x6D, 0x69, 0x65, 0x75, 0x6D, 0x70, 0x61, 0x6E, 0x73,
        0x69, 0x6F, 0x73, 0x6B, 0x6F, 0x72, 0x65, 0x61, 0x6E, 0x6D, 0x69, 0x65, 0x75, 0x6D, 0x70, 0x61, 0x72, 0x65, 0x6E, 0x6B, 0x6F, 0x72, 0x65, 0x61,
        0x6E, 0x6D, 0x69, 0x65, 0x75, 0x6D, 0x70, 0x69, 0x65, 0x75, 0x70, 0x6B, 0x6F, 0x72, 0x65, 0x61, 0x6E, 0x6D, 0x69, 0x65, 0x75, 0x6D, 0x73, 0x69,
        0x6F, 0x73, 0x6B, 0x6F, 0x72, 0x65, 0x61, 0x6E, 0x6D, 0x69, 0x68, 0x69, 0x72, 0x61, 0x67, 0x61, 0x6E, 0x61, 0x6D, 0x69, 0x6B, 0x61, 0x74, 0x61,
        0x6B, 0x61, 0x6E, 0x61, 0x6D, 0x69, 0x6B, 0x61, 0x74, 0x61, 0x6B, 0x61, 0x6E, 0x61, 0x68, 0x61, 0x6C, 0x66, 0x77, 0x69, 0x64, 0x74, 0x68, 0x6D,
        0x69, 0x6E, 0x75, 0x73, 0x6D, 0x69, 0x6E, 0x75, 0x73, 0x62, 0x65, 0x6C, 0x6F, 0x77, 0x63, 0x6D, 0x62, 0x6D, 0x69, 0x6E, 0x75, 0x73, 0x63, 0x69,
        0x72, 0x63, 0x6C, 0x65, 0x6D, 0x69, 0x6E, 0x75, 0x73, 0x6D, 0x6F, 0x64, 0x6D, 0x69, 0x6E, 0x75, 0x73, 0x70, 0x6C, 0x75, 0x73, 0x6D, 0x69, 0x6E,
        0x75, 0x74, 0x65, 0x6D, 0x69, 0x72, 0x69, 0x62, 0x61, 0x61, 0x72, 0x75, 0x73, 0x71, 0x75, 0x61, 0x72, 0x65, 0x6D, 0x69, 0x72, 0x69, 0x73, 0x71,
        0x75, 0x61, 0x72, 0x65, 0x6D, 0x6C, 0x6F, 0x6E, 0x67, 0x6C, 0x65, 0x67, 0x74, 0x75, 0x72, 0x6E, 0x65, 0x64, 0x6D, 0x6C, 0x73, 0x71, 0x75, 0x61,
        0x72, 0x65, 0x6D, 0x6D, 0x63, 0x75, 0x62, 0x65, 0x64, 0x73, 0x71, 0x75, 0x61, 0x72, 0x65, 0x6D, 0x6D, 0x6F, 0x6E, 0x6F, 0x73, 0x70, 0x61, 0x63,
        0x65, 0x6D, 0x6D, 0x73, 0x71, 0x75, 0x61, 0x72, 0x65, 0x64, 0x73, 0x71, 0x75, 0x61, 0x72, 0x65, 0x6D, 0x6F, 0x68, 0x69, 0x72, 0x61, 0x67, 0x61,
        0x6E, 0x61, 0x6D, 0x6F, 0x68, 0x6D, 0x73, 0x71, 0x75, 0x61, 0x72, 0x65, 0x6D, 0x6F, 0x6B, 0x61, 0x74, 0x61, 0x6B, 0x61, 0x6E, 0x61, 0x6D, 0x6F,
        0x6B, 0x61, 0x74, 0x61, 0x6B, 0x61, 0x6E, 0x61, 0x68, 0x61, 0x6C, 0x66, 0x77, 0x69, 0x64, 0x74, 0x68, 0x6D, 0x6F, 0x6C, 0x73, 0x71, 0x75, 0x61,
        0x72, 0x65, 0x6D, 0x6F, 0x6D, 0x61, 0x74, 0x68, 0x61, 0x69, 0x6D, 0x6F, 0x76, 0x65, 0x72, 0x73, 0x73, 0x71, 0x75, 0x61, 0x72, 0x65, 0x6D, 0x6F,
        0x76, 0x65, 0x72, 0x73, 0x73, 0x71, 0x75, 0x61, 0x72, 0x65, 0x64, 0x73, 0x71, 0x75, 0x61, 0x72, 0x65, 0x6D, 0x70, 0x61, 0x72, 0x65, 0x6E, 0x6D,
        0x70, 0x61, 0x73, 0x71, 0x75, 0x61, 0x72, 0x65, 0x6D, 0x73, 0x73, 0x71, 0x75, 0x61, 0x72, 0x65, 0x6D, 0x73, 0x75, 0x70, 0x65, 0x72, 0x69, 0x6F,
        0x72, 0x6D, 0x74, 0x75, 0x72, 0x6E, 0x65, 0x64, 0x6D, 0x75, 0x6D, 0x75, 0x31, 0x6D, 0x75, 0x61, 0x73, 0x71, 0x75, 0x61, 0x72, 0x65, 0x6D, 0x75,
        0x63, 0x68, 0x67, 0x72, 0x65, 0x61, 0x74, 0x65, 0x72, 0x6D, 0x75, 0x63, 0x68, 0x6C, 0x65, 0x73, 0x73, 0x6D, 0x75, 0x66, 0x73, 0x71, 0x75, 0x61,
        0x72, 0x65, 0x6D, 0x75, 0x67, 0x72, 0x65, 0x65, 0x6B, 0x6D, 0x75, 0x67, 0x73, 0x71, 0x75, 0x61, 0x72, 0x65, 0x6D, 0x75, 0x68, 0x69, 0x72, 0x61,
        0x67, 0x61, 0x6E, 0x61, 0x6D, 0x75, 0x6B, 0x61, 0x74, 0x61, 0x6B, 0x61, 0x6E, 0x61, 0x6D, 0x75, 0x6B, 0x61, 0x74, 0x61, 0x6B, 0x61, 0x6E, 0x61,
        0x68, 0x61, 0x6C, 0x66, 0x77, 0x69, 0x64, 0x74, 0x68, 0x6D, 0x75, 0x6C, 0x73, 0x71, 0x75, 0x61, 0x72, 0x65, 0x6D, 0x75, 0x6C, 0x74, 0x69, 0x70,
        0x6C, 0x79, 0x6D, 0x75, 0x6D, 0x73, 0x71, 0x75, 0x61, 0x72, 0x65, 0x6D, 0x75, 0x6E, 0x61, 0x68, 0x68, 0x65, 0x62, 0x72, 0x65, 0x77, 0x6D, 0x75,
        0x6E, 0x61, 0x68, 0x6C, 0x65, 0x66, 0x74, 0x68, 0x65, 0x62, 0x72, 0x65, 0x77, 0x6D, 0x75, 0x73, 0x69, 0x63, 0x61, 0x6C, 0x6E, 0x6F, 0x74, 0x65,
        0x6D, 0x75, 0x73, 0x69, 0x63, 0x61, 0x6C, 0x6E, 0x6F, 0x74, 0x65, 0x64, 0x62, 0x6C, 0x6D, 0x75, 0x73, 0x69, 0x63, 0x66, 0x6C, 0x61, 0x74, 0x73,
        0x69, 0x67, 0x6E, 0x6D, 0x75, 0x73, 0x69, 0x63, 0x73, 0x68, 0x61, 0x72, 0x70, 0x73, 0x69, 0x67, 0x6E, 0x6D, 0x75, 0x73, 0x73, 0x71, 0x75, 0x61,
        0x72, 0x65, 0x6D, 0x75, 0x76, 0x73, 0x71, 0x75, 0x61, 0x72, 0x65, 0x6D, 0x75, 0x77, 0x73, 0x71, 0x75, 0x61, 0x72, 0x65, 0x6D, 0x76, 0x6D, 0x65,
        0x67, 0x61, 0x73, 0x71, 0x75, 0x61, 0x72, 0x65, 0x6D, 0x76, 0x73, 0x71, 0x75, 0x61, 0x72, 0x65, 0x6D, 0x77, 0x6D, 0x65, 0x67, 0x61, 0x73, 0x71,
        0x75, 0x61, 0x72, 0x65, 0x6D, 0x77, 0x73, 0x71, 0x75, 0x61, 0x72, 0x65, 0x6E, 0x6E, 0x61, 0x62, 0x65, 0x6E, 0x67, 0x61, 0x6C, 0x69, 0x6E, 0x61,
        0x62, 0x6C, 0x61, 0x6E, 0x61, 0x63, 0x75, 0x74, 0x65, 0x6E, 0x61, 0x64, 0x65, 0x76, 0x61, 0x6E, 0x61, 0x67, 0x75, 0x6A, 0x61, 0x72, 0x61, 0x74,
        0x69, 0x6E, 0x61, 0x67, 0x75, 0x72, 0x6D, 0x75, 0x6B, 0x68, 0x69, 0x6E, 0x61, 0x68, 0x69, 0x72, 0x61, 0x67, 0x61, 0x6E, 0x61, 0x6E, 0x61, 0x6B,
        0x61, 0x74, 0x61, 0x6B, 0x61, 0x6E, 0x61, 0x6E, 0x61, 0x6B, 0x61, 0x74, 0x61, 0x6B, 0x61, 0x6E, 0x61, 0x68, 0x61, 0x6C, 0x66, 0x77, 0x69, 0x64,
        0x74, 0x68, 0x6E, 0x61, 0x70, 0x6F, 0x73, 0x74, 0x72, 0x6F, 0x70, 0x68, 0x65, 0x6E, 0x61, 0x73, 0x71, 0x75, 0x61, 0x72, 0x65, 0x6E, 0x62, 0x6F,
        0x70, 0x6F, 0x6D, 0x6F, 0x66, 0x6F, 0x6E, 0x62, 0x73, 0x70, 0x61, 0x63, 0x65, 0x6E, 0x63, 0x61, 0x72, 0x6F, 0x6E, 0x6E, 0x63, 0x65, 0x64, 0x69,
        0x6C, 0x6C, 0x61, 0x6E, 0x63, 0x69, 0x72, 0x63, 0x6C, 0x65, 0x6E, 0x63, 0x69, 0x72, 0x63, 0x75, 0x6D, 0x66, 0x6C, 0x65, 0x78, 0x62, 0x65, 0x6C,
        0x6F, 0x77, 0x6E, 0x63, 0x6F, 0x6D, 0x6D, 0x61, 0x61, 0x63, 0x63, 0x65, 0x6E, 0x74, 0x6E, 0x64, 0x6F, 0x74, 0x61, 0x63, 0x63, 0x65, 0x6E, 0x74,
        0x6E, 0x64, 0x6F, 0x74, 0x62, 0x65, 0x6C, 0x6F, 0x77, 0x6E, 0x65, 0x68, 0x69, 0x72, 0x61, 0x67, 0x61, 0x6E, 0x61, 0x6E, 0x65, 0x6B, 0x61, 0x74,
        0x61, 0x6B, 0x61, 0x6E, 0x61, 0x6E, 0x65, 0x6B, 0x61, 0x74, 0x61, 0x6B, 0x61, 0x6E, 0x61, 0x68, 0x61, 0x6C, 0x66, 0x77, 0x69, 0x64, 0x74, 0x68,
        0x6E, 0x65, 0x77, 0x73, 0x68, 0x65, 0x71, 0x65, 0x6C, 0x73, 0x69, 0x67, 0x6E, 0x6E, 0x66, 0x73, 0x71, 0x75, 0x61, 0x72, 0x65, 0x6E, 0x67, 0x61,
        0x62, 0x65, 0x6E, 0x67, 0x61, 0x6C, 0x69, 0x6E, 0x67, 0x61, 0x64, 0x65, 0x76, 0x61, 0x6E, 0x67, 0x61, 0x67, 0x75, 0x6A, 0x61, 0x72, 0x61, 0x74,
        0x69, 0x6E, 0x67, 0x61, 0x67, 0x75, 0x72, 0x6D, 0x75, 0x6B, 0x68, 0x69, 0x6E, 0x67, 0x6F, 0x6E, 0x67, 0x75, 0x74, 0x68, 0x61, 0x69, 0x6E, 0x68,
        0x69, 0x72, 0x61, 0x67, 0x61, 0x6E, 0x61, 0x6E, 0x68, 0x6F, 0x6F, 0x6B, 0x6C, 0x65, 0x66, 0x74, 0x6E, 0x68, 0x6F, 0x6F, 0x6B, 0x72, 0x65, 0x74,
        0x72, 0x6F, 0x66, 0x6C, 0x65, 0x78, 0x6E, 0x69, 0x65, 0x75, 0x6E, 0x61, 0x63, 0x69, 0x72, 0x63, 0x6C, 0x65, 0x6B, 0x6F, 0x72, 0x65, 0x61, 0x6E,
        0x6E, 0x69, 0x65, 0x75, 0x6E, 0x61, 0x70, 0x61, 0x72, 0x65, 0x6E, 0x6B, 0x6F, 0x72, 0x65, 0x61, 0x6E, 0x6E, 0x69, 0x65, 0x75, 0x6E, 0x63, 0x69,
        0x65, 0x75, 0x63, 0x6B, 0x6F, 0x72, 0x65, 0x61, 0x6E, 0x6E, 0x69, 0x65, 0x75, 0x6E, 0x63, 0x69, 0x72, 0x63, 0x6C, 0x65, 0x6B, 0x6F, 0x72, 0x65,
        0x61, 0x6E, 0x6E, 0x69, 0x65, 0x75, 0x6E, 0x68, 0x69, 0x65, 0x75, 0x68, 0x6B, 0x6F, 0x72, 0x65, 0x61, 0x6E, 0x6E, 0x69, 0x65, 0x75, 0x6E, 0x6B,
        0x6F, 0x72, 0x65, 0x61, 0x6E, 0x6E, 0x69, 0x65, 0x75, 0x6E, 0x70, 0x61, 0x6E, 0x73, 0x69, 0x6F, 0x73, 0x6B, 0x6F, 0x72, 0x65, 0x61, 0x6E, 0x6E,
        0x69, 0x65, 0x75, 0x6E, 0x70, 0x61, 0x72, 0x65, 0x6E, 0x6B, 0x6F, 0x72, 0x65, 0x61, 0x6E, 0x6E, 0x69, 0x65, 0x75, 0x6E, 0x73, 0x69, 0x6F, 0x73,
        0x6B, 0x6F, 0x72, 0x65, 0x61, 0x6E, 0x6E, 0x69, 0x65, 0x75, 0x6E, 0x74, 0x69, 0x6B, 0x65, 0x75, 0x74, 0x6B, 0x6F, 0x72, 0x65, 0x61, 0x6E, 0x6E,
        0x69, 0x68, 0x69, 0x72, 0x61, 0x67, 0x61, 0x6E, 0x61, 0x6E, 0x69, 0x6B, 0x61, 0x74, 0x61, 0x6B, 0x61, 0x6E, 0x61, 0x6E, 0x69, 0x6B, 0x61, 0x74,
        0x61, 0x6B, 0x61, 0x6E, 0x61, 0x68, 0x61, 0x6C, 0x66, 0x77, 0x69, 0x64, 0x74, 0x68, 0x6E, 0x69, 0x6B, 0x68, 0x61, 0x68, 0x69, 0x74, 0x6C, 0x65,
        0x66, 0x74, 0x74, 0x68, 0x61, 0x69, 0x6E, 0x69, 0x6B, 0x68, 0x61, 0x68, 0x69, 0x74, 0x74, 0x68, 0x61, 0x69, 0x6E, 0x69, 0x6E, 0x65, 0x6E, 0x69,
        0x6E, 0x65, 0x61, 0x72, 0x61, 0x62, 0x69, 0x63, 0x6E, 0x69, 0x6E, 0x65, 0x62, 0x65, 0x6E, 0x67, 0x61, 0x6C, 0x69, 0x6E, 0x69, 0x6E, 0x65, 0x63,
        0x69, 0x72, 0x63, 0x6C, 0x65, 0x6E, 0x69, 0x6E, 0x65, 0x63, 0x69, 0x72, 0x63, 0x6C, 0x65, 0x69, 0x6E, 0x76, 0x65, 0x72, 0x73, 0x65, 0x73, 0x61,
        0x6E, 0x73, 0x73, 0x65, 0x72, 0x69, 0x66, 0x6E, 0x69, 0x6E, 0x65, 0x64, 0x65, 0x76, 0x61, 0x6E, 0x69, 0x6E, 0x65, 0x67, 0x75, 0x6A, 0x61, 0x72,
        0x61, 0x74, 0x69, 0x6E, 0x69, 0x6E, 0x65, 0x67, 0x75, 0x72, 0x6D, 0x75, 0x6B, 0x68, 0x69, 0x6E, 0x69, 0x6E, 0x65, 0x68, 0x61, 0x63, 0x6B, 0x61,
        0x72, 0x61, 0x62, 0x69, 0x63, 0x6E, 0x69, 0x6E, 0x65, 0x68, 0x61, 0x6E, 0x67, 0x7A, 0x68, 0x6F, 0x75, 0x6E, 0x69, 0x6E, 0x65, 0x69, 0x64, 0x65,
        0x6F, 0x67, 0x72, 0x61, 0x70, 0x68, 0x69, 0x63, 0x70, 0x61, 0x72, 0x65, 0x6E, 0x6E, 0x69, 0x6E, 0x65, 0x69, 0x6E, 0x66, 0x65, 0x72, 0x69, 0x6F,
        0x72, 0x6E, 0x69, 0x6E, 0x65, 0x6D, 0x6F, 0x6E, 0x6F, 0x73, 0x70, 0x61, 0x63, 0x65, 0x6E, 0x69, 0x6E, 0x65, 0x6F, 0x6C, 0x64, 0x73, 0x74, 0x79,
        0x6C, 0x65, 0x6E, 0x69, 0x6E, 0x65, 0x70, 0x61, 0x72, 0x65, 0x6E, 0x6E, 0x69, 0x6E, 0x65, 0x70, 0x65, 0x72, 0x69, 0x6F, 0x64, 0x6E, 0x69, 0x6E,
        0x65, 0x70, 0x65, 0x72, 0x73, 0x69, 0x61, 0x6E, 0x6E, 0x69, 0x6E, 0x65, 0x72, 0x6F, 0x6D, 0x61, 0x6E, 0x6E, 0x69, 0x6E, 0x65, 0x73, 0x75, 0x70,
        0x65, 0x72, 0x69, 0x6F, 0x72, 0x6E, 0x69, 0x6E, 0x65, 0x74, 0x65, 0x65, 0x6E, 0x63, 0x69, 0x72, 0x63, 0x6C, 0x65, 0x6E, 0x69, 0x6E, 0x65, 0x74,
        0x65, 0x65, 0x6E, 0x70, 0x61, 0x72, 0x65, 0x6E, 0x6E, 0x69, 0x6E, 0x65, 0x74, 0x65, 0x65, 0x6E, 0x70, 0x65, 0x72, 0x69, 0x6F, 0x64, 0x6E, 0x69,
        0x6E, 0x65, 0x74, 0x68, 0x61, 0x69, 0x6E, 0x6A, 0x6E, 0x6A, 0x65, 0x63, 0x79, 0x72, 0x69, 0x6C, 0x6C, 0x69, 0x63, 0x6E, 0x6B, 0x61, 0x74, 0x61,
        0x6B, 0x61, 0x6E, 0x61, 0x6E, 0x6B, 0x61, 0x74, 0x61, 0x6B, 0x61, 0x6E, 0x61, 0x68, 0x61, 0x6C, 0x66, 0x77, 0x69, 0x64, 0x74, 0x68, 0x6E, 0x6C,
        0x65, 0x67, 0x72, 0x69, 0x67, 0x68, 0x74, 0x6C, 0x6F, 0x6E, 0x67, 0x6E, 0x6C, 0x69, 0x6E, 0x65, 0x62, 0x65, 0x6C, 0x6F, 0x77, 0x6E, 0x6D, 0x6F,
        0x6E, 0x6F, 0x73, 0x70, 0x61, 0x63, 0x65, 0x6E, 0x6D, 0x73, 0x71, 0x75, 0x61, 0x72, 0x65, 0x6E, 0x6E, 0x61, 0x62, 0x65, 0x6E, 0x67, 0x61, 0x6C,
        0x69, 0x6E, 0x6E, 0x61, 0x64, 0x65, 0x76, 0x61, 0x6E, 0x6E, 0x61, 0x67, 0x75, 0x6A, 0x61, 0x72, 0x61, 0x74, 0x69, 0x6E, 0x6E, 0x61, 0x67, 0x75,
        0x72, 0x6D, 0x75, 0x6B, 0x68, 0x69, 0x6E, 0x6E, 0x6E, 0x61, 0x64, 0x65, 0x76, 0x61, 0x6E, 0x6F, 0x68, 0x69, 0x72, 0x61, 0x67, 0x61, 0x6E, 0x61,
        0x6E, 0x6F, 0x6B, 0x61, 0x74, 0x61, 0x6B, 0x61, 0x6E, 0x61, 0x6E, 0x6F, 0x6B, 0x61, 0x74, 0x61, 0x6B, 0x61, 0x6E, 0x61, 0x68, 0x61, 0x6C, 0x66,
        0x77, 0x69, 0x64, 0x74, 0x68, 0x6E, 0x6F, 0x6E, 0x62, 0x72, 0x65, 0x61, 0x6B, 0x69, 0x6E, 0x67, 0x73, 0x70, 0x61, 0x63, 0x65, 0x6E, 0x6F, 0x6E,
        0x65, 0x6E, 0x74, 0x68, 0x61, 0x69, 0x6E, 0x6F, 0x6E, 0x6D, 0x61, 0x72, 0x6B, 0x69, 0x6E, 0x67, 0x72, 0x65, 0x74, 0x75, 0x72, 0x6E, 0x6E, 0x6F,
        0x6E, 0x75, 0x74, 0x68, 0x61, 0x69, 0x6E, 0x6F, 0x6F, 0x6E, 0x61, 0x72, 0x61, 0x62, 0x69, 0x63, 0x6E, 0x6F, 0x6F, 0x6E, 0x66, 0x69, 0x6E, 0x61,
        0x6C, 0x61, 0x72, 0x61, 0x62, 0x69, 0x63, 0x6E, 0x6F, 0x6F, 0x6E, 0x67, 0x68, 0x75, 0x6E, 0x6E, 0x61, 0x61, 0x72, 0x61, 0x62, 0x69, 0x63, 0x6E,
        0x6F, 0x6F, 0x6E, 0x67, 0x68, 0x75, 0x6E, 0x6E, 0x61, 0x66, 0x69, 0x6E, 0x61, 0x6C, 0x61, 0x72, 0x61, 0x62, 0x69, 0x63, 0x6E, 0x6F, 0x6F, 0x6E,
        0x68, 0x65, 0x68, 0x69, 0x6E, 0x69, 0x74, 0x69, 0x61, 0x6C, 0x61, 0x72, 0x61, 0x62, 0x69, 0x63, 0x6E, 0x6F, 0x6F, 0x6E, 0x69, 0x6E, 0x69, 0x74,
        0x69, 0x61, 0x6C, 0x61, 0x72, 0x61, 0x62, 0x69, 0x63, 0x6E, 0x6F, 0x6F, 0x6E, 0x6A, 0x65, 0x65, 0x6D, 0x69, 0x6E, 0x69, 0x74, 0x69, 0x61, 0x6C,
        0x61, 0x72, 0x61, 0x62, 0x69, 0x63, 0x6E, 0x6F, 0x6F, 0x6E, 0x6A, 0x65, 0x65, 0x6D, 0x69, 0x73, 0x6F, 0x6C, 0x61, 0x74, 0x65, 0x64, 0x61, 0x72,
        0x61, 0x62, 0x69, 0x63, 0x6E, 0x6F, 0x6F, 0x6E, 0x6D, 0x65, 0x64, 0x69, 0x61, 0x6C, 0x61, 0x72, 0x61, 0x62, 0x69, 0x63, 0x6E, 0x6F, 0x6F, 0x6E,
        0x6D, 0x65, 0x65, 0x6D, 0x69, 0x6E, 0x69, 0x74, 0x69, 0x61, 0x6C, 0x61, 0x72, 0x61, 0x62, 0x69, 0x63, 0x6E, 0x6F, 0x6F, 0x6E, 0x6D, 0x65, 0x65,
        0x6D, 0x69, 0x73, 0x6F, 0x6C, 0x61, 0x74, 0x65, 0x64, 0x61, 0x72, 0x61, 0x62, 0x69, 0x63, 0x6E, 0x6F, 0x6F, 0x6E, 0x6E, 0x6F, 0x6F, 0x6E, 0x66,
        0x69, 0x6E, 0x61, 0x6C, 0x61, 0x72, 0x61, 0x62, 0x69, 0x63, 0x6E, 0x6F, 0x74, 0x63, 0x6F, 0x6E, 0x74, 0x61, 0x69, 0x6E, 0x73, 0x6E, 0x6F, 0x74,
        0x65, 0x6C, 0x65, 0x6D, 0x65, 0x6E, 0x74, 0x6E, 0x6F, 0x74, 0x65, 0x6C, 0x65, 0x6D, 0x65, 0x6E, 0x74, 0x6F, 0x66, 0x6E, 0x6F, 0x74, 0x65, 0x71,
        0x75, 0x61, 0x6C, 0x6E, 0x6F, 0x74, 0x67, 0x72, 0x65, 0x61, 0x74, 0x65, 0x72, 0x6E, 0x6F, 0x74, 0x67, 0x72, 0x65, 0x61, 0x74, 0x65, 0x72, 0x6E,
        0x6F, 0x72, 0x65, 0x71, 0x75, 0x61, 0x6C, 0x6E, 0x6F, 0x74, 0x67, 0x72, 0x65, 0x61, 0x74, 0x65, 0x72, 0x6E, 0x6F, 0x72, 0x6C, 0x65, 0x73, 0x73,
        0x6E, 0x6F, 0x74, 0x69, 0x64, 0x65, 0x6E, 0x74, 0x69, 0x63, 0x61, 0x6C, 0x6E, 0x6F, 0x74, 0x6C, 0x65, 0x73, 0x73, 0x6E, 0x6F, 0x74, 0x6C, 0x65,
        0x73, 0x73, 0x6E, 0x6F, 0x72, 0x65, 0x71, 0x75, 0x61, 0x6C, 0x6E, 0x6F, 0x74, 0x70, 0x61, 0x72, 0x61, 0x6C, 0x6C, 0x65, 0x6C, 0x6E, 0x6F, 0x74,
        0x70, 0x72, 0x65, 0x63, 0x65, 0x64, 0x65, 0x73, 0x6E, 0x6F, 0x74, 0x73, 0x75, 0x62, 0x73, 0x65, 0x74, 0x6E, 0x6F, 0x74, 0x73, 0x75, 0x63, 0x63,
        0x65, 0x65, 0x64, 0x73, 0x6E, 0x6F, 0x74, 0x73, 0x75, 0x70, 0x65, 0x72, 0x73, 0x65, 0x74, 0x6E, 0x6F, 0x77, 0x61, 0x72, 0x6D, 0x65, 0x6E, 0x69,
        0x61, 0x6E, 0x6E, 0x70, 0x61, 0x72, 0x65, 0x6E, 0x6E, 0x73, 0x73, 0x71, 0x75, 0x61, 0x72, 0x65, 0x6E, 0x73, 0x75, 0x70, 0x65, 0x72, 0x69, 0x6F,
        0x72, 0x6E, 0x74, 0x69, 0x6C, 0x64, 0x65, 0x6E, 0x75, 0x6E, 0x75, 0x68, 0x69, 0x72, 0x61, 0x67, 0x61, 0x6E, 0x61, 0x6E, 0x75, 0x6B, 0x61, 0x74,
        0x61, 0x6B, 0x61, 0x6E, 0x61, 0x6E, 0x75, 0x6B, 0x61, 0x74, 0x61, 0x6B, 0x61, 0x6E, 0x61, 0x68, 0x61, 0x6C, 0x66, 0x77, 0x69, 0x64, 0x74, 0x68,
        0x6E, 0x75, 0x6B, 0x74, 0x61, 0x62, 0x65, 0x6E, 0x67, 0x61, 0x6C, 0x69, 0x6E, 0x75, 0x6B, 0x74, 0x61, 0x64, 0x65, 0x76, 0x61, 0x6E, 0x75, 0x6B,
        0x74, 0x61, 0x67, 0x75, 0x6A, 0x61, 0x72, 0x61, 0x74, 0x69, 0x6E, 0x75, 0x6B, 0x74, 0x61, 0x67, 0x75, 0x72, 0x6D, 0x75, 0x6B, 0x68, 0x69, 0x6E,
        0x75, 0x6D, 0x62, 0x65, 0x72, 0x73, 0x69, 0x67, 0x6E, 0x6E, 0x75, 0x6D, 0x62, 0x65, 0x72, 0x73, 0x69, 0x67, 0x6E, 0x6D, 0x6F, 0x6E, 0x6F, 0x73,
        0x70, 0x61, 0x63, 0x65, 0x6E, 0x75, 0x6D, 0x62, 0x65, 0x72, 0x73, 0x69, 0x67, 0x6E, 0x73, 0x6D, 0x61, 0x6C, 0x6C, 0x6E, 0x75, 0x6D, 0x65, 0x72,
        0x61, 0x6C, 0x73, 0x69, 0x67, 0x6E, 0x67, 0x72, 0x65, 0x65, 0x6B, 0x6E, 0x75, 0x6D, 0x65, 0x72, 0x61, 0x6C, 0x73, 0x69, 0x67, 0x6E, 0x6C, 0x6F,
        0x77, 0x65, 0x72, 0x67, 0x72, 0x65, 0x65, 0x6B, 0x6E, 0x75, 0x6D, 0x65, 0x72, 0x6F, 0x6E, 0x75, 0x6E, 0x6E, 0x75, 0x6E, 0x64, 0x61, 0x67, 0x65,
        0x73, 0x68, 0x6E, 0x75, 0x6E, 0x64, 0x61, 0x67, 0x65, 0x73, 0x68, 0x68, 0x65, 0x62, 0x72, 0x65, 0x77, 0x6E, 0x75, 0x6E, 0x68, 0x65, 0x62, 0x72,
        0x65, 0x77, 0x6E, 0x76, 0x73, 0x71, 0x75, 0x61, 0x72, 0x65, 0x6E, 0x77, 0x73, 0x71, 0x75, 0x61, 0x72, 0x65, 0x6E, 0x79, 0x61, 0x62, 0x65, 0x6E,
        0x67, 0x61, 0x6C, 0x69, 0x6E, 0x79, 0x61, 0x64, 0x65, 0x76, 0x61, 0x6E, 0x79, 0x61, 0x67, 0x75, 0x6A, 0x61, 0x72, 0x61, 0x74, 0x69, 0x6E, 0x79,
        0x61, 0x67, 0x75, 0x72, 0x6D, 0x75, 0x6B, 0x68, 0x69, 0x6F, 0x6F, 0x61, 0x63, 0x75, 0x74, 0x65, 0x6F, 0x61, 0x6E, 0x67, 0x74, 0x68, 0x61, 0x69,
        0x6F, 0x62, 0x61, 0x72, 0x72, 0x65, 0x64, 0x6F, 0x62, 0x61, 0x72, 0x72, 0x65, 0x64, 0x63, 0x79, 0x72, 0x69, 0x6C, 0x6C, 0x69, 0x63, 0x6F, 0x62,
        0x61, 0x72, 0x72, 0x65, 0x64, 0x64, 0x69, 0x65, 0x72, 0x65, 0x73, 0x69, 0x73, 0x63, 0x79, 0x72, 0x69, 0x6C, 0x6C, 0x69, 0x63, 0x6F, 0x62, 0x65,
        0x6E, 0x67, 0x61, 0x6C, 0x69, 0x6F, 0x62, 0x6F, 0x70, 0x6F, 0x6D, 0x6F, 0x66, 0x6F, 0x6F, 0x62, 0x72, 0x65, 0x76, 0x65, 0x6F, 0x63, 0x61, 0x6E,
        0x64, 0x72, 0x61, 0x64, 0x65, 0x76, 0x61, 0x6F, 0x63, 0x61, 0x6E, 0x64, 0x72, 0x61, 0x67, 0x75, 0x6A, 0x61, 0x72, 0x61, 0x74, 0x69, 0x6F, 0x63,
        0x61, 0x6E, 0x64, 0x72, 0x61, 0x76, 0x6F, 0x77, 0x65, 0x6C, 0x73, 0x69, 0x67, 0x6E, 0x64, 0x65, 0x76, 0x61, 0x6F, 0x63, 0x61, 0x6E, 0x64, 0x72,
        0x61, 0x76, 0x6F, 0x77, 0x65, 0x6C, 0x73, 0x69, 0x67, 0x6E, 0x67, 0x75, 0x6A, 0x61, 0x72, 0x61, 0x74, 0x69, 0x6F, 0x63, 0x61, 0x72, 0x6F, 0x6E,
        0x6F, 0x63, 0x69, 0x72, 0x63, 0x6C, 0x65, 0x6F, 0x63, 0x69, 0x72, 0x63, 0x75, 0x6D, 0x66, 0x6C, 0x65, 0x78, 0x6F, 0x63, 0x69, 0x72, 0x63, 0x75,
        0x6D, 0x66, 0x6C, 0x65, 0x78, 0x61, 0x63, 0x75, 0x74, 0x65, 0x6F, 0x63, 0x69, 0x72, 0x63, 0x75, 0x6D, 0x66, 0x6C, 0x65, 0x78, 0x64, 0x6F, 0x74,
        0x62, 0x65, 0x6C, 0x6F, 0x77, 0x6F, 0x63, 0x69, 0x72, 0x63, 0x75, 0x6D, 0x66, 0x6C, 0x65, 0x78, 0x67, 0x72, 0x61, 0x76, 0x65, 0x6F, 0x63, 0x69,
        0x72, 0x63, 0x75, 0x6D, 0x66, 0x6C, 0x65, 0x78, 0x68, 0x6F, 0x6F, 0x6B, 0x61, 0x62, 0x6F, 0x76, 0x65, 0x6F, 0x63, 0x69, 0x72, 0x63, 0x75, 0x6D,
        0x66, 0x6C, 0x65, 0x78, 0x74, 0x69, 0x6C, 0x64, 0x65, 0x6F, 0x63, 0x79, 0x72, 0x69, 0x6C, 0x6C, 0x69, 0x63, 0x6F, 0x64, 0x62, 0x6C, 0x61, 0x63,
        0x75, 0x74, 0x65, 0x6F, 0x64, 0x62, 0x6C, 0x67, 0x72, 0x61, 0x76, 0x65, 0x6F, 0x64, 0x65, 0x76, 0x61, 0x6F, 0x64, 0x69, 0x65, 0x72, 0x65, 0x73,
        0x69, 0x73, 0x6F, 0x64, 0x69, 0x65, 0x72, 0x65, 0x73, 0x69, 0x73, 0x63, 0x79, 0x72, 0x69, 0x6C, 0x6C, 0x69, 0x63, 0x6F, 0x64, 0x6F, 0x74, 0x62,
        0x65, 0x6C, 0x6F, 0x77, 0x6F, 0x65, 0x6F, 0x65, 0x6B, 0x6F, 0x72, 0x65, 0x61, 0x6E, 0x6F, 0x67, 0x6F, 0x6E, 0x65, 0x6B, 0x6F, 0x67, 0x6F, 0x6E,
        0x65, 0x6B, 0x63, 0x6D, 0x62, 0x6F, 0x67, 0x72, 0x61, 0x76, 0x65, 0x6F, 0x67, 0x75, 0x6A, 0x61, 0x72, 0x61, 0x74, 0x69, 0x6F, 0x68, 0x61, 0x72,
        0x6D, 0x65, 0x6E, 0x69, 0x61, 0x6E, 0x6F, 0x68, 0x69, 0x72, 0x61, 0x67, 0x61, 0x6E, 0x61, 0x6F, 0x68, 0x6F, 0x6F, 0x6B, 0x61, 0x62, 0x6F, 0x76,
        0x65, 0x6F, 0x68, 0x6F, 0x72, 0x6E, 0x6F, 0x68, 0x6F, 0x72, 0x6E, 0x61, 0x63, 0x75, 0x74, 0x65, 0x6F, 0x68, 0x6F, 0x72, 0x6E, 0x64, 0x6F, 0x74,
        0x62, 0x65, 0x6C, 0x6F, 0x77, 0x6F, 0x68, 0x6F, 0x72, 0x6E, 0x67, 0x72, 0x61, 0x76, 0x65, 0x6F, 0x68, 0x6F, 0x72, 0x6E, 0x68, 0x6F, 0x6F, 0x6B,
        0x61, 0x62, 0x6F, 0x76, 0x65, 0x6F, 0x68, 0x6F, 0x72, 0x6E, 0x74, 0x69, 0x6C, 0x64, 0x65, 0x6F, 0x68, 0x75, 0x6E, 0x67, 0x61, 0x72, 0x75, 0x6D,
        0x6C, 0x61, 0x75, 0x74, 0x6F, 0x69, 0x6F, 0x69, 0x6E, 0x76, 0x65, 0x72, 0x74, 0x65, 0x64, 0x62, 0x72, 0x65, 0x76, 0x65, 0x6F, 0x6B, 0x61, 0x74,
        0x61, 0x6B, 0x61, 0x6E, 0x61, 0x6F, 0x6B, 0x61, 0x74, 0x61, 0x6B, 0x61, 0x6E, 0x61, 0x68, 0x61, 0x6C, 0x66, 0x77, 0x69, 0x64, 0x74, 0x68, 0x6F,
        0x6B, 0x6F, 0x72, 0x65, 0x61, 0x6E, 0x6F, 0x6C, 0x65, 0x68, 0x65, 0x62, 0x72, 0x65, 0x77, 0x6F, 0x6D, 0x61, 0x63, 0x72, 0x6F, 0x6E, 0x6F, 0x6D,
        0x61, 0x63, 0x72, 0x6F, 0x6E, 0x61, 0x63, 0x75, 0x74, 0x65, 0x6F, 0x6D, 0x61, 0x63, 0x72, 0x6F, 0x6E, 0x67, 0x72, 0x61, 0x76, 0x65, 0x6F, 0x6D,
        0x64, 0x65, 0x76, 0x61, 0x6F, 0x6D, 0x65, 0x67, 0x61, 0x6F, 0x6D, 0x65, 0x67, 0x61, 0x31, 0x6F, 0x6D, 0x65, 0x67, 0x61, 0x63, 0x79, 0x72, 0x69,
        0x6C, 0x6C, 0x69, 0x63, 0x6F, 0x6D, 0x65, 0x67, 0x61, 0x6C, 0x61, 0x74, 0x69, 0x6E, 0x63, 0x6C, 0x6F, 0x73, 0x65, 0x64, 0x6F, 0x6D, 0x65, 0x67,
        0x61, 0x72, 0x6F, 0x75, 0x6E, 0x64, 0x63, 0x79, 0x72, 0x69, 0x6C, 0x6C, 0x69, 0x63, 0x6F, 0x6D, 0x65, 0x67, 0x61, 0x74, 0x69, 0x74, 0x6C, 0x6F,
        0x63, 0x79, 0x72, 0x69, 0x6C, 0x6C, 0x69, 0x63, 0x6F, 0x6D, 0x65, 0x67, 0x61, 0x74, 0x6F, 0x6E, 0x6F, 0x73, 0x6F, 0x6D, 0x67, 0x75, 0x6A, 0x61,
        0x72, 0x61, 0x74, 0x69, 0x6F, 0x6D, 0x69, 0x63, 0x72, 0x6F, 0x6E, 0x6F, 0x6D, 0x69, 0x63, 0x72, 0x6F, 0x6E, 0x74, 0x6F, 0x6E, 0x6F, 0x73, 0x6F,
        0x6D, 0x6F, 0x6E, 0x6F, 0x73, 0x70, 0x61, 0x63, 0x65, 0x6F, 0x6E, 0x65, 0x6F, 0x6E, 0x65, 0x61, 0x72, 0x61, 0x62, 0x69, 0x63, 0x6F, 0x6E, 0x65,
        0x62, 0x65, 0x6E, 0x67, 0x61, 0x6C, 0x69, 0x6F, 0x6E, 0x65, 0x63, 0x69, 0x72, 0x63, 0x6C, 0x65, 0x6F, 0x6E, 0x65, 0x63, 0x69, 0x72, 0x63, 0x6C,
        0x65, 0x69, 0x6E, 0x76, 0x65, 0x72, 0x73, 0x65, 0x73, 0x61, 0x6E, 0x73, 0x73, 0x65, 0x72, 0x69, 0x66, 0x6F, 0x6E, 0x65, 0x64, 0x65, 0x76, 0x61,
        0x6F, 0x6E, 0x65, 0x64, 0x6F, 0x74, 0x65, 0x6E, 0x6C, 0x65, 0x61, 0x64, 0x65, 0x72, 0x6F, 0x6E, 0x65, 0x65, 0x69, 0x67, 0x68, 0x74, 0x68, 0x6F,
        0x6E, 0x65, 0x66, 0x69, 0x74, 0x74, 0x65, 0x64, 0x6F, 0x6E, 0x65, 0x67, 0x75, 0x6A, 0x61, 0x72, 0x61, 0x74, 0x69, 0x6F, 0x6E, 0x65, 0x67, 0x75,
        0x72, 0x6D, 0x75, 0x6B, 0x68, 0x69, 0x6F, 0x6E, 0x65, 0x68, 0x61, 0x63, 0x6B, 0x61, 0x72, 0x61, 0x62, 0x69, 0x63, 0x6F, 0x6E, 0x65, 0x68, 0x61,
        0x6C, 0x66, 0x6F, 0x6E, 0x65, 0x68, 0x61, 0x6E, 0x67, 0x7A, 0x68, 0x6F, 0x75, 0x6F, 0x6E, 0x65, 0x69, 0x64, 0x65, 0x6F, 0x67, 0x72, 0x61, 0x70,
        0x68, 0x69, 0x63, 0x70, 0x61, 0x72, 0x65, 0x6E, 0x6F, 0x6E, 0x65, 0x69, 0x6E, 0x66, 0x65, 0x72, 0x69, 0x6F, 0x72, 0x6F, 0x6E, 0x65, 0x6D, 0x6F,
        0x6E, 0x6F, 0x73, 0x70, 0x61, 0x63, 0x65, 0x6F, 0x6E, 0x65, 0x6E, 0x75, 0x6D, 0x65, 0x72, 0x61, 0x74, 0x6F, 0x72, 0x62, 0x65, 0x6E, 0x67, 0x61,
        0x6C, 0x69, 0x6F, 0x6E, 0x65, 0x6F, 0x6C, 0x64, 0x73, 0x74, 0x79, 0x6C, 0x65, 0x6F, 0x6E, 0x65, 0x70, 0x61, 0x72, 0x65, 0x6E, 0x6F, 0x6E, 0x65,
        0x70, 0x65, 0x72, 0x69, 0x6F, 0x64, 0x6F, 0x6E, 0x65, 0x70, 0x65, 0x72, 0x73, 0x69, 0x61, 0x6E, 0x6F, 0x6E, 0x65, 0x71, 0x75, 0x61, 0x72, 0x74,
        0x65, 0x72, 0x6F, 0x6E, 0x65, 0x72, 0x6F, 0x6D, 0x61, 0x6E, 0x6F, 0x6E, 0x65, 0x73, 0x75, 0x70, 0x65, 0x72, 0x69, 0x6F, 0x72, 0x6F, 0x6E, 0x65,
        0x74, 0x68, 0x61, 0x69, 0x6F, 0x6E, 0x65, 0x74, 0x68, 0x69, 0x72, 0x64, 0x6F, 0x6F, 0x67, 0x6F, 0x6E, 0x65, 0x6B, 0x6F, 0x6F, 0x67, 0x6F, 0x6E,
        0x65, 0x6B, 0x6D, 0x61, 0x63, 0x72, 0x6F, 0x6E, 0x6F, 0x6F, 0x67, 0x75, 0x72, 0x6D, 0x75, 0x6B, 0x68, 0x69, 0x6F, 0x6F, 0x6D, 0x61, 0x74, 0x72,
        0x61, 0x67, 0x75, 0x72, 0x6D, 0x75, 0x6B, 0x68, 0x69, 0x6F, 0x6F, 0x70, 0x65, 0x6E, 0x6F, 0x70, 0x61, 0x72, 0x65, 0x6E, 0x6F, 0x70, 0x65, 0x6E,
        0x62, 0x75, 0x6C, 0x6C, 0x65, 0x74, 0x6F, 0x70, 0x74, 0x69, 0x6F, 0x6E, 0x6F, 0x72, 0x64, 0x66, 0x65, 0x6D, 0x69, 0x6E, 0x69, 0x6E, 0x65, 0x6F,
        0x72, 0x64, 0x6D, 0x61, 0x73, 0x63, 0x75, 0x6C, 0x69, 0x6E, 0x65, 0x6F, 0x72, 0x74, 0x68, 0x6F, 0x67, 0x6F, 0x6E, 0x61, 0x6C, 0x6F, 0x73, 0x68,
        0x6F, 0x72, 0x74, 0x64, 0x65, 0x76, 0x61, 0x6F, 0x73, 0x68, 0x6F, 0x72, 0x74, 0x76, 0x6F, 0x77, 0x65, 0x6C, 0x73, 0x69, 0x67, 0x6E, 0x64, 0x65,
        0x76, 0x61, 0x6F, 0x73, 0x6C, 0x61, 0x73, 0x68, 0x6F, 0x73, 0x6C, 0x61, 0x73, 0x68, 0x61, 0x63, 0x75, 0x74, 0x65, 0x6F, 0x73, 0x6D, 0x61, 0x6C,
        0x6C, 0x68, 0x69, 0x72, 0x61, 0x67, 0x61, 0x6E, 0x61, 0x6F, 0x73, 0x6D, 0x61, 0x6C, 0x6C, 0x6B, 0x61, 0x74, 0x61, 0x6B, 0x61, 0x6E, 0x61, 0x6F,
        0x73, 0x6D, 0x61, 0x6C, 0x6C, 0x6B, 0x61, 0x74, 0x61, 0x6B, 0x61, 0x6E, 0x61, 0x68, 0x61, 0x6C, 0x66, 0x77, 0x69, 0x64, 0x74, 0x68, 0x6F, 0x73,
        0x74, 0x72, 0x6F, 0x6B, 0x65, 0x61, 0x63, 0x75, 0x74, 0x65, 0x6F, 0x73, 0x75, 0x70, 0x65, 0x72, 0x69, 0x6F, 0x72, 0x6F, 0x74, 0x63, 0x79, 0x72,
        0x69, 0x6C, 0x6C, 0x69, 0x63, 0x6F, 0x74, 0x69, 0x6C, 0x64, 0x65, 0x6F, 0x74, 0x69, 0x6C, 0x64, 0x65, 0x61, 0x63, 0x75, 0x74, 0x65, 0x6F, 0x74,
        0x69, 0x6C, 0x64, 0x65, 0x64, 0x69, 0x65, 0x72, 0x65, 0x73, 0x69, 0x73, 0x6F, 0x75, 0x62, 0x6F, 0x70, 0x6F, 0x6D, 0x6F, 0x66, 0x6F, 0x6F, 0x76,
        0x65, 0x72, 0x6C, 0x69, 0x6E, 0x65, 0x6F, 0x76, 0x65, 0x72, 0x6C, 0x69, 0x6E, 0x65, 0x63, 0x65, 0x6E, 0x74, 0x65, 0x72, 0x6C, 0x69, 0x6E, 0x65,
        0x6F, 0x76, 0x65, 0x72, 0x6C, 0x69, 0x6E, 0x65, 0x63, 0x6D, 0x62, 0x6F, 0x76, 0x65, 0x72, 0x6C, 0x69, 0x6E, 0x65, 0x64, 0x61, 0x73, 0x68, 0x65,
        0x64, 0x6F, 0x76, 0x65, 0x72, 0x6C, 0x69, 0x6E, 0x65, 0x64, 0x62, 0x6C, 0x77, 0x61, 0x76, 0x79, 0x6F, 0x76, 0x65, 0x72, 0x6C, 0x69, 0x6E, 0x65,
        0x77, 0x61, 0x76, 0x79, 0x6F, 0x76, 0x65, 0x72, 0x73, 0x63, 0x6F, 0x72, 0x65, 0x6F, 0x76, 0x6F, 0x77, 0x65, 0x6C, 0x73, 0x69, 0x67, 0x6E, 0x62,
        0x65, 0x6E, 0x67, 0x61, 0x6C, 0x69, 0x6F, 0x76, 0x6F, 0x77, 0x65, 0x6C, 0x73, 0x69, 0x67, 0x6E, 0x64, 0x65, 0x76, 0x61, 0x6F, 0x76, 0x6F, 0x77,
        0x65, 0x6C, 0x73, 0x69, 0x67, 0x6E, 0x67, 0x75, 0x6A, 0x61, 0x72, 0x61, 0x74, 0x69, 0x70, 0x70, 0x61, 0x61, 0x6D, 0x70, 0x73, 0x73, 0x71, 0x75,
        0x61, 0x72, 0x65, 0x70, 0x61, 0x61, 0x73, 0x65, 0x6E, 0x74, 0x6F, 0x73, 0x71, 0x75, 0x61, 0x72, 0x65, 0x70, 0x61, 0x62, 0x65, 0x6E, 0x67, 0x61,
        0x6C, 0x69, 0x70, 0x61, 0x63, 0x75, 0x74, 0x65, 0x70, 0x61, 0x64, 0x65, 0x76, 0x61, 0x70, 0x61, 0x67, 0x65, 0x64, 0x6F, 0x77, 0x6E, 0x70, 0x61,
        0x67, 0x65, 0x75, 0x70, 0x70, 0x61, 0x67, 0x75, 0x6A, 0x61, 0x72, 0x61, 0x74, 0x69, 0x70, 0x61, 0x67, 0x75, 0x72, 0x6D, 0x75, 0x6B, 0x68, 0x69,
        0x70, 0x61, 0x68, 0x69, 0x72, 0x61, 0x67, 0x61, 0x6E, 0x61, 0x70, 0x61, 0x69, 0x79, 0x61, 0x6E, 0x6E, 0x6F, 0x69, 0x74, 0x68, 0x61, 0x69, 0x70,
        0x61, 0x6B, 0x61, 0x74, 0x61, 0x6B, 0x61, 0x6E, 0x61, 0x70, 0x61, 0x6C, 0x61, 0x74, 0x61, 0x6C, 0x69, 0x7A, 0x61, 0x74, 0x69, 0x6F, 0x6E, 0x63,
        0x79, 0x72, 0x69, 0x6C, 0x6C, 0x69, 0x63, 0x63, 0x6D, 0x62, 0x70, 0x61, 0x6C, 0x6F, 0x63, 0x68, 0x6B, 0x61, 0x63, 0x79, 0x72, 0x69, 0x6C, 0x6C,
        0x69, 0x63, 0x70, 0x61, 0x6E, 0x73, 0x69, 0x6F, 0x73, 0x6B, 0x6F, 0x72, 0x65, 0x61, 0x6E, 0x70, 0x61, 0x72, 0x61, 0x67, 0x72, 0x61, 0x70, 0x68,
        0x70, 0x61, 0x72, 0x61, 0x6C, 0x6C, 0x65, 0x6C, 0x70, 0x61, 0x72, 0x65, 0x6E, 0x6C, 0x65, 0x66, 0x74, 0x70, 0x61, 0x72, 0x65, 0x6E, 0x6C, 0x65,
        0x66, 0x74, 0x61, 0x6C, 0x74, 0x6F, 0x6E, 0x65, 0x61, 0x72, 0x61, 0x62, 0x69, 0x63, 0x70, 0x61, 0x72, 0x65, 0x6E, 0x6C, 0x65, 0x66, 0x74, 0x62,
        0x74, 0x70, 0x61, 0x72, 0x65, 0x6E, 0x6C, 0x65, 0x66, 0x74, 0x65, 0x78, 0x70, 0x61, 0x72, 0x65, 0x6E, 0x6C, 0x65, 0x66, 0x74, 0x69, 0x6E, 0x66,
        0x65, 0x72, 0x69, 0x6F, 0x72, 0x70, 0x61, 0x72, 0x65, 0x6E, 0x6C, 0x65, 0x66, 0x74, 0x6D, 0x6F, 0x6E, 0x6F, 0x73, 0x70, 0x61, 0x63, 0x65, 0x70,
        0x61, 0x72, 0x65, 0x6E, 0x6C, 0x65, 0x66, 0x74, 0x73, 0x6D, 0x61, 0x6C, 0x6C, 0x70, 0x61, 0x72, 0x65, 0x6E, 0x6C, 0x65, 0x66, 0x74, 0x73, 0x75,
        0x70, 0x65, 0x72, 0x69, 0x6F, 0x72, 0x70, 0x61, 0x72, 0x65, 0x6E, 0x6C, 0x65, 0x66, 0x74, 0x74, 0x70, 0x70, 0x61, 0x72, 0x65, 0x6E, 0x6C, 0x65,
        0x66, 0x74, 0x76, 0x65, 0x72, 0x74, 0x69, 0x63, 0x61, 0x6C, 0x70, 0x61, 0x72, 0x65, 0x6E, 0x72, 0x69, 0x67, 0x68, 0x74, 0x70, 0x61, 0x72, 0x65,
        0x6E, 0x72, 0x69, 0x67, 0x68, 0x74, 0x61, 0x6C, 0x74, 0x6F, 0x6E, 0x65, 0x61, 0x72, 0x61, 0x62, 0x69, 0x63, 0x70, 0x61, 0x72, 0x65, 0x6E, 0x72,
        0x69, 0x67, 0x68, 0x74, 0x62, 0x74, 0x70, 0x61, 0x72, 0x65, 0x6E, 0x72, 0x69, 0x67, 0x68, 0x74, 0x65, 0x78, 0x70, 0x61, 0x72, 0x65, 0x6E, 0x72,
        0x69, 0x67, 0x68, 0x74, 0x69, 0x6E, 0x66, 0x65, 0x72, 0x69, 0x6F, 0x72, 0x70, 0x61, 0x72, 0x65, 0x6E, 0x72, 0x69, 0x67, 0x68, 0x74, 0x6D, 0x6F,
        0x6E, 0x6F, 0x73, 0x70, 0x61, 0x63, 0x65, 0x70, 0x61, 0x72, 0x65, 0x6E, 0x72, 0x69, 0x67, 0x68, 0x74, 0x73, 0x6D, 0x61, 0x6C, 0x6C, 0x70, 0x61,
        0x72, 0x65, 0x6E, 0x72, 0x69, 0x67, 0x68, 0x74, 0x73, 0x75, 0x70, 0x65, 0x72, 0x69, 0x6F, 0x72, 0x70, 0x61, 0x72, 0x65, 0x6E, 0x72, 0x69, 0x67,
        0x68, 0x74, 0x74, 0x70, 0x70, 0x61, 0x72, 0x65, 0x6E, 0x72, 0x69, 0x67, 0x68, 0x74, 0x76, 0x65, 0x72, 0x74, 0x69, 0x63, 0x61, 0x6C, 0x70, 0x61,
        0x72, 0x74, 0x69, 0x61, 0x6C, 0x64, 0x69, 0x66, 0x66, 0x70, 0x61, 0x73, 0x65, 0x71, 0x68, 0x65, 0x62, 0x72, 0x65, 0x77, 0x70, 0x61, 0x73, 0x68,
        0x74, 0x61, 0x68, 0x65, 0x62, 0x72, 0x65, 0x77, 0x70, 0x61, 0x73, 0x71, 0x75, 0x61, 0x72, 0x65, 0x70, 0x61, 0x74, 0x61, 0x68, 0x70, 0x61, 0x74,
        0x61, 0x68, 0x31, 0x31, 0x70, 0x61, 0x74, 0x61, 0x68, 0x31, 0x64, 0x70, 0x61, 0x74, 0x61, 0x68, 0x32, 0x61, 0x70, 0x61, 0x74, 0x61, 0x68, 0x68,
        0x65, 0x62, 0x72, 0x65, 0x77, 0x70, 0x61, 0x74, 0x61, 0x68, 0x6E, 0x61, 0x72, 0x72, 0x6F, 0x77, 0x68, 0x65, 0x62, 0x72, 0x65, 0x77, 0x70, 0x61,
        0x74, 0x61, 0x68, 0x71, 0x75, 0x61, 0x72, 0x74, 0x65, 0x72, 0x68, 0x65, 0x62, 0x72, 0x65, 0x77, 0x70, 0x61, 0x74, 0x61, 0x68, 0x77, 0x69, 0x64,
        0x65, 0x68, 0x65, 0x62, 0x72, 0x65, 0x77, 0x70, 0x61, 0x7A, 0x65, 0x72, 0x68, 0x65, 0x62, 0x72, 0x65, 0x77, 0x70, 0x62, 0x6F, 0x70, 0x6F, 0x6D,
        0x6F, 0x66, 0x6F, 0x70, 0x63, 0x69, 0x72, 0x63, 0x6C, 0x65, 0x70, 0x64, 0x6F, 0x74, 0x61, 0x63, 0x63, 0x65, 0x6E, 0x74, 0x70, 0x65, 0x70, 0x65,
        0x63, 0x79, 0x72, 0x69, 0x6C, 0x6C, 0x69, 0x63, 0x70, 0x65, 0x64, 0x61, 0x67, 0x65, 0x73, 0x68, 0x70, 0x65, 0x64, 0x61, 0x67, 0x65, 0x73, 0x68,
        0x68, 0x65, 0x62, 0x72, 0x65, 0x77, 0x70, 0x65, 0x65, 0x7A, 0x69, 0x73, 0x71, 0x75, 0x61, 0x72, 0x65, 0x70, 0x65, 0x66, 0x69, 0x6E, 0x61, 0x6C,
        0x64, 0x61, 0x67, 0x65, 0x73, 0x68, 0x68, 0x65, 0x62, 0x72, 0x65, 0x77, 0x70, 0x65, 0x68, 0x61, 0x72, 0x61, 0x62, 0x69, 0x63, 0x70, 0x65, 0x68,
        0x61, 0x72, 0x6D, 0x65, 0x6E, 0x69, 0x61, 0x6E, 0x70, 0x65, 0x68, 0x65, 0x62, 0x72, 0x65, 0x77, 0x70, 0x65, 0x68, 0x66, 0x69, 0x6E, 0x61, 0x6C,
        0x61, 0x72, 0x61, 0x62, 0x69, 0x63, 0x70, 0x65, 0x68, 0x69, 0x6E, 0x69, 0x74, 0x69, 0x61, 0x6C, 0x61, 0x72, 0x61, 0x62, 0x69, 0x63, 0x70, 0x65,
        0x68, 0x69, 0x72, 0x61, 0x67, 0x61, 0x6E, 0x61, 0x70, 0x65, 0x68, 0x6D, 0x65, 0x64, 0x69, 0x61, 0x6C, 0x61, 0x72, 0x61, 0x62, 0x69, 0x63, 0x70,
        0x65, 0x6B, 0x61, 0x74, 0x61, 0x6B, 0x61, 0x6E, 0x61, 0x70, 0x65, 0x6D, 0x69, 0x64, 0x64, 0x6C, 0x65, 0x68, 0x6F, 0x6F, 0x6B, 0x63, 0x79, 0x72,
        0x69, 0x6C, 0x6C, 0x69, 0x63, 0x70, 0x65, 0x72, 0x61, 0x66, 0x65, 0x68, 0x65, 0x62, 0x72, 0x65, 0x77, 0x70, 0x65, 0x72, 0x63, 0x65, 0x6E, 0x74,
        0x70, 0x65, 0x72, 0x63, 0x65, 0x6E, 0x74, 0x61, 0x72, 0x61, 0x62, 0x69, 0x63, 0x70, 0x65, 0x72, 0x63, 0x65, 0x6E, 0x74, 0x6D, 0x6F, 0x6E, 0x6F,
        0x73, 0x70, 0x61, 0x63, 0x65, 0x70, 0x65, 0x72, 0x63, 0x65, 0x6E, 0x74, 0x73, 0x6D, 0x61, 0x6C, 0x6C, 0x70, 0x65, 0x72, 0x69, 0x6F, 0x64, 0x70,
        0x65, 0x72, 0x69, 0x6F, 0x64, 0x61, 0x72, 0x6D, 0x65, 0x6E, 0x69, 0x61, 0x6E, 0x70, 0x65, 0x72, 0x69, 0x6F, 0x64, 0x63, 0x65, 0x6E, 0x74, 0x65,
        0x72, 0x65, 0x64, 0x70, 0x65, 0x72, 0x69, 0x6F, 0x64, 0x68, 0x61, 0x6C, 0x66, 0x77, 0x69, 0x64, 0x74, 0x68, 0x70, 0x65, 0x72, 0x69, 0x6F, 0x64,
        0x69, 0x6E, 0x66, 0x65, 0x72, 0x69, 0x6F, 0x72, 0x70, 0x65, 0x72, 0x69, 0x6F, 0x64, 0x6D, 0x6F, 0x6E, 0x6F, 0x73, 0x70, 0x61, 0x63, 0x65, 0x70,
        0x65, 0x72, 0x69, 0x6F, 0x64, 0x73, 0x6D, 0x61, 0x6C, 0x6C, 0x70, 0x65, 0x72, 0x69, 0x6F, 0x64, 0x73, 0x75, 0x70, 0x65, 0x72, 0x69, 0x6F, 0x72,
        0x70, 0x65, 0x72, 0x69, 0x73, 0x70, 0x6F, 0x6D, 0x65, 0x6E, 0x69, 0x67, 0x72, 0x65, 0x65, 0x6B, 0x63, 0x6D, 0x62, 0x70, 0x65, 0x72, 0x70, 0x65,
        0x6E, 0x64, 0x69, 0x63, 0x75, 0x6C, 0x61, 0x72, 0x70, 0x65, 0x72, 0x74, 0x68, 0x6F, 0x75, 0x73, 0x61, 0x6E, 0x64, 0x70, 0x65, 0x73, 0x65, 0x74,
        0x61, 0x70, 0x66, 0x73, 0x71, 0x75, 0x61, 0x72, 0x65, 0x70, 0x68, 0x61, 0x62, 0x65, 0x6E, 0x67, 0x61, 0x6C, 0x69, 0x70, 0x68, 0x61, 0x64, 0x65,
        0x76, 0x61, 0x70, 0x68, 0x61, 0x67, 0x75, 0x6A, 0x61, 0x72, 0x61, 0x74, 0x69, 0x70, 0x68, 0x61, 0x67, 0x75, 0x72, 0x6D, 0x75, 0x6B, 0x68, 0x69,
        0x70, 0x68, 0x69, 0x70, 0x68, 0x69, 0x31, 0x70, 0x68, 0x69, 0x65, 0x75, 0x70, 0x68, 0x61, 0x63, 0x69, 0x72, 0x63, 0x6C, 0x65, 0x6B, 0x6F, 0x72,
        0x65, 0x61, 0x6E, 0x70, 0x68, 0x69, 0x65, 0x75, 0x70, 0x68, 0x61, 0x70, 0x61, 0x72, 0x65, 0x6E, 0x6B, 0x6F, 0x72, 0x65, 0x61, 0x6E, 0x70, 0x68,
        0x69, 0x65, 0x75, 0x70, 0x68, 0x63, 0x69, 0x72, 0x63, 0x6C, 0x65, 0x6B, 0x6F, 0x72, 0x65, 0x61, 0x6E, 0x70, 0x68, 0x69, 0x65, 0x75, 0x70, 0x68,
        0x6B, 0x6F, 0x72, 0x65, 0x61, 0x6E, 0x70, 0x68, 0x69, 0x65, 0x75, 0x70, 0x68, 0x70, 0x61, 0x72, 0x65, 0x6E, 0x6B, 0x6F, 0x72, 0x65, 0x61, 0x6E,
        0x70, 0x68, 0x69, 0x6C, 0x61, 0x74, 0x69, 0x6E, 0x70, 0x68, 0x69, 0x6E, 0x74, 0x68, 0x75, 0x74, 0x68, 0x61, 0x69, 0x70, 0x68, 0x69, 0x73, 0x79,
        0x6D, 0x62, 0x6F, 0x6C, 0x67, 0x72, 0x65, 0x65, 0x6B, 0x70, 0x68, 0x6F, 0x6F, 0x6B, 0x70, 0x68, 0x6F, 0x70, 0x68, 0x61, 0x6E, 0x74, 0x68, 0x61,
        0x69, 0x70, 0x68, 0x6F, 0x70, 0x68, 0x75, 0x6E, 0x67, 0x74, 0x68, 0x61, 0x69, 0x70, 0x68, 0x6F, 0x73, 0x61, 0x6D, 0x70, 0x68, 0x61, 0x6F, 0x74,
        0x68, 0x61, 0x69, 0x70, 0x69, 0x70, 0x69, 0x65, 0x75, 0x70, 0x61, 0x63, 0x69, 0x72, 0x63, 0x6C, 0x65, 0x6B, 0x6F, 0x72, 0x65, 0x61, 0x6E, 0x70,
        0x69, 0x65, 0x75, 0x70, 0x61, 0x70, 0x61, 0x72, 0x65, 0x6E, 0x6B, 0x6F, 0x72, 0x65, 0x61, 0x6E, 0x70, 0x69, 0x65, 0x75, 0x70, 0x63, 0x69, 0x65,
        0x75, 0x63, 0x6B, 0x6F, 0x72, 0x65, 0x61, 0x6E, 0x70, 0x69, 0x65, 0x75, 0x70, 0x63, 0x69, 0x72, 0x63, 0x6C, 0x65, 0x6B, 0x6F, 0x72, 0x65, 0x61,
        0x6E, 0x70, 0x69, 0x65, 0x75, 0x70, 0x6B, 0x69, 0x79, 0x65, 0x6F, 0x6B, 0x6B, 0x6F, 0x72, 0x65, 0x61, 0x6E, 0x70, 0x69, 0x65, 0x75, 0x70, 0x6B,
        0x6F, 0x72, 0x65, 0x61, 0x6E, 0x70, 0x69, 0x65, 0x75, 0x70, 0x70, 0x61, 0x72, 0x65, 0x6E, 0x6B, 0x6F, 0x72, 0x65, 0x61, 0x6E, 0x70, 0x69, 0x65,
        0x75, 0x70, 0x73, 0x69, 0x6F, 0x73, 0x6B, 0x69, 0x79, 0x65, 0x6F, 0x6B, 0x6B, 0x6F, 0x72, 0x65, 0x61, 0x6E, 0x70, 0x69, 0x65, 0x75, 0x70, 0x73,
        0x69, 0x6F, 0x73, 0x6B, 0x6F, 0x72, 0x65, 0x61, 0x6E, 0x70, 0x69, 0x65, 0x75, 0x70, 0x73, 0x69, 0x6F, 0x73, 0x74, 0x69, 0x6B, 0x65, 0x75, 0x74,
        0x6B, 0x6F, 0x72, 0x65, 0x61, 0x6E, 0x70, 0x69, 0x65, 0x75, 0x70, 0x74, 0x68, 0x69, 0x65, 0x75, 0x74, 0x68, 0x6B, 0x6F, 0x72, 0x65, 0x61, 0x6E,
        0x70, 0x69, 0x65, 0x75, 0x70, 0x74, 0x69, 0x6B, 0x65, 0x75, 0x74, 0x6B, 0x6F, 0x72, 0x65, 0x61, 0x6E, 0x70, 0x69, 0x68, 0x69, 0x72, 0x61, 0x67,
        0x61, 0x6E, 0x61, 0x70, 0x69, 0x6B, 0x61, 0x74, 0x61, 0x6B, 0x61, 0x6E, 0x61, 0x70, 0x69, 0x73, 0x79, 0x6D, 0x62, 0x6F, 0x6C, 0x67, 0x72, 0x65,
        0x65, 0x6B, 0x70, 0x69, 0x77, 0x72, 0x61, 0x72, 0x6D, 0x65, 0x6E, 0x69, 0x61, 0x6E, 0x70, 0x6C, 0x75, 0x73, 0x70, 0x6C, 0x75, 0x73, 0x62, 0x65,
        0x6C, 0x6F, 0x77, 0x63, 0x6D, 0x62, 0x70, 0x6C, 0x75, 0x73, 0x63, 0x69, 0x72, 0x63, 0x6C, 0x65, 0x70, 0x6C, 0x75, 0x73, 0x6D, 0x69, 0x6E, 0x75,
        0x73, 0x70, 0x6C, 0x75, 0x73, 0x6D, 0x6F, 0x64, 0x70, 0x6C, 0x75, 0x73, 0x6D, 0x6F, 0x6E, 0x6F, 0x73, 0x70, 0x61, 0x63, 0x65, 0x70, 0x6C, 0x75,
        0x73, 0x73, 0x6D, 0x61, 0x6C, 0x6C, 0x70, 0x6C, 0x75, 0x73, 0x73, 0x75, 0x70, 0x65, 0x72, 0x69, 0x6F, 0x72, 0x70, 0x6D, 0x6F, 0x6E, 0x6F, 0x73,
        0x70, 0x61, 0x63, 0x65, 0x70, 0x6D, 0x73, 0x71, 0x75, 0x61, 0x72, 0x65, 0x70, 0x6F, 0x68, 0x69, 0x72, 0x61, 0x67, 0x61, 0x6E, 0x61, 0x70, 0x6F,
        0x69, 0x6E, 0x74, 0x69, 0x6E, 0x67, 0x69, 0x6E, 0x64, 0x65, 0x78, 0x64, 0x6F, 0x77, 0x6E, 0x77, 0x68, 0x69, 0x74, 0x65, 0x70, 0x6F, 0x69, 0x6E,
        0x74, 0x69, 0x6E, 0x67, 0x69, 0x6E, 0x64, 0x65, 0x78, 0x6C, 0x65, 0x66, 0x74, 0x77, 0x68, 0x69, 0x74, 0x65, 0x70, 0x6F, 0x69, 0x6E, 0x74, 0x69,
        0x6E, 0x67, 0x69, 0x6E, 0x64, 0x65, 0x78, 0x72, 0x69, 0x67, 0x68, 0x74, 0x77, 0x68, 0x69, 0x74, 0x65, 0x70, 0x6F, 0x69, 0x6E, 0x74, 0x69, 0x6E,
        0x67, 0x69, 0x6E, 0x64, 0x65, 0x78, 0x75, 0x70, 0x77, 0x68, 0x69, 0x74, 0x65, 0x70, 0x6F, 0x6B, 0x61, 0x74, 0x61, 0x6B, 0x61, 0x6E, 0x61, 0x70,
        0x6F, 0x70, 0x6C, 0x61, 0x74, 0x68, 0x61, 0x69, 0x70, 0x6F, 0x73, 0x74, 0x61, 0x6C, 0x6D, 0x61, 0x72, 0x6B, 0x70, 0x6F, 0x73, 0x74, 0x61, 0x6C,
        0x6D, 0x61, 0x72, 0x6B, 0x66, 0x61, 0x63, 0x65, 0x70, 0x70, 0x61, 0x72, 0x65, 0x6E, 0x70, 0x72, 0x65, 0x63, 0x65, 0x64, 0x65, 0x73, 0x70, 0x72,
        0x65, 0x73, 0x63, 0x72, 0x69, 0x70, 0x74, 0x69, 0x6F, 0x6E, 0x70, 0x72, 0x69, 0x6D, 0x65, 0x6D, 0x6F, 0x64, 0x70, 0x72, 0x69, 0x6D, 0x65, 0x72,
        0x65, 0x76, 0x65, 0x72, 0x73, 0x65, 0x64, 0x70, 0x72, 0x6F, 0x64, 0x75, 0x63, 0x74, 0x70, 0x72, 0x6F, 0x6A, 0x65, 0x63, 0x74, 0x69, 0x76, 0x65,
        0x70, 0x72, 0x6F, 0x6C, 0x6F, 0x6E, 0x67, 0x65, 0x64, 0x6B, 0x61, 0x6E, 0x61, 0x70, 0x72, 0x6F, 0x70, 0x65, 0x6C, 0x6C, 0x6F, 0x72, 0x70, 0x72,
        0x6F, 0x70, 0x65, 0x72, 0x73, 0x75, 0x62, 0x73, 0x65, 0x74, 0x70, 0x72, 0x6F, 0x70, 0x65, 0x72, 0x73, 0x75, 0x70, 0x65, 0x72, 0x73, 0x65, 0x74,
        0x70, 0x72, 0x6F, 0x70, 0x6F, 0x72, 0x74, 0x69, 0x6F, 0x6E, 0x70, 0x72, 0x6F, 0x70, 0x6F, 0x72, 0x74, 0x69, 0x6F, 0x6E, 0x61, 0x6C, 0x70, 0x73,
        0x69, 0x70, 0x73, 0x69, 0x63, 0x79, 0x72, 0x69, 0x6C, 0x6C, 0x69, 0x63, 0x70, 0x73, 0x69, 0x6C, 0x69, 0x70, 0x6E, 0x65, 0x75, 0x6D, 0x61, 0x74,
        0x61, 0x63, 0x79, 0x72, 0x69, 0x6C, 0x6C, 0x69, 0x63, 0x63, 0x6D, 0x62, 0x70, 0x73, 0x73, 0x71, 0x75, 0x61, 0x72, 0x65, 0x70, 0x75, 0x68, 0x69,
        0x72, 0x61, 0x67, 0x61, 0x6E, 0x61, 0x70, 0x75, 0x6B, 0x61, 0x74, 0x61, 0x6B, 0x61, 0x6E, 0x61, 0x70, 0x76, 0x73, 0x71, 0x75, 0x61, 0x72, 0x65,
        0x70, 0x77, 0x73, 0x71, 0x75, 0x61, 0x72, 0x65, 0x71, 0x71, 0x61, 0x64, 0x65, 0x76, 0x61, 0x71, 0x61, 0x64, 0x6D, 0x61, 0x68, 0x65, 0x62, 0x72,
        0x65, 0x77, 0x71, 0x61, 0x66, 0x61, 0x72, 0x61, 0x62, 0x69, 0x63, 0x71, 0x61, 0x66, 0x66, 0x69, 0x6E, 0x61, 0x6C, 0x61, 0x72, 0x61, 0x62, 0x69,
        0x63, 0x71, 0x61, 0x66, 0x69, 0x6E, 0x69, 0x74, 0x69, 0x61, 0x6C, 0x61, 0x72, 0x61, 0x62, 0x69, 0x63, 0x71, 0x61, 0x66, 0x6D, 0x65, 0x64, 0x69,
        0x61, 0x6C, 0x61, 0x72, 0x61, 0x62, 0x69, 0x63, 0x71, 0x61, 0x6D, 0x61, 0x74, 0x73, 0x71, 0x61, 0x6D, 0x61, 0x74, 0x73, 0x31, 0x30, 0x71, 0x61,
        0x6D, 0x61, 0x74, 0x73, 0x31, 0x61, 0x71, 0x61, 0x6D, 0x61, 0x74, 0x73, 0x31, 0x63, 0x71, 0x61, 0x6D, 0x61, 0x74, 0x73, 0x32, 0x37, 0x71, 0x61,
        0x6D, 0x61, 0x74, 0x73, 0x32, 0x39, 0x71, 0x61, 0x6D, 0x61, 0x74, 0x73, 0x33, 0x33, 0x71, 0x61, 0x6D, 0x61, 0x74, 0x73, 0x64, 0x65, 0x71, 0x61,
        0x6D, 0x61, 0x74, 0x73, 0x68, 0x65, 0x62, 0x72, 0x65, 0x77, 0x71, 0x61, 0x6D, 0x61, 0x74, 0x73, 0x6E, 0x61, 0x72, 0x72, 0x6F, 0x77, 0x68, 0x65,
        0x62, 0x72, 0x65, 0x77, 0x71, 0x61, 0x6D, 0x61, 0x74, 0x73, 0x71, 0x61, 0x74, 0x61, 0x6E, 0x68, 0x65, 0x62, 0x72, 0x65, 0x77, 0x71, 0x61, 0x6D,
        0x61, 0x74, 0x73, 0x71, 0x61, 0x74, 0x61, 0x6E, 0x6E, 0x61, 0x72, 0x72, 0x6F, 0x77, 0x68, 0x65, 0x62, 0x72, 0x65, 0x77, 0x71, 0x61, 0x6D, 0x61,
        0x74, 0x73, 0x71, 0x61, 0x74, 0x61, 0x6E, 0x71, 0x75, 0x61, 0x72, 0x74, 0x65, 0x72, 0x68, 0x65, 0x62, 0x72, 0x65, 0x77, 0x71, 0x61, 0x6D, 0x61,
        0x74, 0x73, 0x71, 0x61, 0x74, 0x61, 0x6E, 0x77, 0x69, 0x64, 0x65, 0x68, 0x65, 0x62, 0x72, 0x65, 0x77, 0x71, 0x61, 0x6D, 0x61, 0x74, 0x73, 0x71,
        0x75, 0x61, 0x72, 0x74, 0x65, 0x72, 0x68, 0x65, 0x62, 0x72, 0x65, 0x77, 0x71, 0x61, 0x6D, 0x61, 0x74, 0x73, 0x77, 0x69, 0x64, 0x65, 0x68, 0x65,
        0x62, 0x72, 0x65, 0x77, 0x71, 0x61, 0x72, 0x6E, 0x65, 0x79, 0x70, 0x61, 0x72, 0x61, 0x68, 0x65, 0x62, 0x72, 0x65, 0x77, 0x71, 0x62, 0x6F, 0x70,
        0x6F, 0x6D, 0x6F, 0x66, 0x6F, 0x71, 0x63, 0x69, 0x72, 0x63, 0x6C, 0x65, 0x71, 0x68, 0x6F, 0x6F, 0x6B, 0x71, 0x6D, 0x6F, 0x6E, 0x6F, 0x73, 0x70,
        0x61, 0x63, 0x65, 0x71, 0x6F, 0x66, 0x71, 0x6F, 0x66, 0x64, 0x61, 0x67, 0x65, 0x73, 0x68, 0x71, 0x6F, 0x66, 0x64, 0x61, 0x67, 0x65, 0x73, 0x68,
        0x68, 0x65, 0x62, 0x72, 0x65, 0x77, 0x71, 0x6F, 0x66, 0x68, 0x61, 0x74, 0x61, 0x66, 0x70, 0x61, 0x74, 0x61, 0x68, 0x71, 0x6F, 0x66, 0x68, 0x61,
        0x74, 0x61, 0x66, 0x70, 0x61, 0x74, 0x61, 0x68, 0x68, 0x65, 0x62, 0x72, 0x65, 0x77, 0x71, 0x6F, 0x66, 0x68, 0x61, 0x74, 0x61, 0x66, 0x73, 0x65,
        0x67, 0x6F, 0x6C, 0x71, 0x6F, 0x66, 0x68, 0x61, 0x74, 0x61, 0x66, 0x73, 0x65, 0x67, 0x6F, 0x6C, 0x68, 0x65, 0x62, 0x72, 0x65, 0x77, 0x71, 0x6F,
        0x66, 0x68, 0x65, 0x62, 0x72, 0x65, 0x77, 0x71, 0x6F, 0x66, 0x68, 0x69, 0x72, 0x69, 0x71, 0x71, 0x6F, 0x66, 0x68, 0x69, 0x72, 0x69, 0x71, 0x68,
        0x65, 0x62, 0x72, 0x65, 0x77, 0x71, 0x6F, 0x66, 0x68, 0x6F, 0x6C, 0x61, 0x6D, 0x71, 0x6F, 0x66, 0x68, 0x6F, 0x6C, 0x61, 0x6D, 0x68, 0x65, 0x62,
        0x72, 0x65, 0x77, 0x71, 0x6F, 0x66, 0x70, 0x61, 0x74, 0x61, 0x68, 0x71, 0x6F, 0x66, 0x70, 0x61, 0x74, 0x61, 0x68, 0x68, 0x65, 0x62, 0x72, 0x65,
        0x77, 0x71, 0x6F, 0x66, 0x71, 0x61, 0x6D, 0x61, 0x74, 0x73, 0x71, 0x6F, 0x66, 0x71, 0x61, 0x6D, 0x61, 0x74, 0x73, 0x68, 0x65, 0x62, 0x72, 0x65,
        0x77, 0x71, 0x6F, 0x66, 0x71, 0x75, 0x62, 0x75, 0x74, 0x73, 0x71, 0x6F, 0x66, 0x71, 0x75, 0x62, 0x75, 0x74, 0x73, 0x68, 0x65, 0x62, 0x72, 0x65,
        0x77, 0x71, 0x6F, 0x66, 0x73, 0x65, 0x67, 0x6F, 0x6C, 0x71, 0x6F, 0x66, 0x73, 0x65, 0x67, 0x6F, 0x6C, 0x68, 0x65, 0x62, 0x72, 0x65, 0x77, 0x71,
        0x6F, 0x66, 0x73, 0x68, 0x65, 0x76, 0x61, 0x71, 0x6F, 0x66, 0x73, 0x68, 0x65, 0x76, 0x61, 0x68, 0x65, 0x62, 0x72, 0x65, 0x77, 0x71, 0x6F, 0x66,
        0x74, 0x73, 0x65, 0x72, 0x65, 0x71, 0x6F, 0x66, 0x74, 0x73, 0x65, 0x72, 0x65, 0x68, 0x65, 0x62, 0x72, 0x65, 0x77, 0x71, 0x70, 0x61, 0x72, 0x65,
        0x6E, 0x71, 0x75, 0x61, 0x72, 0x74, 0x65, 0x72, 0x6E, 0x6F, 0x74, 0x65, 0x71, 0x75, 0x62, 0x75, 0x74, 0x73, 0x71, 0x75, 0x62, 0x75, 0x74, 0x73,
        0x31, 0x38, 0x71, 0x75, 0x62, 0x75, 0x74, 0x73, 0x32, 0x35, 0x71, 0x75, 0x62, 0x75, 0x74, 0x73, 0x33, 0x31, 0x71, 0x75, 0x62, 0x75, 0x74, 0x73,
        0x68, 0x65, 0x62, 0x72, 0x65, 0x77, 0x71, 0x75, 0x62, 0x75, 0x74, 0x73, 0x6E, 0x61, 0x72, 0x72, 0x6F, 0x77, 0x68, 0x65, 0x62, 0x72, 0x65, 0x77,
        0x71, 0x75, 0x62, 0x75, 0x74, 0x73, 0x71, 0x75, 0x61, 0x72, 0x74, 0x65, 0x72, 0x68, 0x65, 0x62, 0x72, 0x65, 0x77, 0x71, 0x75, 0x62, 0x75, 0x74,
        0x73, 0x77, 0x69, 0x64, 0x65, 0x68, 0x65, 0x62, 0x72, 0x65, 0x77, 0x71, 0x75, 0x65, 0x73, 0x74, 0x69, 0x6F, 0x6E, 0x71, 0x75, 0x65, 0x73, 0x74,
        0x69, 0x6F, 0x6E, 0x61, 0x72, 0x61, 0x62, 0x69, 0x63, 0x71, 0x75, 0x65, 0x73, 0x74, 0x69, 0x6F, 0x6E, 0x61, 0x72, 0x6D, 0x65, 0x6E, 0x69, 0x61,
        0x6E, 0x71, 0x75, 0x65, 0x73, 0x74, 0x69, 0x6F, 0x6E, 0x64, 0x6F, 0x77, 0x6E, 0x71, 0x75, 0x65, 0x73, 0x74, 0x69, 0x6F, 0x6E, 0x64, 0x6F, 0x77,
        0x6E, 0x73, 0x6D, 0x61, 0x6C, 0x6C, 0x71, 0x75, 0x65, 0x73, 0x74, 0x69, 0x6F, 0x6E, 0x67, 0x72, 0x65, 0x65, 0x6B, 0x71, 0x75, 0x65, 0x73, 0x74,
        0x69, 0x6F, 0x6E, 0x6D, 0x6F, 0x6E, 0x6F, 0x73, 0x70, 0x61, 0x63, 0x65, 0x71, 0x75, 0x65, 0x73, 0x74, 0x69, 0x6F, 0x6E, 0x73, 0x6D, 0x61, 0x6C,
        0x6C, 0x71, 0x75, 0x6F, 0x74, 0x65, 0x64, 0x62, 0x6C, 0x71, 0x75, 0x6F, 0x74, 0x65, 0x64, 0x62, 0x6C, 0x62, 0x61, 0x73, 0x65, 0x71, 0x75, 0x6F,
        0x74, 0x65, 0x64, 0x62, 0x6C, 0x6C, 0x65, 0x66, 0x74, 0x71, 0x75, 0x6F, 0x74, 0x65, 0x64, 0x62, 0x6C, 0x6D, 0x6F, 0x6E, 0x6F, 0x73, 0x70, 0x61,
        0x63, 0x65, 0x71, 0x75, 0x6F, 0x74, 0x65, 0x64, 0x62, 0x6C, 0x70, 0x72, 0x69, 0x6D, 0x65, 0x71, 0x75, 0x6F, 0x74, 0x65, 0x64, 0x62, 0x6C, 0x70,
        0x72, 0x69, 0x6D, 0x65, 0x72, 0x65, 0x76, 0x65, 0x72, 0x73, 0x65, 0x64, 0x71, 0x75, 0x6F, 0x74, 0x65, 0x64, 0x62, 0x6C, 0x72, 0x69, 0x67, 0x68,
        0x74, 0x71, 0x75, 0x6F, 0x74, 0x65, 0x6C, 0x65, 0x66, 0x74, 0x71, 0x75, 0x6F, 0x74, 0x65, 0x6C, 0x65, 0x66, 0x74, 0x72, 0x65, 0x76, 0x65, 0x72,
        0x73, 0x65, 0x64, 0x71, 0x75, 0x6F, 0x74, 0x65, 0x72, 0x65, 0x76, 0x65, 0x72, 0x73, 0x65, 0x64, 0x71, 0x75, 0x6F, 0x74, 0x65, 0x72, 0x69, 0x67,
        0x68, 0x74, 0x71, 0x75, 0x6F, 0x74, 0x65, 0x72, 0x69, 0x67, 0x68, 0x74, 0x6E, 0x71, 0x75, 0x6F, 0x74, 0x65, 0x73, 0x69, 0x6E, 0x67, 0x6C, 0x62,
        0x61, 0x73, 0x65, 0x71, 0x75, 0x6F, 0x74, 0x65, 0x73, 0x69, 0x6E, 0x67, 0x6C, 0x65, 0x71, 0x75, 0x6F, 0x74, 0x65, 0x73, 0x69, 0x6E, 0x67, 0x6C,
        0x65, 0x6D, 0x6F, 0x6E, 0x6F, 0x73, 0x70, 0x61, 0x63, 0x65, 0x72, 0x72, 0x61, 0x61, 0x72, 0x6D, 0x65, 0x6E, 0x69, 0x61, 0x6E, 0x72, 0x61, 0x62,
        0x65, 0x6E, 0x67, 0x61, 0x6C, 0x69, 0x72, 0x61, 0x63, 0x75, 0x74, 0x65, 0x72, 0x61, 0x64, 0x65, 0x76, 0x61, 0x72, 0x61, 0x64, 0x69, 0x63, 0x61,
        0x6C, 0x72, 0x61, 0x64, 0x69, 0x63, 0x61, 0x6C, 0x65, 0x78, 0x72, 0x61, 0x64, 0x6F, 0x76, 0x65, 0x72, 0x73, 0x73, 0x71, 0x75, 0x61, 0x72, 0x65,
        0x72, 0x61, 0x64, 0x6F, 0x76, 0x65, 0x72, 0x73, 0x73, 0x71, 0x75, 0x61, 0x72, 0x65, 0x64, 0x73, 0x71, 0x75, 0x61, 0x72, 0x65, 0x72, 0x61, 0x64,
        0x73, 0x71, 0x75, 0x61, 0x72, 0x65, 0x72, 0x61, 0x66, 0x65, 0x72, 0x61, 0x66, 0x65, 0x68, 0x65, 0x62, 0x72, 0x65, 0x77, 0x72, 0x61, 0x67, 0x75,
        0x6A, 0x61, 0x72, 0x61, 0x74, 0x69, 0x72, 0x61, 0x67, 0x75, 0x72, 0x6D, 0x75, 0x6B, 0x68, 0x69, 0x72, 0x61, 0x68, 0x69, 0x72, 0x61, 0x67, 0x61,
        0x6E, 0x61, 0x72, 0x61, 0x6B, 0x61, 0x74, 0x61, 0x6B, 0x61, 0x6E, 0x61, 0x72, 0x61, 0x6B, 0x61, 0x74, 0x61, 0x6B, 0x61, 0x6E, 0x61, 0x68, 0x61,
        0x6C, 0x66, 0x77, 0x69, 0x64, 0x74, 0x68, 0x72, 0x61, 0x6C, 0x6F, 0x77, 0x65, 0x72, 0x64, 0x69, 0x61, 0x67, 0x6F, 0x6E, 0x61, 0x6C, 0x62, 0x65,
        0x6E, 0x67, 0x61, 0x6C, 0x69, 0x72, 0x61, 0x6D, 0x69, 0x64, 0x64, 0x6C, 0x65, 0x64, 0x69, 0x61, 0x67, 0x6F, 0x6E, 0x61, 0x6C, 0x62, 0x65, 0x6E,
        0x67, 0x61, 0x6C, 0x69, 0x72, 0x61, 0x6D, 0x73, 0x68, 0x6F, 0x72, 0x6E, 0x72, 0x61, 0x74, 0x69, 0x6F, 0x72, 0x62, 0x6F, 0x70, 0x6F, 0x6D, 0x6F,
        0x66, 0x6F, 0x72, 0x63, 0x61, 0x72, 0x6F, 0x6E, 0x72, 0x63, 0x65, 0x64, 0x69, 0x6C, 0x6C, 0x61, 0x72, 0x63, 0x69, 0x72, 0x63, 0x6C, 0x65, 0x72,
        0x63, 0x6F, 0x6D, 0x6D, 0x61, 0x61, 0x63, 0x63, 0x65, 0x6E, 0x74, 0x72, 0x64, 0x62, 0x6C, 0x67, 0x72, 0x61, 0x76, 0x65, 0x72, 0x64, 0x6F, 0x74,
        0x61, 0x63, 0x63, 0x65, 0x6E, 0x74, 0x72, 0x64, 0x6F, 0x74, 0x62, 0x65, 0x6C, 0x6F, 0x77, 0x72, 0x64, 0x6F, 0x74, 0x62, 0x65, 0x6C, 0x6F, 0x77,
        0x6D, 0x61, 0x63, 0x72, 0x6F, 0x6E, 0x72, 0x65, 0x66, 0x65, 0x72, 0x65, 0x6E, 0x63, 0x65, 0x6D, 0x61, 0x72, 0x6B, 0x72, 0x65, 0x66, 0x6C, 0x65,
        0x78, 0x73, 0x75, 0x62, 0x73, 0x65, 0x74, 0x72, 0x65, 0x66, 0x6C, 0x65, 0x78, 0x73, 0x75, 0x70, 0x65, 0x72, 0x73, 0x65, 0x74, 0x72, 0x65, 0x67,
        0x69, 0x73, 0x74, 0x65, 0x72, 0x65, 0x64, 0x72, 0x65, 0x67, 0x69, 0x73, 0x74, 0x65, 0x72, 0x73, 0x61, 0x6E, 0x73, 0x72, 0x65, 0x67, 0x69, 0x73,
        0x74, 0x65, 0x72, 0x73, 0x65, 0x72, 0x69, 0x66, 0x72, 0x65, 0x68, 0x61, 0x72, 0x61, 0x62, 0x69, 0x63, 0x72, 0x65, 0x68, 0x61, 0x72, 0x6D, 0x65,
        0x6E, 0x69, 0x61, 0x6E, 0x72, 0x65, 0x68, 0x66, 0x69, 0x6E, 0x61, 0x6C, 0x61, 0x72, 0x61, 0x62, 0x69, 0x63, 0x72, 0x65, 0x68, 0x69, 0x72, 0x61,
        0x67, 0x61, 0x6E, 0x61, 0x72, 0x65, 0x68, 0x79, 0x65, 0x68, 0x61, 0x6C, 0x65, 0x66, 0x6C, 0x61, 0x6D, 0x61, 0x72, 0x61, 0x62, 0x69, 0x63, 0x72,
        0x65, 0x6B, 0x61, 0x74, 0x61, 0x6B, 0x61, 0x6E, 0x61, 0x72, 0x65, 0x6B, 0x61, 0x74, 0x61, 0x6B, 0x61, 0x6E, 0x61, 0x68, 0x61, 0x6C, 0x66, 0x77,
        0x69, 0x64, 0x74, 0x68, 0x72, 0x65, 0x73, 0x68, 0x72, 0x65, 0x73, 0x68, 0x64, 0x61, 0x67, 0x65, 0x73, 0x68, 0x68, 0x65, 0x62, 0x72, 0x65, 0x77,
        0x72, 0x65, 0x73, 0x68, 0x68, 0x61, 0x74, 0x61, 0x66, 0x70, 0x61, 0x74, 0x61, 0x68, 0x72, 0x65, 0x73, 0x68, 0x68, 0x61, 0x74, 0x61, 0x66, 0x70,
        0x61, 0x74, 0x61, 0x68, 0x68, 0x65, 0x62, 0x72, 0x65, 0x77, 0x72, 0x65, 0x73, 0x68, 0x68, 0x61, 0x74, 0x61, 0x66, 0x73, 0x65, 0x67, 0x6F, 0x6C,
        0x72, 0x65, 0x73, 0x68, 0x68, 0x61, 0x74, 0x61, 0x66, 0x73, 0x65, 0x67, 0x6F, 0x6C, 0x68, 0x65, 0x62, 0x72, 0x65, 0x77, 0x72, 0x65, 0x73, 0x68,
        0x68, 0x65, 0x62, 0x72, 0x65, 0x77, 0x72, 0x65, 0x73, 0x68, 0x68, 0x69, 0x72, 0x69, 0x71, 0x72, 0x65, 0x73, 0x68, 0x68, 0x69, 0x72, 0x69, 0x71,
        0x68, 0x65, 0x62, 0x72, 0x65, 0x77, 0x72, 0x65, 0x73, 0x68, 0x68, 0x6F, 0x6C, 0x61, 0x6D, 0x72, 0x65, 0x73, 0x68, 0x68, 0x6F, 0x6C, 0x61, 0x6D,
        0x68, 0x65, 0x62, 0x72, 0x65, 0x77, 0x72, 0x65, 0x73, 0x68, 0x70, 0x61, 0x74, 0x61, 0x68, 0x72, 0x65, 0x73, 0x68, 0x70, 0x61, 0x74, 0x61, 0x68,
        0x68, 0x65, 0x62, 0x72, 0x65, 0x77, 0x72, 0x65, 0x73, 0x68, 0x71, 0x61, 0x6D, 0x61, 0x74, 0x73, 0x72, 0x65, 0x73, 0x68, 0x71, 0x61, 0x6D, 0x61,
        0x74, 0x73, 0x68, 0x65, 0x62, 0x72, 0x65, 0x77, 0x72, 0x65, 0x73, 0x68, 0x71, 0x75, 0x62, 0x75, 0x74, 0x73, 0x72, 0x65, 0x73, 0x68, 0x71, 0x75,
        0x62, 0x75, 0x74, 0x73, 0x68, 0x65, 0x62, 0x72, 0x65, 0x77, 0x72, 0x65, 0x73, 0x68, 0x73, 0x65, 0x67, 0x6F, 0x6C, 0x72, 0x65, 0x73, 0x68, 0x73,
        0x65, 0x67, 0x6F, 0x6C, 0x68, 0x65, 0x62, 0x72, 0x65, 0x77, 0x72, 0x65, 0x73, 0x68, 0x73, 0x68, 0x65, 0x76, 0x61, 0x72, 0x65, 0x73, 0x68, 0x73,
        0x68, 0x65, 0x76, 0x61, 0x68, 0x65, 0x62, 0x72, 0x65, 0x77, 0x72, 0x65, 0x73, 0x68, 0x74, 0x73, 0x65, 0x72, 0x65, 0x72, 0x65, 0x73, 0x68, 0x74,
        0x73, 0x65, 0x72, 0x65, 0x68, 0x65, 0x62, 0x72, 0x65, 0x77, 0x72, 0x65, 0x76, 0x65, 0x72, 0x73, 0x65, 0x64, 0x74, 0x69, 0x6C, 0x64, 0x65, 0x72,
        0x65, 0x76, 0x69, 0x61, 0x68, 0x65, 0x62, 0x72, 0x65, 0x77, 0x72, 0x65, 0x76, 0x69, 0x61, 0x6D, 0x75, 0x67, 0x72, 0x61, 0x73, 0x68, 0x68, 0x65,
        0x62, 0x72, 0x65, 0x77, 0x72, 0x65, 0x76, 0x6C, 0x6F, 0x67, 0x69, 0x63, 0x61, 0x6C, 0x6E, 0x6F, 0x74, 0x72, 0x66, 0x69, 0x73, 0x68, 0x68, 0x6F,
        0x6F, 0x6B, 0x72, 0x66, 0x69, 0x73, 0x68, 0x68, 0x6F, 0x6F, 0x6B, 0x72, 0x65, 0x76, 0x65, 0x72, 0x73, 0x65, 0x64, 0x72, 0x68, 0x61, 0x62, 0x65,
        0x6E, 0x67, 0x61, 0x6C, 0x69, 0x72, 0x68, 0x61, 0x64, 0x65, 0x76, 0x61, 0x72, 0x68, 0x6F, 0x72, 0x68, 0x6F, 0x6F, 0x6B, 0x72, 0x68, 0x6F, 0x6F,
        0x6B, 0x74, 0x75, 0x72, 0x6E, 0x65, 0x64, 0x72, 0x68, 0x6F, 0x6F, 0x6B, 0x74, 0x75, 0x72, 0x6E, 0x65, 0x64, 0x73, 0x75, 0x70, 0x65, 0x72, 0x69,
        0x6F, 0x72, 0x72, 0x68, 0x6F, 0x73, 0x79, 0x6D, 0x62, 0x6F, 0x6C, 0x67, 0x72, 0x65, 0x65, 0x6B, 0x72, 0x68, 0x6F, 0x74, 0x69, 0x63, 0x68, 0x6F,
        0x6F, 0x6B, 0x6D, 0x6F, 0x64, 0x72, 0x69, 0x65, 0x75, 0x6C, 0x61, 0x63, 0x69, 0x72, 0x63, 0x6C, 0x65, 0x6B, 0x6F, 0x72, 0x65, 0x61, 0x6E, 0x72,
        0x69, 0x65, 0x75, 0x6C, 0x61, 0x70, 0x61, 0x72, 0x65, 0x6E, 0x6B, 0x6F, 0x72, 0x65, 0x61, 0x6E, 0x72, 0x69, 0x65, 0x75, 0x6C, 0x63, 0x69, 0x72,
        0x63, 0x6C, 0x65, 0x6B, 0x6F, 0x72, 0x65, 0x61, 0x6E, 0x72, 0x69, 0x65, 0x75, 0x6C, 0x68, 0x69, 0x65, 0x75, 0x68, 0x6B, 0x6F, 0x72, 0x65, 0x61,
        0x6E, 0x72, 0x69, 0x65, 0x75, 0x6C, 0x6B, 0x69, 0x79, 0x65, 0x6F, 0x6B, 0x6B, 0x6F, 0x72, 0x65, 0x61, 0x6E, 0x72, 0x69, 0x65, 0x75, 0x6C, 0x6B,
        0x69, 0x79, 0x65, 0x6F, 0x6B, 0x73, 0x69, 0x6F, 0x73, 0x6B, 0x6F, 0x72, 0x65, 0x61, 0x6E, 0x72, 0x69, 0x65, 0x75, 0x6C, 0x6B, 0x6F, 0x72, 0x65,
        0x61, 0x6E, 0x72, 0x69, 0x65, 0x75, 0x6C, 0x6D, 0x69, 0x65, 0x75, 0x6D, 0x6B, 0x6F, 0x72, 0x65, 0x61, 0x6E, 0x72, 0x69, 0x65, 0x75, 0x6C, 0x70,
        0x61, 0x6E, 0x73, 0x69, 0x6F, 0x73, 0x6B, 0x6F, 0x72, 0x65, 0x61, 0x6E, 0x72, 0x69, 0x65, 0x75, 0x6C, 0x70, 0x61, 0x72, 0x65, 0x6E, 0x6B, 0x6F,
        0x72, 0x65, 0x61, 0x6E, 0x72, 0x69, 0x65, 0x75, 0x6C, 0x70, 0x68, 0x69, 0x65, 0x75, 0x70, 0x68, 0x6B, 0x6F, 0x72, 0x65, 0x61, 0x6E, 0x72, 0x69,
        0x65, 0x75, 0x6C, 0x70, 0x69, 0x65, 0x75, 0x70, 0x6B, 0x6F, 0x72, 0x65, 0x61, 0x6E, 0x72, 0x69, 0x65, 0x75, 0x6C, 0x70, 0x69, 0x65, 0x75, 0x70,
        0x73, 0x69, 0x6F, 0x73, 0x6B, 0x6F, 0x72, 0x65, 0x61, 0x6E, 0x72, 0x69, 0x65, 0x75, 0x6C, 0x73, 0x69, 0x6F, 0x73, 0x6B, 0x6F, 0x72, 0x65, 0x61,
        0x6E, 0x72, 0x69, 0x65, 0x75, 0x6C, 0x74, 0x68, 0x69, 0x65, 0x75, 0x74, 0x68, 0x6B, 0x6F, 0x72, 0x65, 0x61, 0x6E, 0x72, 0x69, 0x65, 0x75, 0x6C,
        0x74, 0x69, 0x6B, 0x65, 0x75, 0x74, 0x6B, 0x6F, 0x72, 0x65, 0x61, 0x6E, 0x72, 0x69, 0x65, 0x75, 0x6C, 0x79, 0x65, 0x6F, 0x72, 0x69, 0x6E, 0x68,
        0x69, 0x65, 0x75, 0x68, 0x6B, 0x6F, 0x72, 0x65, 0x61, 0x6E, 0x72, 0x69, 0x67, 0x68, 0x74, 0x61, 0x6E, 0x67, 0x6C, 0x65, 0x72, 0x69, 0x67, 0x68,
        0x74, 0x74, 0x61, 0x63, 0x6B, 0x62, 0x65, 0x6C, 0x6F, 0x77, 0x63, 0x6D, 0x62, 0x72, 0x69, 0x67, 0x68, 0x74, 0x74, 0x72, 0x69, 0x61, 0x6E, 0x67,
        0x6C, 0x65, 0x72, 0x69, 0x68, 0x69, 0x72, 0x61, 0x67, 0x61, 0x6E, 0x61, 0x72, 0x69, 0x6B, 0x61, 0x74, 0x61, 0x6B, 0x61, 0x6E, 0x61, 0x72, 0x69,
        0x6B, 0x61, 0x74, 0x61, 0x6B, 0x61, 0x6E, 0x61, 0x68, 0x61, 0x6C, 0x66, 0x77, 0x69, 0x64, 0x74, 0x68, 0x72, 0x69, 0x6E, 0x67, 0x72, 0x69, 0x6E,
        0x67, 0x62, 0x65, 0x6C, 0x6F, 0x77, 0x63, 0x6D, 0x62, 0x72, 0x69, 0x6E, 0x67, 0x63, 0x6D, 0x62, 0x72, 0x69, 0x6E, 0x67, 0x68, 0x61, 0x6C, 0x66,
        0x6C, 0x65, 0x66, 0x74, 0x72, 0x69, 0x6E, 0x67, 0x68, 0x61, 0x6C, 0x66, 0x6C, 0x65, 0x66, 0x74, 0x61, 0x72, 0x6D, 0x65, 0x6E, 0x69, 0x61, 0x6E,
        0x72, 0x69, 0x6E, 0x67, 0x68, 0x61, 0x6C, 0x66, 0x6C, 0x65, 0x66, 0x74, 0x62, 0x65, 0x6C, 0x6F, 0x77, 0x63, 0x6D, 0x62, 0x72, 0x69, 0x6E, 0x67,
        0x68, 0x61, 0x6C, 0x66, 0x6C, 0x65, 0x66, 0x74, 0x63, 0x65, 0x6E, 0x74, 0x65, 0x72, 0x65, 0x64, 0x72, 0x69, 0x6E, 0x67, 0x68, 0x61, 0x6C, 0x66,
        0x72, 0x69, 0x67, 0x68, 0x74, 0x72, 0x69, 0x6E, 0x67, 0x68, 0x61, 0x6C, 0x66, 0x72, 0x69, 0x67, 0x68, 0x74, 0x62, 0x65, 0x6C, 0x6F, 0x77, 0x63,
        0x6D, 0x62, 0x72, 0x69, 0x6E, 0x67, 0x68, 0x61, 0x6C, 0x66, 0x72, 0x69, 0x67, 0x68, 0x74, 0x63, 0x65, 0x6E, 0x74, 0x65, 0x72, 0x65, 0x64, 0x72,
        0x69, 0x6E, 0x76, 0x65, 0x72, 0x74, 0x65, 0x64, 0x62, 0x72, 0x65, 0x76, 0x65, 0x72, 0x69, 0x74, 0x74, 0x6F, 0x72, 0x75, 0x73, 0x71, 0x75, 0x61,
        0x72, 0x65, 0x72, 0x6C, 0x69, 0x6E, 0x65, 0x62, 0x65, 0x6C, 0x6F, 0x77, 0x72, 0x6C, 0x6F, 0x6E, 0x67, 0x6C, 0x65, 0x67, 0x72, 0x6C, 0x6F, 0x6E,
        0x67, 0x6C, 0x65, 0x67, 0x74, 0x75, 0x72, 0x6E, 0x65, 0x64, 0x72, 0x6D, 0x6F, 0x6E, 0x6F, 0x73, 0x70, 0x61, 0x63, 0x65, 0x72, 0x6F, 0x68, 0x69,
        0x72, 0x61, 0x67, 0x61, 0x6E, 0x61, 0x72, 0x6F, 0x6B, 0x61, 0x74, 0x61, 0x6B, 0x61, 0x6E, 0x61, 0x72, 0x6F, 0x6B, 0x61, 0x74, 0x61, 0x6B, 0x61,
        0x6E, 0x61, 0x68, 0x61, 0x6C, 0x66, 0x77, 0x69, 0x64, 0x74, 0x68, 0x72, 0x6F, 0x72, 0x75, 0x61, 0x74, 0x68, 0x61, 0x69, 0x72, 0x70, 0x61, 0x72,
        0x65, 0x6E, 0x72, 0x72, 0x61, 0x62, 0x65, 0x6E, 0x67, 0x61, 0x6C, 0x69, 0x72, 0x72, 0x61, 0x64, 0x65, 0x76, 0x61, 0x72, 0x72, 0x61, 0x67, 0x75,
        0x72, 0x6D, 0x75, 0x6B, 0x68, 0x69, 0x72, 0x72, 0x65, 0x68, 0x61, 0x72, 0x61, 0x62, 0x69, 0x63, 0x72, 0x72, 0x65, 0x68, 0x66, 0x69, 0x6E, 0x61,
        0x6C, 0x61, 0x72, 0x61, 0x62, 0x69, 0x63, 0x72, 0x72, 0x76, 0x6F, 0x63, 0x61, 0x6C, 0x69, 0x63, 0x62, 0x65, 0x6E, 0x67, 0x61, 0x6C, 0x69, 0x72,
        0x72, 0x76, 0x6F, 0x63, 0x61, 0x6C, 0x69, 0x63, 0x64, 0x65, 0x76, 0x61, 0x72, 0x72, 0x76, 0x6F, 0x63, 0x61, 0x6C, 0x69, 0x63, 0x67, 0x75, 0x6A,
        0x61, 0x72, 0x61, 0x74, 0x69, 0x72, 0x72, 0x76, 0x6F, 0x63, 0x61, 0x6C, 0x69, 0x63, 0x76, 0x6F, 0x77, 0x65, 0x6C, 0x73, 0x69, 0x67, 0x6E, 0x62,
        0x65, 0x6E, 0x67, 0x61, 0x6C, 0x69, 0x72, 0x72, 0x76, 0x6F, 0x63, 0x61, 0x6C, 0x69, 0x63, 0x76, 0x6F, 0x77, 0x65, 0x6C, 0x73, 0x69, 0x67, 0x6E,
        0x64, 0x65, 0x76, 0x61, 0x72, 0x72, 0x76, 0x6F, 0x63, 0x61, 0x6C, 0x69, 0x63, 0x76, 0x6F, 0x77, 0x65, 0x6C, 0x73, 0x69, 0x67, 0x6E, 0x67, 0x75,
        0x6A, 0x61, 0x72, 0x61, 0x74, 0x69, 0x72, 0x73, 0x75, 0x70, 0x65, 0x72, 0x69, 0x6F, 0x72, 0x72, 0x74, 0x62, 0x6C, 0x6F, 0x63, 0x6B, 0x72, 0x74,
        0x75, 0x72, 0x6E, 0x65, 0x64, 0x72, 0x74, 0x75, 0x72, 0x6E, 0x65, 0x64, 0x73, 0x75, 0x70, 0x65, 0x72, 0x69, 0x6F, 0x72, 0x72, 0x75, 0x68, 0x69,
        0x72, 0x61, 0x67, 0x61, 0x6E, 0x61, 0x72, 0x75, 0x6B, 0x61, 0x74, 0x61, 0x6B, 0x61, 0x6E, 0x61, 0x72, 0x75, 0x6B, 0x61, 0x74, 0x61, 0x6B, 0x61,
        0x6E, 0x61, 0x68, 0x61, 0x6C, 0x66, 0x77, 0x69, 0x64, 0x74, 0x68, 0x72, 0x75, 0x70, 0x65, 0x65, 0x6D, 0x61, 0x72, 0x6B, 0x62, 0x65, 0x6E, 0x67,
        0x61, 0x6C, 0x69, 0x72, 0x75, 0x70, 0x65, 0x65, 0x73, 0x69, 0x67, 0x6E, 0x62, 0x65, 0x6E, 0x67, 0x61, 0x6C, 0x69, 0x72, 0x75, 0x70, 0x69, 0x61,
        0x68, 0x72, 0x75, 0x74, 0x68, 0x61, 0x69, 0x72, 0x76, 0x6F, 0x63, 0x61, 0x6C, 0x69, 0x63, 0x62, 0x65, 0x6E, 0x67, 0x61, 0x6C, 0x69, 0x72, 0x76,
        0x6F, 0x63, 0x61, 0x6C, 0x69, 0x63, 0x64, 0x65, 0x76, 0x61, 0x72, 0x76, 0x6F, 0x63, 0x61, 0x6C, 0x69, 0x63, 0x67, 0x75, 0x6A, 0x61, 0x72, 0x61,
        0x74, 0x69, 0x72, 0x76, 0x6F, 0x63, 0x61, 0x6C, 0x69, 0x63, 0x76, 0x6F, 0x77, 0x65, 0x6C, 0x73, 0x69, 0x67, 0x6E, 0x62, 0x65, 0x6E, 0x67, 0x61,
        0x6C, 0x69, 0x72, 0x76, 0x6F, 0x63, 0x61, 0x6C, 0x69, 0x63, 0x76, 0x6F, 0x77, 0x65, 0x6C, 0x73, 0x69, 0x67, 0x6E, 0x64, 0x65, 0x76, 0x61, 0x72,
        0x76, 0x6F, 0x63, 0x61, 0x6C, 0x69, 0x63, 0x76, 0x6F, 0x77, 0x65, 0x6C, 0x73, 0x69, 0x67, 0x6E, 0x67, 0x75, 0x6A, 0x61, 0x72, 0x61, 0x74, 0x69,
        0x73, 0x73, 0x61, 0x62, 0x65, 0x6E, 0x67, 0x61, 0x6C, 0x69, 0x73, 0x61, 0x63, 0x75, 0x74, 0x65, 0x73, 0x61, 0x63, 0x75, 0x74, 0x65, 0x64, 0x6F,
        0x74, 0x61, 0x63, 0x63, 0x65, 0x6E, 0x74, 0x73, 0x61, 0x64, 0x61, 0x72, 0x61, 0x62, 0x69, 0x63, 0x73, 0x61, 0x64, 0x65, 0x76, 0x61, 0x73, 0x61,
        0x64, 0x66, 0x69, 0x6E, 0x61, 0x6C, 0x61, 0x72, 0x61, 0x62, 0x69, 0x63, 0x73, 0x61, 0x64, 0x69, 0x6E, 0x69, 0x74, 0x69, 0x61, 0x6C, 0x61, 0x72,
        0x61, 0x62, 0x69, 0x63, 0x73, 0x61, 0x64, 0x6D, 0x65, 0x64, 0x69, 0x61, 0x6C, 0x61, 0x72, 0x61, 0x62, 0x69, 0x63, 0x73, 0x61, 0x67, 0x75, 0x6A,
        0x61, 0x72, 0x61, 0x74, 0x69, 0x73, 0x61, 0x67, 0x75, 0x72, 0x6D, 0x75, 0x6B, 0x68, 0x69, 0x73, 0x61, 0x68, 0x69, 0x72, 0x61, 0x67, 0x61, 0x6E,
        0x61, 0x73, 0x61, 0x6B, 0x61, 0x74, 0x61, 0x6B, 0x61, 0x6E, 0x61, 0x73, 0x61, 0x6B, 0x61, 0x74, 0x61, 0x6B, 0x61, 0x6E, 0x61, 0x68, 0x61, 0x6C,
        0x66, 0x77, 0x69, 0x64, 0x74, 0x68, 0x73, 0x61, 0x6C, 0x6C, 0x61, 0x6C, 0x6C, 0x61, 0x68, 0x6F, 0x75, 0x61, 0x6C, 0x61, 0x79, 0x68, 0x65, 0x77,
        0x61, 0x73, 0x61, 0x6C, 0x6C, 0x61, 0x6D, 0x61, 0x72, 0x61, 0x62, 0x69, 0x63, 0x73, 0x61, 0x6D, 0x65, 0x6B, 0x68, 0x73, 0x61, 0x6D, 0x65, 0x6B,
        0x68, 0x64, 0x61, 0x67, 0x65, 0x73, 0x68, 0x73, 0x61, 0x6D, 0x65, 0x6B, 0x68, 0x64, 0x61, 0x67, 0x65, 0x73, 0x68, 0x68, 0x65, 0x62, 0x72, 0x65,
        0x77, 0x73, 0x61, 0x6D, 0x65, 0x6B, 0x68, 0x68, 0x65, 0x62, 0x72, 0x65, 0x77, 0x73, 0x61, 0x72, 0x61, 0x61, 0x61, 0x74, 0x68, 0x61, 0x69, 0x73,
        0x61, 0x72, 0x61, 0x61, 0x65, 0x74, 0x68, 0x61, 0x69, 0x73, 0x61, 0x72, 0x61, 0x61, 0x69, 0x6D, 0x61, 0x69, 0x6D, 0x61, 0x6C, 0x61, 0x69, 0x74,
        0x68, 0x61, 0x69, 0x73, 0x61, 0x72, 0x61, 0x61, 0x69, 0x6D, 0x61, 0x69, 0x6D, 0x75, 0x61, 0x6E, 0x74, 0x68, 0x61, 0x69, 0x73, 0x61, 0x72, 0x61,
        0x61, 0x6D, 0x74, 0x68, 0x61, 0x69, 0x73, 0x61, 0x72, 0x61, 0x61, 0x74, 0x68, 0x61, 0x69, 0x73, 0x61, 0x72, 0x61, 0x65, 0x74, 0x68, 0x61, 0x69,
        0x73, 0x61, 0x72, 0x61, 0x69, 0x69, 0x6C, 0x65, 0x66, 0x74, 0x74, 0x68, 0x61, 0x69, 0x73, 0x61, 0x72, 0x61, 0x69, 0x69, 0x74, 0x68, 0x61, 0x69,
        0x73, 0x61, 0x72, 0x61, 0x69, 0x6C, 0x65, 0x66, 0x74, 0x74, 0x68, 0x61, 0x69, 0x73, 0x61, 0x72, 0x61, 0x69, 0x74, 0x68, 0x61, 0x69, 0x73, 0x61,
        0x72, 0x61, 0x6F, 0x74, 0x68, 0x61, 0x69, 0x73, 0x61, 0x72, 0x61, 0x75, 0x65, 0x65, 0x6C, 0x65, 0x66, 0x74, 0x74, 0x68, 0x61, 0x69, 0x73, 0x61,
        0x72, 0x61, 0x75, 0x65, 0x65, 0x74, 0x68, 0x61, 0x69, 0x73, 0x61, 0x72, 0x61, 0x75, 0x65, 0x6C, 0x65, 0x66, 0x74, 0x74, 0x68, 0x61, 0x69, 0x73,
        0x61, 0x72, 0x61, 0x75, 0x65, 0x74, 0x68, 0x61, 0x69, 0x73, 0x61, 0x72, 0x61, 0x75, 0x74, 0x68, 0x61, 0x69, 0x73, 0x61, 0x72, 0x61, 0x75, 0x75,
        0x74, 0x68, 0x61, 0x69, 0x73, 0x62, 0x6F, 0x70, 0x6F, 0x6D, 0x6F, 0x66, 0x6F, 0x73, 0x63, 0x61, 0x72, 0x6F, 0x6E, 0x73, 0x63, 0x61, 0x72, 0x6F,
        0x6E, 0x64, 0x6F, 0x74, 0x61, 0x63, 0x63, 0x65, 0x6E, 0x74, 0x73, 0x63, 0x65, 0x64, 0x69, 0x6C, 0x6C, 0x61, 0x73, 0x63, 0x68, 0x77, 0x61, 0x73,
        0x63, 0x68, 0x77, 0x61, 0x63, 0x79, 0x72, 0x69, 0x6C, 0x6C, 0x69, 0x63, 0x73, 0x63, 0x68, 0x77, 0x61, 0x64, 0x69, 0x65, 0x72, 0x65, 0x73, 0x69,
        0x73, 0x63, 0x79, 0x72, 0x69, 0x6C, 0x6C, 0x69, 0x63, 0x73, 0x63, 0x68, 0x77, 0x61, 0x68, 0x6F, 0x6F, 0x6B, 0x73, 0x63, 0x69, 0x72, 0x63, 0x6C,
        0x65, 0x73, 0x63, 0x69, 0x72, 0x63, 0x75, 0x6D, 0x66, 0x6C, 0x65, 0x78, 0x73, 0x63, 0x6F, 0x6D, 0x6D, 0x61, 0x61, 0x63, 0x63, 0x65, 0x6E, 0x74,
        0x73, 0x64, 0x6F, 0x74, 0x61, 0x63, 0x63, 0x65, 0x6E, 0x74, 0x73, 0x64, 0x6F, 0x74, 0x62, 0x65, 0x6C, 0x6F, 0x77, 0x73, 0x64, 0x6F, 0x74, 0x62,
        0x65, 0x6C, 0x6F, 0x77, 0x64, 0x6F, 0x74, 0x61, 0x63, 0x63, 0x65, 0x6E, 0x74, 0x73, 0x65, 0x61, 0x67, 0x75, 0x6C, 0x6C, 0x62, 0x65, 0x6C, 0x6F,
        0x77, 0x63, 0x6D, 0x62, 0x73, 0x65, 0x63, 0x6F, 0x6E, 0x64, 0x73, 0x65, 0x63, 0x6F, 0x6E, 0x64, 0x74, 0x6F, 0x6E, 0x65, 0x63, 0x68, 0x69, 0x6E,
        0x65, 0x73, 0x65, 0x73, 0x65, 0x63, 0x74, 0x69, 0x6F, 0x6E, 0x73, 0x65, 0x65, 0x6E, 0x61, 0x72, 0x61, 0x62, 0x69, 0x63, 0x73, 0x65, 0x65, 0x6E,
        0x66, 0x69, 0x6E, 0x61, 0x6C, 0x61, 0x72, 0x61, 0x62, 0x69, 0x63, 0x73, 0x65, 0x65, 0x6E, 0x69, 0x6E, 0x69, 0x74, 0x69, 0x61, 0x6C, 0x61, 0x72,
        0x61, 0x62, 0x69, 0x63, 0x73, 0x65, 0x65, 0x6E, 0x6D, 0x65, 0x64, 0x69, 0x61, 0x6C, 0x61, 0x72, 0x61, 0x62, 0x69, 0x63, 0x73, 0x65, 0x67, 0x6F,
        0x6C, 0x73, 0x65, 0x67, 0x6F, 0x6C, 0x31, 0x33, 0x73, 0x65, 0x67, 0x6F, 0x6C, 0x31, 0x66, 0x73, 0x65, 0x67, 0x6F, 0x6C, 0x32, 0x63, 0x73, 0x65,
        0x67, 0x6F, 0x6C, 0x68, 0x65, 0x62, 0x72, 0x65, 0x77, 0x73, 0x65, 0x67, 0x6F, 0x6C, 0x6E, 0x61, 0x72, 0x72, 0x6F, 0x77, 0x68, 0x65, 0x62, 0x72,
        0x65, 0x77, 0x73, 0x65, 0x67, 0x6F, 0x6C, 0x71, 0x75, 0x61, 0x72, 0x74, 0x65, 0x72, 0x68, 0x65, 0x62, 0x72, 0x65, 0x77, 0x73, 0x65, 0x67, 0x6F,
        0x6C, 0x74, 0x61, 0x68, 0x65, 0x62, 0x72, 0x65, 0x77, 0x73, 0x65, 0x67, 0x6F, 0x6C, 0x77, 0x69, 0x64, 0x65, 0x68, 0x65, 0x62, 0x72, 0x65, 0x77,
        0x73, 0x65, 0x68, 0x61, 0x72, 0x6D, 0x65, 0x6E, 0x69, 0x61, 0x6E, 0x73, 0x65, 0x68, 0x69, 0x72, 0x61, 0x67, 0x61, 0x6E, 0x61, 0x73, 0x65, 0x6B,
        0x61, 0x74, 0x61, 0x6B, 0x61, 0x6E, 0x61, 0x73, 0x65, 0x6B, 0x61, 0x74, 0x61, 0x6B, 0x61, 0x6E, 0x61, 0x68, 0x61, 0x6C, 0x66, 0x77, 0x69, 0x64,
        0x74, 0x68, 0x73, 0x65, 0x6D, 0x69, 0x63, 0x6F, 0x6C, 0x6F, 0x6E, 0x73, 0x65, 0x6D, 0x69, 0x63, 0x6F, 0x6C, 0x6F, 0x6E, 0x61, 0x72, 0x61, 0x62,
        0x69, 0x63, 0x73, 0x65, 0x6D, 0x69, 0x63, 0x6F, 0x6C, 0x6F, 0x6E, 0x6D, 0x6F, 0x6E, 0x6F, 0x73, 0x70, 0x61, 0x63, 0x65, 0x73, 0x65, 0x6D, 0x69,
        0x63, 0x6F, 0x6C, 0x6F, 0x6E, 0x73, 0x6D, 0x61, 0x6C, 0x6C, 0x73, 0x65, 0x6D, 0x69, 0x76, 0x6F, 0x69, 0x63, 0x65, 0x64, 0x6D, 0x61, 0x72, 0x6B,
        0x6B, 0x61, 0x6E, 0x61, 0x73, 0x65, 0x6D, 0x69, 0x76, 0x6F, 0x69, 0x63, 0x65, 0x64, 0x6D, 0x61, 0x72, 0x6B, 0x6B, 0x61, 0x6E, 0x61, 0x68, 0x61,
        0x6C, 0x66, 0x77, 0x69, 0x64, 0x74, 0x68, 0x73, 0x65, 0x6E, 0x74, 0x69, 0x73, 0x71, 0x75, 0x61, 0x72, 0x65, 0x73, 0x65, 0x6E, 0x74, 0x6F, 0x73,
        0x71, 0x75, 0x61, 0x72, 0x65, 0x73, 0x65, 0x76, 0x65, 0x6E, 0x73, 0x65, 0x76, 0x65, 0x6E, 0x61, 0x72, 0x61, 0x62, 0x69, 0x63, 0x73, 0x65, 0x76,
        0x65, 0x6E, 0x62, 0x65, 0x6E, 0x67, 0x61, 0x6C, 0x69, 0x73, 0x65, 0x76, 0x65, 0x6E, 0x63, 0x69, 0x72, 0x63, 0x6C, 0x65, 0x73, 0x65, 0x76, 0x65,
        0x6E, 0x63, 0x69, 0x72, 0x63, 0x6C, 0x65, 0x69, 0x6E, 0x76, 0x65, 0x72, 0x73, 0x65, 0x73, 0x61, 0x6E, 0x73, 0x73, 0x65, 0x72, 0x69, 0x66, 0x73,
        0x65, 0x76, 0x65, 0x6E, 0x64, 0x65, 0x76, 0x61, 0x73, 0x65, 0x76, 0x65, 0x6E, 0x65, 0x69, 0x67, 0x68, 0x74, 0x68, 0x73, 0x73, 0x65, 0x76, 0x65,
        0x6E, 0x67, 0x75, 0x6A, 0x61, 0x72, 0x61, 0x74, 0x69, 0x73, 0x65, 0x76, 0x65, 0x6E, 0x67, 0x75, 0x72, 0x6D, 0x75, 0x6B, 0x68, 0x69, 0x73, 0x65,
        0x76, 0x65, 0x6E, 0x68, 0x61, 0x63, 0x6B, 0x61, 0x72, 0x61, 0x62, 0x69, 0x63, 0x73, 0x65, 0x76, 0x65, 0x6E, 0x68, 0x61, 0x6E, 0x67, 0x7A, 0x68,
        0x6F, 0x75, 0x73, 0x65, 0x76, 0x65, 0x6E, 0x69, 0x64, 0x65, 0x6F, 0x67, 0x72, 0x61, 0x70, 0x68, 0x69, 0x63, 0x70, 0x61, 0x72, 0x65, 0x6E, 0x73,
        0x65, 0x76, 0x65, 0x6E, 0x69, 0x6E, 0x66, 0x65, 0x72, 0x69, 0x6F, 0x72, 0x73, 0x65, 0x76, 0x65, 0x6E, 0x6D, 0x6F, 0x6E, 0x6F, 0x73, 0x70, 0x61,
        0x63, 0x65, 0x73, 0x65, 0x76, 0x65, 0x6E, 0x6F, 0x6C, 0x64, 0x73, 0x74, 0x79, 0x6C, 0x65, 0x73, 0x65, 0x76, 0x65, 0x6E, 0x70, 0x61, 0x72, 0x65,
        0x6E, 0x73, 0x65, 0x76, 0x65, 0x6E, 0x70, 0x65, 0x72, 0x69, 0x6F, 0x64, 0x73, 0x65, 0x76, 0x65, 0x6E, 0x70, 0x65, 0x72, 0x73, 0x69, 0x61, 0x6E,
        0x73, 0x65, 0x76, 0x65, 0x6E, 0x72, 0x6F, 0x6D, 0x61, 0x6E, 0x73, 0x65, 0x76, 0x65, 0x6E, 0x73, 0x75, 0x70, 0x65, 0x72, 0x69, 0x6F, 0x72, 0x73,
        0x65, 0x76, 0x65, 0x6E, 0x74, 0x65, 0x65, 0x6E, 0x63, 0x69, 0x72, 0x63, 0x6C, 0x65, 0x73, 0x65, 0x76, 0x65, 0x6E, 0x74, 0x65, 0x65, 0x6E, 0x70,
        0x61, 0x72, 0x65, 0x6E, 0x73, 0x65, 0x76, 0x65, 0x6E, 0x74, 0x65, 0x65, 0x6E, 0x70, 0x65, 0x72, 0x69, 0x6F, 0x64, 0x73, 0x65, 0x76, 0x65, 0x6E,
        0x74, 0x68, 0x61, 0x69, 0x73, 0x66, 0x74, 0x68, 0x79, 0x70, 0x68, 0x65, 0x6E, 0x73, 0x68, 0x61, 0x61, 0x72, 0x6D, 0x65, 0x6E, 0x69, 0x61, 0x6E,
        0x73, 0x68, 0x61, 0x62, 0x65, 0x6E, 0x67, 0x61, 0x6C, 0x69, 0x73, 0x68, 0x61, 0x63, 0x79, 0x72, 0x69, 0x6C, 0x6C, 0x69, 0x63, 0x73, 0x68, 0x61,
        0x64, 0x64, 0x61, 0x61, 0x72, 0x61, 0x62, 0x69, 0x63, 0x73, 0x68, 0x61, 0x64, 0x64, 0x61, 0x64, 0x61, 0x6D, 0x6D, 0x61, 0x61, 0x72, 0x61, 0x62,
        0x69, 0x63, 0x73, 0x68, 0x61, 0x64, 0x64, 0x61, 0x64, 0x61, 0x6D, 0x6D, 0x61, 0x74, 0x61, 0x6E, 0x61, 0x72, 0x61, 0x62, 0x69, 0x63, 0x73, 0x68,
        0x61, 0x64, 0x64, 0x61, 0x66, 0x61, 0x74, 0x68, 0x61, 0x61, 0x72, 0x61, 0x62, 0x69, 0x63, 0x73, 0x68, 0x61, 0x64, 0x64, 0x61, 0x66, 0x61, 0x74,
        0x68, 0x61, 0x74, 0x61, 0x6E, 0x61, 0x72, 0x61, 0x62, 0x69, 0x63, 0x73, 0x68, 0x61, 0x64, 0x64, 0x61, 0x6B, 0x61, 0x73, 0x72, 0x61, 0x61, 0x72,
        0x61, 0x62, 0x69, 0x63, 0x73, 0x68, 0x61, 0x64, 0x64, 0x61, 0x6B, 0x61, 0x73, 0x72, 0x61, 0x74, 0x61, 0x6E, 0x61, 0x72, 0x61, 0x62, 0x69, 0x63,
        0x73, 0x68, 0x61, 0x64, 0x65, 0x73, 0x68, 0x61, 0x64, 0x65, 0x64, 0x61, 0x72, 0x6B, 0x73, 0x68, 0x61, 0x64, 0x65, 0x6C, 0x69, 0x67, 0x68, 0x74,
        0x73, 0x68, 0x61, 0x64, 0x65, 0x6D, 0x65, 0x64, 0x69, 0x75, 0x6D, 0x73, 0x68, 0x61, 0x64, 0x65, 0x76, 0x61, 0x73, 0x68, 0x61, 0x67, 0x75, 0x6A,
        0x61, 0x72, 0x61, 0x74, 0x69, 0x73, 0x68, 0x61, 0x67, 0x75, 0x72, 0x6D, 0x75, 0x6B, 0x68, 0x69, 0x73, 0x68, 0x61, 0x6C, 0x73, 0x68, 0x65, 0x6C,
        0x65, 0x74, 0x68, 0x65, 0x62, 0x72, 0x65, 0x77, 0x73, 0x68, 0x62, 0x6F, 0x70, 0x6F, 0x6D, 0x6F, 0x66, 0x6F, 0x73, 0x68, 0x63, 0x68, 0x61, 0x63,
        0x79, 0x72, 0x69, 0x6C, 0x6C, 0x69, 0x63, 0x73, 0x68, 0x65, 0x65, 0x6E, 0x61, 0x72, 0x61, 0x62, 0x69, 0x63, 0x73, 0x68, 0x65, 0x65, 0x6E, 0x66,
        0x69, 0x6E, 0x61, 0x6C, 0x61, 0x72, 0x61, 0x62, 0x69, 0x63, 0x73, 0x68, 0x65, 0x65, 0x6E, 0x69, 0x6E, 0x69, 0x74, 0x69, 0x61, 0x6C, 0x61, 0x72,
        0x61, 0x62, 0x69, 0x63, 0x73, 0x68, 0x65, 0x65, 0x6E, 0x6D, 0x65, 0x64, 0x69, 0x61, 0x6C, 0x61, 0x72, 0x61, 0x62, 0x69, 0x63, 0x73, 0x68, 0x65,
        0x69, 0x63, 0x6F, 0x70, 0x74, 0x69, 0x63, 0x73, 0x68, 0x65, 0x71, 0x65, 0x6C, 0x73, 0x68, 0x65, 0x71, 0x65, 0x6C, 0x68, 0x65, 0x62, 0x72, 0x65,
        0x77, 0x73, 0x68, 0x65, 0x76, 0x61, 0x73, 0x68, 0x65, 0x76, 0x61, 0x31, 0x31, 0x35, 0x73, 0x68, 0x65, 0x76, 0x61, 0x31, 0x35, 0x73, 0x68, 0x65,
        0x76, 0x61, 0x32, 0x32, 0x73, 0x68, 0x65, 0x76, 0x61, 0x32, 0x65, 0x73, 0x68, 0x65, 0x76, 0x61, 0x68, 0x65, 0x62, 0x72, 0x65, 0x77, 0x73, 0x68,
        0x65, 0x76, 0x61, 0x6E, 0x61, 0x72, 0x72, 0x6F, 0x77, 0x68, 0x65, 0x62, 0x72, 0x65, 0x77, 0x73, 0x68, 0x65, 0x76, 0x61, 0x71, 0x75, 0x61, 0x72,
        0x74, 0x65, 0x72, 0x68, 0x65, 0x62, 0x72, 0x65, 0x77, 0x73, 0x68, 0x65, 0x76, 0x61, 0x77, 0x69, 0x64, 0x65, 0x68, 0x65, 0x62, 0x72, 0x65, 0x77,
        0x73, 0x68, 0x68, 0x61, 0x63, 0x79, 0x72, 0x69, 0x6C, 0x6C, 0x69, 0x63, 0x73, 0x68, 0x69, 0x6D, 0x61, 0x63, 0x6F, 0x70, 0x74, 0x69, 0x63, 0x73,
        0x68, 0x69, 0x6E, 0x73, 0x68, 0x69, 0x6E, 0x64, 0x61, 0x67, 0x65, 0x73, 0x68, 0x73, 0x68, 0x69, 0x6E, 0x64, 0x61, 0x67, 0x65, 0x73, 0x68, 0x68,
        0x65, 0x62, 0x72, 0x65, 0x77, 0x73, 0x68, 0x69, 0x6E, 0x64, 0x61, 0x67, 0x65, 0x73, 0x68, 0x73, 0x68, 0x69, 0x6E, 0x64, 0x6F, 0x74, 0x73, 0x68,
        0x69, 0x6E, 0x64, 0x61, 0x67, 0x65, 0x73, 0x68, 0x73, 0x68, 0x69, 0x6E, 0x64, 0x6F, 0x74, 0x68, 0x65, 0x62, 0x72, 0x65, 0x77, 0x73, 0x68, 0x69,
        0x6E, 0x64, 0x61, 0x67, 0x65, 0x73, 0x68, 0x73, 0x69, 0x6E, 0x64, 0x6F, 0x74, 0x73, 0x68, 0x69, 0x6E, 0x64, 0x61, 0x67, 0x65, 0x73, 0x68, 0x73,
        0x69, 0x6E, 0x64, 0x6F, 0x74, 0x68, 0x65, 0x62, 0x72, 0x65, 0x77, 0x73, 0x68, 0x69, 0x6E, 0x64, 0x6F, 0x74, 0x68, 0x65, 0x62, 0x72, 0x65, 0x77,
        0x73, 0x68, 0x69, 0x6E, 0x68, 0x65, 0x62, 0x72, 0x65, 0x77, 0x73, 0x68, 0x69, 0x6E, 0x73, 0x68, 0x69, 0x6E, 0x64, 0x6F, 0x74, 0x73, 0x68, 0x69,
        0x6E, 0x73, 0x68, 0x69, 0x6E, 0x64, 0x6F, 0x74, 0x68, 0x65, 0x62, 0x72, 0x65, 0x77, 0x73, 0x68, 0x69, 0x6E, 0x73, 0x69, 0x6E, 0x64, 0x6F, 0x74,
        0x73, 0x68, 0x69, 0x6E, 0x73, 0x69, 0x6E, 0x64, 0x6F, 0x74, 0x68, 0x65, 0x62, 0x72, 0x65, 0x77, 0x73, 0x68, 0x6F, 0x6F, 0x6B, 0x73, 0x69, 0x67,
        0x6D, 0x61, 0x73, 0x69, 0x67, 0x6D, 0x61, 0x31, 0x73, 0x69, 0x67, 0x6D, 0x61, 0x66, 0x69, 0x6E, 0x61, 0x6C, 0x73, 0x69, 0x67, 0x6D, 0x61, 0x6C,
        0x75, 0x6E, 0x61, 0x74, 0x65, 0x73, 0x79, 0x6D, 0x62, 0x6F, 0x6C, 0x67, 0x72, 0x65, 0x65, 0x6B, 0x73, 0x69, 0x68, 0x69, 0x72, 0x61, 0x67, 0x61,
        0x6E, 0x61, 0x73, 0x69, 0x6B, 0x61, 0x74, 0x61, 0x6B, 0x61, 0x6E, 0x61, 0x73, 0x69, 0x6B, 0x61, 0x74, 0x61, 0x6B, 0x61, 0x6E, 0x61, 0x68, 0x61,
        0x6C, 0x66, 0x77, 0x69, 0x64, 0x74, 0x68, 0x73, 0x69, 0x6C, 0x75, 0x71, 0x68, 0x65, 0x62, 0x72, 0x65, 0x77, 0x73, 0x69, 0x6C, 0x75, 0x71, 0x6C,
        0x65, 0x66, 0x74, 0x68, 0x65, 0x62, 0x72, 0x65, 0x77, 0x73, 0x69, 0x6D, 0x69, 0x6C, 0x61, 0x72, 0x73, 0x69, 0x6E, 0x64, 0x6F, 0x74, 0x68, 0x65,
        0x62, 0x72, 0x65, 0x77, 0x73, 0x69, 0x6F, 0x73, 0x61, 0x63, 0x69, 0x72, 0x63, 0x6C, 0x65, 0x6B, 0x6F, 0x72, 0x65, 0x61, 0x6E, 0x73, 0x69, 0x6F,
        0x73, 0x61, 0x70, 0x61, 0x72, 0x65, 0x6E, 0x6B, 0x6F, 0x72, 0x65, 0x61, 0x6E, 0x73, 0x69, 0x6F, 0x73, 0x63, 0x69, 0x65, 0x75, 0x63, 0x6B, 0x6F,
        0x72, 0x65, 0x61, 0x6E, 0x73, 0x69, 0x6F, 0x73, 0x63, 0x69, 0x72, 0x63, 0x6C, 0x65, 0x6B, 0x6F, 0x72, 0x65, 0x61, 0x6E, 0x73, 0x69, 0x6F, 0x73,
        0x6B, 0x69, 0x79, 0x65, 0x6F, 0x6B, 0x6B, 0x6F, 0x72, 0x65, 0x61, 0x6E, 0x73, 0x69, 0x6F, 0x73, 0x6B, 0x6F, 0x72, 0x65, 0x61, 0x6E, 0x73, 0x69,
        0x6F, 0x73, 0x6E, 0x69, 0x65, 0x75, 0x6E, 0x6B, 0x6F, 0x72, 0x65, 0x61, 0x6E, 0x73, 0x69, 0x6F, 0x73, 0x70, 0x61, 0x72, 0x65, 0x6E, 0x6B, 0x6F,
        0x72, 0x65, 0x61, 0x6E, 0x73, 0x69, 0x6F, 0x73, 0x70, 0x69, 0x65, 0x75, 0x70, 0x6B, 0x6F, 0x72, 0x65, 0x61, 0x6E, 0x73, 0x69, 0x6F, 0x73, 0x74,
        0x69, 0x6B, 0x65, 0x75, 0x74, 0x6B, 0x6F, 0x72, 0x65, 0x61, 0x6E, 0x73, 0x69, 0x78, 0x73, 0x69, 0x78, 0x61, 0x72, 0x61, 0x62, 0x69, 0x63, 0x73,
        0x69, 0x78, 0x62, 0x65, 0x6E, 0x67, 0x61, 0x6C, 0x69, 0x73, 0x69, 0x78, 0x63, 0x69, 0x72, 0x63, 0x6C, 0x65, 0x73, 0x69, 0x78, 0x63, 0x69, 0x72,
        0x63, 0x6C, 0x65, 0x69, 0x6E, 0x76, 0x65, 0x72, 0x73, 0x65, 0x73, 0x61, 0x6E, 0x73, 0x73, 0x65, 0x72, 0x69, 0x66, 0x73, 0x69, 0x78, 0x64, 0x65,
        0x76, 0x61, 0x73, 0x69, 0x78, 0x67, 0x75, 0x6A, 0x61, 0x72, 0x61, 0x74, 0x69, 0x73, 0x69, 0x78, 0x67, 0x75, 0x72, 0x6D, 0x75, 0x6B, 0x68, 0x69,
        0x73, 0x69, 0x78, 0x68, 0x61, 0x63, 0x6B, 0x61, 0x72, 0x61, 0x62, 0x69, 0x63, 0x73, 0x69, 0x78, 0x68, 0x61, 0x6E, 0x67, 0x7A, 0x68, 0x6F, 0x75,
        0x73, 0x69, 0x78, 0x69, 0x64, 0x65, 0x6F, 0x67, 0x72, 0x61, 0x70, 0x68, 0x69, 0x63, 0x70, 0x61, 0x72, 0x65, 0x6E, 0x73, 0x69, 0x78, 0x69, 0x6E,
        0x66, 0x65, 0x72, 0x69, 0x6F, 0x72, 0x73, 0x69, 0x78, 0x6D, 0x6F, 0x6E, 0x6F, 0x73, 0x70, 0x61, 0x63, 0x65, 0x73, 0x69, 0x78, 0x6F, 0x6C, 0x64,
        0x73, 0x74, 0x79, 0x6C, 0x65, 0x73, 0x69, 0x78, 0x70, 0x61, 0x72, 0x65, 0x6E, 0x73, 0x69, 0x78, 0x70, 0x65, 0x72, 0x69, 0x6F, 0x64, 0x73, 0x69,
        0x78, 0x70, 0x65, 0x72, 0x73, 0x69, 0x61, 0x6E, 0x73, 0x69, 0x78, 0x72, 0x6F, 0x6D, 0x61, 0x6E, 0x73, 0x69, 0x78, 0x73, 0x75, 0x70, 0x65, 0x72,
        0x69, 0x6F, 0x72, 0x73, 0x69, 0x78, 0x74, 0x65, 0x65, 0x6E, 0x63, 0x69, 0x72, 0x63, 0x6C, 0x65, 0x73, 0x69, 0x78, 0x74, 0x65, 0x65, 0x6E, 0x63,
        0x75, 0x72, 0x72, 0x65, 0x6E, 0x63, 0x79, 0x64, 0x65, 0x6E, 0x6F, 0x6D, 0x69, 0x6E, 0x61, 0x74, 0x6F, 0x72, 0x62, 0x65, 0x6E, 0x67, 0x61, 0x6C,
        0x69, 0x73, 0x69, 0x78, 0x74, 0x65, 0x65, 0x6E, 0x70, 0x61, 0x72, 0x65, 0x6E, 0x73, 0x69, 0x78, 0x74, 0x65, 0x65, 0x6E, 0x70, 0x65, 0x72, 0x69,
        0x6F, 0x64, 0x73, 0x69, 0x78, 0x74, 0x68, 0x61, 0x69, 0x73, 0x6C, 0x61, 0x73, 0x68, 0x73, 0x6C, 0x61, 0x73, 0x68, 0x6D, 0x6F, 0x6E, 0x6F, 0x73,
        0x70, 0x61, 0x63, 0x65, 0x73, 0x6C, 0x6F, 0x6E, 0x67, 0x73, 0x6C, 0x6F, 0x6E, 0x67, 0x64, 0x6F, 0x74, 0x61, 0x63, 0x63, 0x65, 0x6E, 0x74, 0x73,
        0x6D, 0x69, 0x6C, 0x65, 0x66, 0x61, 0x63, 0x65, 0x73, 0x6D, 0x6F, 0x6E, 0x6F, 0x73, 0x70, 0x61, 0x63, 0x65, 0x73, 0x6F, 0x66, 0x70, 0x61, 0x73,
        0x75, 0x71, 0x68, 0x65, 0x62, 0x72, 0x65, 0x77, 0x73, 0x6F, 0x66, 0x74, 0x68, 0x79, 0x70, 0x68, 0x65, 0x6E, 0x73, 0x6F, 0x66, 0x74, 0x73, 0x69,
        0x67, 0x6E, 0x63, 0x79, 0x72, 0x69, 0x6C, 0x6C, 0x69, 0x63, 0x73, 0x6F, 0x68, 0x69, 0x72, 0x61, 0x67, 0x61, 0x6E, 0x61, 0x73, 0x6F, 0x6B, 0x61,
        0x74, 0x61, 0x6B, 0x61, 0x6E, 0x61, 0x73, 0x6F, 0x6B, 0x61, 0x74, 0x61, 0x6B, 0x61, 0x6E, 0x61, 0x68, 0x61, 0x6C, 0x66, 0x77, 0x69, 0x64, 0x74,
        0x68, 0x73, 0x6F, 0x6C, 0x69, 0x64, 0x75, 0x73, 0x6C, 0x6F, 0x6E, 0x67, 0x6F, 0x76, 0x65, 0x72, 0x6C, 0x61, 0x79, 0x63, 0x6D, 0x62, 0x73, 0x6F,
        0x6C, 0x69, 0x64, 0x75, 0x73, 0x73, 0x68, 0x6F, 0x72, 0x74, 0x6F, 0x76, 0x65, 0x72, 0x6C, 0x61, 0x79, 0x63, 0x6D, 0x62, 0x73, 0x6F, 0x72, 0x75,
        0x73, 0x69, 0x74, 0x68, 0x61, 0x69, 0x73, 0x6F, 0x73, 0x61, 0x6C, 0x61, 0x74, 0x68, 0x61, 0x69, 0x73, 0x6F, 0x73, 0x6F, 0x74, 0x68, 0x61, 0x69,
        0x73, 0x6F, 0x73, 0x75, 0x61, 0x74, 0x68, 0x61, 0x69, 0x73, 0x70, 0x61, 0x63, 0x65, 0x73, 0x70, 0x61, 0x63, 0x65, 0x68, 0x61, 0x63, 0x6B, 0x61,
        0x72, 0x61, 0x62, 0x69, 0x63, 0x73, 0x70, 0x61, 0x64, 0x65, 0x73, 0x70, 0x61, 0x64, 0x65, 0x73, 0x75, 0x69, 0x74, 0x62, 0x6C, 0x61, 0x63, 0x6B,
        0x73, 0x70, 0x61, 0x64, 0x65, 0x73, 0x75, 0x69, 0x74, 0x77, 0x68, 0x69, 0x74, 0x65, 0x73, 0x70, 0x61, 0x72, 0x65, 0x6E, 0x73, 0x71, 0x75, 0x61,
        0x72, 0x65, 0x62, 0x65, 0x6C, 0x6F, 0x77, 0x63, 0x6D, 0x62, 0x73, 0x71, 0x75, 0x61, 0x72, 0x65, 0x63, 0x63, 0x73, 0x71, 0x75, 0x61, 0x72, 0x65,
        0x63, 0x6D, 0x73, 0x71, 0x75, 0x61, 0x72, 0x65, 0x64, 0x69, 0x61, 0x67, 0x6F, 0x6E, 0x61, 0x6C, 0x63, 0x72, 0x6F, 0x73, 0x73, 0x68, 0x61, 0x74,
        0x63, 0x68, 0x66, 0x69, 0x6C, 0x6C, 0x73, 0x71, 0x75, 0x61, 0x72, 0x65, 0x68, 0x6F, 0x72, 0x69, 0x7A, 0x6F, 0x6E, 0x74, 0x61, 0x6C, 0x66, 0x69,
        0x6C, 0x6C, 0x73, 0x71, 0x75, 0x61, 0x72, 0x65, 0x6B, 0x67, 0x73, 0x71, 0x75, 0x61, 0x72, 0x65, 0x6B, 0x6D, 0x73, 0x71, 0x75, 0x61, 0x72, 0x65,
        0x6B, 0x6D, 0x63, 0x61, 0x70, 0x69, 0x74, 0x61, 0x6C, 0x73, 0x71, 0x75, 0x61, 0x72, 0x65, 0x6C, 0x6E, 0x73, 0x71, 0x75, 0x61, 0x72, 0x65, 0x6C,
        0x6F, 0x67, 0x73, 0x71, 0x75, 0x61, 0x72, 0x65, 0x6D, 0x67, 0x73, 0x71, 0x75, 0x61, 0x72, 0x65, 0x6D, 0x69, 0x6C, 0x73, 0x71, 0x75, 0x61, 0x72,
        0x65, 0x6D, 0x6D, 0x73, 0x71, 0x75, 0x61, 0x72, 0x65, 0x6D, 0x73, 0x71, 0x75, 0x61, 0x72, 0x65, 0x64, 0x73, 0x71, 0x75, 0x61, 0x72, 0x65, 0x6F,
        0x72, 0x74, 0x68, 0x6F, 0x67, 0x6F, 0x6E, 0x61, 0x6C, 0x63, 0x72, 0x6F, 0x73, 0x73, 0x68, 0x61, 0x74, 0x63, 0x68, 0x66, 0x69, 0x6C, 0x6C, 0x73,
        0x71, 0x75, 0x61, 0x72, 0x65, 0x75, 0x70, 0x70, 0x65, 0x72, 0x6C, 0x65, 0x66, 0x74, 0x74, 0x6F, 0x6C, 0x6F, 0x77, 0x65, 0x72, 0x72, 0x69, 0x67,
        0x68, 0x74, 0x66, 0x69, 0x6C, 0x6C, 0x73, 0x71, 0x75, 0x61, 0x72, 0x65, 0x75, 0x70, 0x70, 0x65, 0x72, 0x72, 0x69, 0x67, 0x68, 0x74, 0x74, 0x6F,
        0x6C, 0x6F, 0x77, 0x65, 0x72, 0x6C, 0x65, 0x66, 0x74, 0x66, 0x69, 0x6C, 0x6C, 0x73, 0x71, 0x75, 0x61, 0x72, 0x65, 0x76, 0x65, 0x72, 0x74, 0x69,
        0x63, 0x61, 0x6C, 0x66, 0x69, 0x6C, 0x6C, 0x73, 0x71, 0x75, 0x61, 0x72, 0x65, 0x77, 0x68, 0x69, 0x74, 0x65, 0x77, 0x69, 0x74, 0x68, 0x73, 0x6D,
        0x61, 0x6C, 0x6C, 0x62, 0x6C, 0x61, 0x63, 0x6B, 0x73, 0x72, 0x73, 0x71, 0x75, 0x61, 0x72, 0x65, 0x73, 0x73, 0x61, 0x62, 0x65, 0x6E, 0x67, 0x61,
        0x6C, 0x69, 0x73, 0x73, 0x61, 0x64, 0x65, 0x76, 0x61, 0x73, 0x73, 0x61, 0x67, 0x75, 0x6A, 0x61, 0x72, 0x61, 0x74, 0x69, 0x73, 0x73, 0x61, 0x6E,
        0x67, 0x63, 0x69, 0x65, 0x75, 0x63, 0x6B, 0x6F, 0x72, 0x65, 0x61, 0x6E, 0x73, 0x73, 0x61, 0x6E, 0x67, 0x68, 0x69, 0x65, 0x75, 0x68, 0x6B, 0x6F,
        0x72, 0x65, 0x61, 0x6E, 0x73, 0x73, 0x61, 0x6E, 0x67, 0x69, 0x65, 0x75, 0x6E, 0x67, 0x6B, 0x6F, 0x72, 0x65, 0x61, 0x6E, 0x73, 0x73, 0x61, 0x6E,
        0x67, 0x6B, 0x69, 0x79, 0x65, 0x6F, 0x6B, 0x6B, 0x6F, 0x72, 0x65, 0x61, 0x6E, 0x73, 0x73, 0x61, 0x6E, 0x67, 0x6E, 0x69, 0x65, 0x75, 0x6E, 0x6B,
        0x6F, 0x72, 0x65, 0x61, 0x6E, 0x73, 0x73, 0x61, 0x6E, 0x67, 0x70, 0x69, 0x65, 0x75, 0x70, 0x6B, 0x6F, 0x72, 0x65, 0x61, 0x6E, 0x73, 0x73, 0x61,
        0x6E, 0x67, 0x73, 0x69, 0x6F, 0x73, 0x6B, 0x6F, 0x72, 0x65, 0x61, 0x6E, 0x73, 0x73, 0x61, 0x6E, 0x67, 0x74, 0x69, 0x6B, 0x65, 0x75, 0x74, 0x6B,
        0x6F, 0x72, 0x65, 0x61, 0x6E, 0x73, 0x73, 0x75, 0x70, 0x65, 0x72, 0x69, 0x6F, 0x72, 0x73, 0x74, 0x65, 0x72, 0x6C, 0x69, 0x6E, 0x67, 0x73, 0x74,
        0x65, 0x72, 0x6C, 0x69, 0x6E, 0x67, 0x6D, 0x6F, 0x6E, 0x6F, 0x73, 0x70, 0x61, 0x63, 0x65, 0x73, 0x74, 0x72, 0x6F, 0x6B, 0x65, 0x6C, 0x6F, 0x6E,
        0x67, 0x6F, 0x76, 0x65, 0x72, 0x6C, 0x61, 0x79, 0x63, 0x6D, 0x62, 0x73, 0x74, 0x72, 0x6F, 0x6B, 0x65, 0x73, 0x68, 0x6F, 0x72, 0x74, 0x6F, 0x76,
        0x65, 0x72, 0x6C, 0x61, 0x79, 0x63, 0x6D, 0x62, 0x73, 0x75, 0x62, 0x73, 0x65, 0x74, 0x73, 0x75, 0x62, 0x73, 0x65, 0x74, 0x6E, 0x6F, 0x74, 0x65,
        0x71, 0x75, 0x61, 0x6C, 0x73, 0x75, 0x62, 0x73, 0x65, 0x74, 0x6F, 0x72, 0x65, 0x71, 0x75, 0x61, 0x6C, 0x73, 0x75, 0x63, 0x63, 0x65, 0x65, 0x64,
        0x73, 0x73, 0x75, 0x63, 0x68, 0x74, 0x68, 0x61, 0x74, 0x73, 0x75, 0x68, 0x69, 0x72, 0x61, 0x67, 0x61, 0x6E, 0x61, 0x73, 0x75, 0x6B, 0x61, 0x74,
        0x61, 0x6B, 0x61, 0x6E, 0x61, 0x73, 0x75, 0x6B, 0x61, 0x74, 0x61, 0x6B, 0x61, 0x6E, 0x61, 0x68, 0x61, 0x6C, 0x66, 0x77, 0x69, 0x64, 0x74, 0x68,
        0x73, 0x75, 0x6B, 0x75, 0x6E, 0x61, 0x72, 0x61, 0x62, 0x69, 0x63, 0x73, 0x75, 0x6D, 0x6D, 0x61, 0x74, 0x69, 0x6F, 0x6E, 0x73, 0x75, 0x6E, 0x73,
        0x75, 0x70, 0x65, 0x72, 0x73, 0x65, 0x74, 0x73, 0x75, 0x70, 0x65, 0x72, 0x73, 0x65, 0x74, 0x6E, 0x6F, 0x74, 0x65, 0x71, 0x75, 0x61, 0x6C, 0x73,
        0x75, 0x70, 0x65, 0x72, 0x73, 0x65, 0x74, 0x6F, 0x72, 0x65, 0x71, 0x75, 0x61, 0x6C, 0x73, 0x76, 0x73, 0x71, 0x75, 0x61, 0x72, 0x65, 0x73, 0x79,
        0x6F, 0x75, 0x77, 0x61, 0x65, 0x72, 0x61, 0x73, 0x71, 0x75, 0x61, 0x72, 0x65, 0x74, 0x74, 0x61, 0x62, 0x65, 0x6E, 0x67, 0x61, 0x6C, 0x69, 0x74,
        0x61, 0x63, 0x6B, 0x64, 0x6F, 0x77, 0x6E, 0x74, 0x61, 0x63, 0x6B, 0x6C, 0x65, 0x66, 0x74, 0x74, 0x61, 0x64, 0x65, 0x76, 0x61, 0x74, 0x61, 0x67,
        0x75, 0x6A, 0x61, 0x72, 0x61, 0x74, 0x69, 0x74, 0x61, 0x67, 0x75, 0x72, 0x6D, 0x75, 0x6B, 0x68, 0x69, 0x74, 0x61, 0x68, 0x61, 0x72, 0x61, 0x62,
        0x69, 0x63, 0x74, 0x61, 0x68, 0x66, 0x69, 0x6E, 0x61, 0x6C, 0x61, 0x72, 0x61, 0x62, 0x69, 0x63, 0x74, 0x61, 0x68, 0x69, 0x6E, 0x69, 0x74, 0x69,
        0x61, 0x6C, 0x61, 0x72, 0x61, 0x62, 0x69, 0x63, 0x74, 0x61, 0x68, 0x69, 0x72, 0x61, 0x67, 0x61, 0x6E, 0x61, 0x74, 0x61, 0x68, 0x6D, 0x65, 0x64,
        0x69, 0x61, 0x6C, 0x61, 0x72, 0x61, 0x62, 0x69, 0x63, 0x74, 0x61, 0x69, 0x73, 0x79, 0x6F, 0x75, 0x65, 0x72, 0x61, 0x73, 0x71, 0x75, 0x61, 0x72,
        0x65, 0x74, 0x61, 0x6B, 0x61, 0x74, 0x61, 0x6B, 0x61, 0x6E, 0x61, 0x74, 0x61, 0x6B, 0x61, 0x74, 0x61, 0x6B, 0x61, 0x6E, 0x61, 0x68, 0x61, 0x6C,
        0x66, 0x77, 0x69, 0x64, 0x74, 0x68, 0x74, 0x61, 0x74, 0x77, 0x65, 0x65, 0x6C, 0x61, 0x72, 0x61, 0x62, 0x69, 0x63, 0x74, 0x61, 0x75, 0x74, 0x61,
        0x76, 0x74, 0x61, 0x76, 0x64, 0x61, 0x67, 0x65, 0x73, 0x74, 0x61, 0x76, 0x64, 0x61, 0x67, 0x65, 0x73, 0x68, 0x74, 0x61, 0x76, 0x64, 0x61, 0x67,
        0x65, 0x73, 0x68, 0x68, 0x65, 0x62, 0x72, 0x65, 0x77, 0x74, 0x61, 0x76, 0x68, 0x65, 0x62, 0x72, 0x65, 0x77, 0x74, 0x62, 0x61, 0x72, 0x74, 0x62,
        0x6F, 0x70, 0x6F, 0x6D, 0x6F, 0x66, 0x6F, 0x74, 0x63, 0x61, 0x72, 0x6F, 0x6E, 0x74, 0x63, 0x63, 0x75, 0x72, 0x6C, 0x74, 0x63, 0x65, 0x64, 0x69,
        0x6C, 0x6C, 0x61, 0x74, 0x63, 0x68, 0x65, 0x68, 0x61, 0x72, 0x61, 0x62, 0x69, 0x63, 0x74, 0x63, 0x68, 0x65, 0x68, 0x66, 0x69, 0x6E, 0x61, 0x6C,
        0x61, 0x72, 0x61, 0x62, 0x69, 0x63, 0x74, 0x63, 0x68, 0x65, 0x68, 0x69, 0x6E, 0x69, 0x74, 0x69, 0x61, 0x6C, 0x61, 0x72, 0x61, 0x62, 0x69, 0x63,
        0x74, 0x63, 0x68, 0x65, 0x68, 0x6D, 0x65, 0x64, 0x69, 0x61, 0x6C, 0x61, 0x72, 0x61, 0x62, 0x69, 0x63, 0x74, 0x63, 0x68, 0x65, 0x68, 0x6D, 0x65,
        0x65, 0x6D, 0x69, 0x6E, 0x69, 0x74, 0x69, 0x61, 0x6C, 0x61, 0x72, 0x61, 0x62, 0x69, 0x63, 0x74, 0x63, 0x69, 0x72, 0x63, 0x6C, 0x65, 0x74, 0x63,
        0x69, 0x72, 0x63, 0x75, 0x6D, 0x66, 0x6C, 0x65, 0x78, 0x62, 0x65, 0x6C, 0x6F, 0x77, 0x74, 0x63, 0x6F, 0x6D, 0x6D, 0x61, 0x61, 0x63, 0x63, 0x65,
        0x6E, 0x74, 0x74, 0x64, 0x69, 0x65, 0x72, 0x65, 0x73, 0x69, 0x73, 0x74, 0x64, 0x6F, 0x74, 0x61, 0x63, 0x63, 0x65, 0x6E, 0x74, 0x74, 0x64, 0x6F,
        0x74, 0x62, 0x65, 0x6C, 0x6F, 0x77, 0x74, 0x65, 0x63, 0x79, 0x72, 0x69, 0x6C, 0x6C, 0x69, 0x63, 0x74, 0x65, 0x64, 0x65, 0x73, 0x63, 0x65, 0x6E,
        0x64, 0x65, 0x72, 0x63, 0x79, 0x72, 0x69, 0x6C, 0x6C, 0x69, 0x63, 0x74, 0x65, 0x68, 0x61, 0x72, 0x61, 0x62, 0x69, 0x63, 0x74, 0x65, 0x68, 0x66,
        0x69, 0x6E, 0x61, 0x6C, 0x61, 0x72, 0x61, 0x62, 0x69, 0x63, 0x74, 0x65, 0x68, 0x68, 0x61, 0x68, 0x69, 0x6E, 0x69, 0x74, 0x69, 0x61, 0x6C, 0x61,
        0x72, 0x61, 0x62, 0x69, 0x63, 0x74, 0x65, 0x68, 0x68, 0x61, 0x68, 0x69, 0x73, 0x6F, 0x6C, 0x61, 0x74, 0x65, 0x64, 0x61, 0x72, 0x61, 0x62, 0x69,
        0x63, 0x74, 0x65, 0x68, 0x69, 0x6E, 0x69, 0x74, 0x69, 0x61, 0x6C, 0x61, 0x72, 0x61, 0x62, 0x69, 0x63, 0x74, 0x65, 0x68, 0x69, 0x72, 0x61, 0x67,
        0x61, 0x6E, 0x61, 0x74, 0x65, 0x68, 0x6A, 0x65, 0x65, 0x6D, 0x69, 0x6E, 0x69, 0x74, 0x69, 0x61, 0x6C, 0x61, 0x72, 0x61, 0x62, 0x69, 0x63, 0x74,
        0x65, 0x68, 0x6A, 0x65, 0x65, 0x6D, 0x69, 0x73, 0x6F, 0x6C, 0x61, 0x74, 0x65, 0x64, 0x61, 0x72, 0x61, 0x62, 0x69, 0x63, 0x74, 0x65, 0x68, 0x6D,
        0x61, 0x72, 0x62, 0x75, 0x74, 0x61, 0x61, 0x72, 0x61, 0x62, 0x69, 0x63, 0x74, 0x65, 0x68, 0x6D, 0x61, 0x72, 0x62, 0x75, 0x74, 0x61, 0x66, 0x69,
        0x6E, 0x61, 0x6C, 0x61, 0x72, 0x61, 0x62, 0x69, 0x63, 0x74, 0x65, 0x68, 0x6D, 0x65, 0x64, 0x69, 0x61, 0x6C, 0x61, 0x72, 0x61, 0x62, 0x69, 0x63,
        0x74, 0x65, 0x68, 0x6D, 0x65, 0x65, 0x6D, 0x69, 0x6E, 0x69, 0x74, 0x69, 0x61, 0x6C, 0x61, 0x72, 0x61, 0x62, 0x69, 0x63, 0x74, 0x65, 0x68, 0x6D,
        0x65, 0x65, 0x6D, 0x69, 0x73, 0x6F, 0x6C, 0x61, 0x74, 0x65, 0x64, 0x61, 0x72, 0x61, 0x62, 0x69, 0x63, 0x74, 0x65, 0x68, 0x6E, 0x6F, 0x6F, 0x6E,
        0x66, 0x69, 0x6E, 0x61, 0x6C, 0x61, 0x72, 0x61, 0x62, 0x69, 0x63, 0x74, 0x65, 0x6B, 0x61, 0x74, 0x61, 0x6B, 0x61, 0x6E, 0x61, 0x74, 0x65, 0x6B,
        0x61, 0x74, 0x61, 0x6B, 0x61, 0x6E, 0x61, 0x68, 0x61, 0x6C, 0x66, 0x77, 0x69, 0x64, 0x74, 0x68, 0x74, 0x65, 0x6C, 0x65, 0x70, 0x68, 0x6F, 0x6E,
        0x65, 0x74, 0x65, 0x6C, 0x65, 0x70, 0x68, 0x6F, 0x6E, 0x65, 0x62, 0x6C, 0x61, 0x63, 0x6B, 0x74, 0x65, 0x6C, 0x69, 0x73, 0x68, 0x61, 0x67, 0x65,
        0x64, 0x6F, 0x6C, 0x61, 0x68, 0x65, 0x62, 0x72, 0x65, 0x77, 0x74, 0x65, 0x6C, 0x69, 0x73, 0x68, 0x61, 0x71, 0x65, 0x74, 0x61, 0x6E, 0x61, 0x68,
        0x65, 0x62, 0x72, 0x65, 0x77, 0x74, 0x65, 0x6E, 0x63, 0x69, 0x72, 0x63, 0x6C, 0x65, 0x74, 0x65, 0x6E, 0x69, 0x64, 0x65, 0x6F, 0x67, 0x72, 0x61,
        0x70, 0x68, 0x69, 0x63, 0x70, 0x61, 0x72, 0x65, 0x6E, 0x74, 0x65, 0x6E, 0x70, 0x61, 0x72, 0x65, 0x6E, 0x74, 0x65, 0x6E, 0x70, 0x65, 0x72, 0x69,
        0x6F, 0x64, 0x74, 0x65, 0x6E, 0x72, 0x6F, 0x6D, 0x61, 0x6E, 0x74, 0x65, 0x73, 0x68, 0x74, 0x65, 0x74, 0x74, 0x65, 0x74, 0x64, 0x61, 0x67, 0x65,
        0x73, 0x68, 0x74, 0x65, 0x74, 0x64, 0x61, 0x67, 0x65, 0x73, 0x68, 0x68, 0x65, 0x62, 0x72, 0x65, 0x77, 0x74, 0x65, 0x74, 0x68, 0x65, 0x62, 0x72,
        0x65, 0x77, 0x74, 0x65, 0x74, 0x73, 0x65, 0x63, 0x79, 0x72, 0x69, 0x6C, 0x6C, 0x69, 0x63, 0x74, 0x65, 0x76, 0x69, 0x72, 0x68, 0x65, 0x62, 0x72,
        0x65, 0x77, 0x74, 0x65, 0x76, 0x69, 0x72, 0x6C, 0x65, 0x66, 0x74, 0x68, 0x65, 0x62, 0x72, 0x65, 0x77, 0x74, 0x68, 0x61, 0x62, 0x65, 0x6E, 0x67,
        0x61, 0x6C, 0x69, 0x74, 0x68, 0x61, 0x64, 0x65, 0x76, 0x61, 0x74, 0x68, 0x61, 0x67, 0x75, 0x6A, 0x61, 0x72, 0x61, 0x74, 0x69, 0x74, 0x68, 0x61,
        0x67, 0x75, 0x72, 0x6D, 0x75, 0x6B, 0x68, 0x69, 0x74, 0x68, 0x61, 0x6C, 0x61, 0x72, 0x61, 0x62, 0x69, 0x63, 0x74, 0x68, 0x61, 0x6C, 0x66, 0x69,
        0x6E, 0x61, 0x6C, 0x61, 0x72, 0x61, 0x62, 0x69, 0x63, 0x74, 0x68, 0x61, 0x6E, 0x74, 0x68, 0x61, 0x6B, 0x68, 0x61, 0x74, 0x6C, 0x6F, 0x77, 0x6C,
        0x65, 0x66, 0x74, 0x74, 0x68, 0x61, 0x69, 0x74, 0x68, 0x61, 0x6E, 0x74, 0x68, 0x61, 0x6B, 0x68, 0x61, 0x74, 0x6C, 0x6F, 0x77, 0x72, 0x69, 0x67,
        0x68, 0x74, 0x74, 0x68, 0x61, 0x69, 0x74, 0x68, 0x61, 0x6E, 0x74, 0x68, 0x61, 0x6B, 0x68, 0x61, 0x74, 0x74, 0x68, 0x61, 0x69, 0x74, 0x68, 0x61,
        0x6E, 0x74, 0x68, 0x61, 0x6B, 0x68, 0x61, 0x74, 0x75, 0x70, 0x70, 0x65, 0x72, 0x6C, 0x65, 0x66, 0x74, 0x74, 0x68, 0x61, 0x69, 0x74, 0x68, 0x65,
        0x68, 0x61, 0x72, 0x61, 0x62, 0x69, 0x63, 0x74, 0x68, 0x65, 0x68, 0x66, 0x69, 0x6E, 0x61, 0x6C, 0x61, 0x72, 0x61, 0x62, 0x69, 0x63, 0x74, 0x68,
        0x65, 0x68, 0x69, 0x6E, 0x69, 0x74, 0x69, 0x61, 0x6C, 0x61, 0x72, 0x61, 0x62, 0x69, 0x63, 0x74, 0x68, 0x65, 0x68, 0x6D, 0x65, 0x64, 0x69, 0x61,
        0x6C, 0x61, 0x72, 0x61, 0x62, 0x69, 0x63, 0x74, 0x68, 0x65, 0x72, 0x65, 0x65, 0x78, 0x69, 0x73, 0x74, 0x73, 0x74, 0x68, 0x65, 0x72, 0x65, 0x66,
        0x6F, 0x72, 0x65, 0x74, 0x68, 0x65, 0x74, 0x61, 0x74, 0x68, 0x65, 0x74, 0x61, 0x31, 0x74, 0x68, 0x65, 0x74, 0x61, 0x73, 0x79, 0x6D, 0x62, 0x6F,
        0x6C, 0x67, 0x72, 0x65, 0x65, 0x6B, 0x74, 0x68, 0x69, 0x65, 0x75, 0x74, 0x68, 0x61, 0x63, 0x69, 0x72, 0x63, 0x6C, 0x65, 0x6B, 0x6F, 0x72, 0x65,
        0x61, 0x6E, 0x74, 0x68, 0x69, 0x65, 0x75, 0x74, 0x68, 0x61, 0x70, 0x61, 0x72, 0x65, 0x6E, 0x6B, 0x6F, 0x72, 0x65, 0x61, 0x6E, 0x74, 0x68, 0x69,
        0x65, 0x75, 0x74, 0x68, 0x63, 0x69, 0x72, 0x63, 0x6C, 0x65, 0x6B, 0x6F, 0x72, 0x65, 0x61, 0x6E, 0x74, 0x68, 0x69, 0x65, 0x75, 0x74, 0x68, 0x6B,
        0x6F, 0x72, 0x65, 0x61, 0x6E, 0x74, 0x68, 0x69, 0x65, 0x75, 0x74, 0x68, 0x70, 0x61, 0x72, 0x65, 0x6E, 0x6B, 0x6F, 0x72, 0x65, 0x61, 0x6E, 0x74,
        0x68, 0x69, 0x72, 0x74, 0x65, 0x65, 0x6E, 0x63, 0x69, 0x72, 0x63, 0x6C, 0x65, 0x74, 0x68, 0x69, 0x72, 0x74, 0x65, 0x65, 0x6E, 0x70, 0x61, 0x72,
        0x65, 0x6E, 0x74, 0x68, 0x69, 0x72, 0x74, 0x65, 0x65, 0x6E, 0x70, 0x65, 0x72, 0x69, 0x6F, 0x64, 0x74, 0x68, 0x6F, 0x6E, 0x61, 0x6E, 0x67, 0x6D,
        0x6F, 0x6E, 0x74, 0x68, 0x6F, 0x74, 0x68, 0x61, 0x69, 0x74, 0x68, 0x6F, 0x6F, 0x6B, 0x74, 0x68, 0x6F, 0x70, 0x68, 0x75, 0x74, 0x68, 0x61, 0x6F,
        0x74, 0x68, 0x61, 0x69, 0x74, 0x68, 0x6F, 0x72, 0x6E, 0x74, 0x68, 0x6F, 0x74, 0x68, 0x61, 0x68, 0x61, 0x6E, 0x74, 0x68, 0x61, 0x69, 0x74, 0x68,
        0x6F, 0x74, 0x68, 0x61, 0x6E, 0x74, 0x68, 0x61, 0x69, 0x74, 0x68, 0x6F, 0x74, 0x68, 0x6F, 0x6E, 0x67, 0x74, 0x68, 0x61, 0x69, 0x74, 0x68, 0x6F,
        0x74, 0x68, 0x75, 0x6E, 0x67, 0x74, 0x68, 0x61, 0x69, 0x74, 0x68, 0x6F, 0x75, 0x73, 0x61, 0x6E, 0x64, 0x63, 0x79, 0x72, 0x69, 0x6C, 0x6C, 0x69,
        0x63, 0x74, 0x68, 0x6F, 0x75, 0x73, 0x61, 0x6E, 0x64, 0x73, 0x73, 0x65, 0x70, 0x61, 0x72, 0x61, 0x74, 0x6F, 0x72, 0x61, 0x72, 0x61, 0x62, 0x69,
        0x63, 0x74, 0x68, 0x6F, 0x75, 0x73, 0x61, 0x6E, 0x64, 0x73, 0x73, 0x65, 0x70, 0x61, 0x72, 0x61, 0x74, 0x6F, 0x72, 0x70, 0x65, 0x72, 0x73, 0x69,
        0x61, 0x6E, 0x74, 0x68, 0x72, 0x65, 0x65, 0x74, 0x68, 0x72, 0x65, 0x65, 0x61, 0x72, 0x61, 0x62, 0x69, 0x63, 0x74, 0x68, 0x72, 0x65, 0x65, 0x62,
        0x65, 0x6E, 0x67, 0x61, 0x6C, 0x69, 0x74, 0x68, 0x72, 0x65, 0x65, 0x63, 0x69, 0x72, 0x63, 0x6C, 0x65, 0x74, 0x68, 0x72, 0x65, 0x65, 0x63, 0x69,
        0x72, 0x63, 0x6C, 0x65, 0x69, 0x6E, 0x76, 0x65, 0x72, 0x73, 0x65, 0x73, 0x61, 0x6E, 0x73, 0x73, 0x65, 0x72, 0x69, 0x66, 0x74, 0x68, 0x72, 0x65,
        0x65, 0x64, 0x65, 0x76, 0x61, 0x74, 0x68, 0x72, 0x65, 0x65, 0x65, 0x69, 0x67, 0x68, 0x74, 0x68, 0x73, 0x74, 0x68, 0x72, 0x65, 0x65, 0x67, 0x75,
        0x6A, 0x61, 0x72, 0x61, 0x74, 0x69, 0x74, 0x68, 0x72, 0x65, 0x65, 0x67, 0x75, 0x72, 0x6D, 0x75, 0x6B, 0x68, 0x69, 0x74, 0x68, 0x72, 0x65, 0x65,
        0x68, 0x61, 0x63, 0x6B, 0x61, 0x72, 0x61, 0x62, 0x69, 0x63, 0x74, 0x68, 0x72, 0x65, 0x65, 0x68, 0x61, 0x6E, 0x67, 0x7A, 0x68, 0x6F, 0x75, 0x74,
        0x68, 0x72, 0x65, 0x65, 0x69, 0x64, 0x65, 0x6F, 0x67, 0x72, 0x61, 0x70, 0x68, 0x69, 0x63, 0x70, 0x61, 0x72, 0x65, 0x6E, 0x74, 0x68, 0x72, 0x65,
        0x65, 0x69, 0x6E, 0x66, 0x65, 0x72, 0x69, 0x6F, 0x72, 0x74, 0x68, 0x72, 0x65, 0x65, 0x6D, 0x6F, 0x6E, 0x6F, 0x73, 0x70, 0x61, 0x63, 0x65, 0x74,
        0x68, 0x72, 0x65, 0x65, 0x6E, 0x75, 0x6D, 0x65, 0x72, 0x61, 0x74, 0x6F, 0x72, 0x62, 0x65, 0x6E, 0x67, 0x61, 0x6C, 0x69, 0x74, 0x68, 0x72, 0x65,
        0x65, 0x6F, 0x6C, 0x64, 0x73, 0x74, 0x79, 0x6C, 0x65, 0x74, 0x68, 0x72, 0x65, 0x65, 0x70, 0x61, 0x72, 0x65, 0x6E, 0x74, 0x68, 0x72, 0x65, 0x65,
        0x70, 0x65, 0x72, 0x69, 0x6F, 0x64, 0x74, 0x68, 0x72, 0x65, 0x65, 0x70, 0x65, 0x72, 0x73, 0x69, 0x61, 0x6E, 0x74, 0x68, 0x72, 0x65, 0x65, 0x71,
        0x75, 0x61, 0x72, 0x74, 0x65, 0x72, 0x73, 0x74, 0x68, 0x72, 0x65, 0x65, 0x71, 0x75, 0x61, 0x72, 0x74, 0x65, 0x72, 0x73, 0x65, 0x6D, 0x64, 0x61,
        0x73, 0x68, 0x74, 0x68, 0x72, 0x65, 0x65, 0x72, 0x6F, 0x6D, 0x61, 0x6E, 0x74, 0x68, 0x72, 0x65, 0x65, 0x73, 0x75, 0x70, 0x65, 0x72, 0x69, 0x6F,
        0x72, 0x74, 0x68, 0x72, 0x65, 0x65, 0x74, 0x68, 0x61, 0x69, 0x74, 0x68, 0x7A, 0x73, 0x71, 0x75, 0x61, 0x72, 0x65, 0x74, 0x69, 0x68, 0x69, 0x72,
        0x61, 0x67, 0x61, 0x6E, 0x61, 0x74, 0x69, 0x6B, 0x61, 0x74, 0x61, 0x6B, 0x61, 0x6E, 0x61, 0x74, 0x69, 0x6B, 0x61, 0x74, 0x61, 0x6B, 0x61, 0x6E,
        0x61, 0x68, 0x61, 0x6C, 0x66, 0x77, 0x69, 0x64, 0x74, 0x68, 0x74, 0x69, 0x6B, 0x65, 0x75, 0x74, 0x61, 0x63, 0x69, 0x72, 0x63, 0x6C, 0x65, 0x6B,
        0x6F, 0x72, 0x65, 0x61, 0x6E, 0x74, 0x69, 0x6B, 0x65, 0x75, 0x74, 0x61, 0x70, 0x61, 0x72, 0x65, 0x6E, 0x6B, 0x6F, 0x72, 0x65, 0x61, 0x6E, 0x74,
        0x69, 0x6B, 0x65, 0x75, 0x74, 0x63, 0x69, 0x72, 0x63, 0x6C, 0x65, 0x6B, 0x6F, 0x72, 0x65, 0x61, 0x6E, 0x74, 0x69, 0x6B, 0x65, 0x75, 0x74, 0x6B,
        0x6F, 0x72, 0x65, 0x61, 0x6E, 0x74, 0x69, 0x6B, 0x65, 0x75, 0x74, 0x70, 0x61, 0x72, 0x65, 0x6E, 0x6B, 0x6F, 0x72, 0x65, 0x61, 0x6E, 0x74, 0x69,
        0x6C, 0x64, 0x65, 0x74, 0x69, 0x6C, 0x64, 0x65, 0x62, 0x65, 0x6C, 0x6F, 0x77, 0x63, 0x6D, 0x62, 0x74, 0x69, 0x6C, 0x64, 0x65, 0x63, 0x6D, 0x62,
        0x74, 0x69, 0x6C, 0x64, 0x65, 0x63, 0x6F, 0x6D, 0x62, 0x74, 0x69, 0x6C, 0x64, 0x65, 0x64, 0x6F, 0x75, 0x62, 0x6C, 0x65, 0x63, 0x6D, 0x62, 0x74,
        0x69, 0x6C, 0x64, 0x65, 0x6F, 0x70, 0x65, 0x72, 0x61, 0x74, 0x6F, 0x72, 0x74, 0x69, 0x6C, 0x64, 0x65, 0x6F, 0x76, 0x65, 0x72, 0x6C, 0x61, 0x79,
        0x63, 0x6D, 0x62, 0x74, 0x69, 0x6C, 0x64, 0x65, 0x76, 0x65, 0x72, 0x74, 0x69, 0x63, 0x61, 0x6C, 0x63, 0x6D, 0x62, 0x74, 0x69, 0x6D, 0x65, 0x73,
        0x63, 0x69, 0x72, 0x63, 0x6C, 0x65, 0x74, 0x69, 0x70, 0x65, 0x68, 0x61, 0x68, 0x65, 0x62, 0x72, 0x65, 0x77, 0x74, 0x69, 0x70, 0x65, 0x68, 0x61,
        0x6C, 0x65, 0x66, 0x74, 0x68, 0x65, 0x62, 0x72, 0x65, 0x77, 0x74, 0x69, 0x70, 0x70, 0x69, 0x67, 0x75, 0x72, 0x6D, 0x75, 0x6B, 0x68, 0x69, 0x74,
        0x69, 0x74, 0x6C, 0x6F, 0x63, 0x79, 0x72, 0x69, 0x6C, 0x6C, 0x69, 0x63, 0x63, 0x6D, 0x62, 0x74, 0x69, 0x77, 0x6E, 0x61, 0x72, 0x6D, 0x65, 0x6E,
        0x69, 0x61, 0x6E, 0x74, 0x6C, 0x69, 0x6E, 0x65, 0x62, 0x65, 0x6C, 0x6F, 0x77, 0x74, 0x6D, 0x6F, 0x6E, 0x6F, 0x73, 0x70, 0x61, 0x63, 0x65, 0x74,
        0x6F, 0x61, 0x72, 0x6D, 0x65, 0x6E, 0x69, 0x61, 0x6E, 0x74, 0x6F, 0x68, 0x69, 0x72, 0x61, 0x67, 0x61, 0x6E, 0x61, 0x74, 0x6F, 0x6B, 0x61, 0x74,
        0x61, 0x6B, 0x61, 0x6E, 0x61, 0x74, 0x6F, 0x6B, 0x61, 0x74, 0x61, 0x6B, 0x61, 0x6E, 0x61, 0x68, 0x61, 0x6C, 0x66, 0x77, 0x69, 0x64, 0x74, 0x68,
        0x74, 0x6F, 0x6E, 0x65, 0x62, 0x61, 0x72, 0x65, 0x78, 0x74, 0x72, 0x61, 0x68, 0x69, 0x67, 0x68, 0x6D, 0x6F, 0x64, 0x74, 0x6F, 0x6E, 0x65, 0x62,
        0x61, 0x72, 0x65, 0x78, 0x74, 0x72, 0x61, 0x6C, 0x6F, 0x77, 0x6D, 0x6F, 0x64, 0x74, 0x6F, 0x6E, 0x65, 0x62, 0x61, 0x72, 0x68, 0x69, 0x67, 0x68,
        0x6D, 0x6F, 0x64, 0x74, 0x6F, 0x6E, 0x65, 0x62, 0x61, 0x72, 0x6C, 0x6F, 0x77, 0x6D, 0x6F, 0x64, 0x74, 0x6F, 0x6E, 0x65, 0x62, 0x61, 0x72, 0x6D,
        0x69, 0x64, 0x6D, 0x6F, 0x64, 0x74, 0x6F, 0x6E, 0x65, 0x66, 0x69, 0x76, 0x65, 0x74, 0x6F, 0x6E, 0x65, 0x73, 0x69, 0x78, 0x74, 0x6F, 0x6E, 0x65,
        0x74, 0x77, 0x6F, 0x74, 0x6F, 0x6E, 0x6F, 0x73, 0x74, 0x6F, 0x6E, 0x73, 0x71, 0x75, 0x61, 0x72, 0x65, 0x74, 0x6F, 0x70, 0x61, 0x74, 0x61, 0x6B,
        0x74, 0x68, 0x61, 0x69, 0x74, 0x6F, 0x72, 0x74, 0x6F, 0x69, 0x73, 0x65, 0x73, 0x68, 0x65, 0x6C, 0x6C, 0x62, 0x72, 0x61, 0x63, 0x6B, 0x65, 0x74,
        0x6C, 0x65, 0x66, 0x74, 0x74, 0x6F, 0x72, 0x74, 0x6F, 0x69, 0x73, 0x65, 0x73, 0x68, 0x65, 0x6C, 0x6C, 0x62, 0x72, 0x61, 0x63, 0x6B, 0x65, 0x74,
        0x6C, 0x65, 0x66, 0x74, 0x73, 0x6D, 0x61, 0x6C, 0x6C, 0x74, 0x6F, 0x72, 0x74, 0x6F, 0x69, 0x73, 0x65, 0x73, 0x68, 0x65, 0x6C, 0x6C, 0x62, 0x72,
        0x61, 0x63, 0x6B, 0x65, 0x74, 0x6C, 0x65, 0x66, 0x74, 0x76, 0x65, 0x72, 0x74, 0x69, 0x63, 0x61, 0x6C, 0x74, 0x6F, 0x72, 0x74, 0x6F, 0x69, 0x73,
        0x65, 0x73, 0x68, 0x65, 0x6C, 0x6C, 0x62, 0x72, 0x61, 0x63, 0x6B, 0x65, 0x74, 0x72, 0x69, 0x67, 0x68, 0x74, 0x74, 0x6F, 0x72, 0x74, 0x6F, 0x69,
        0x73, 0x65, 0x73, 0x68, 0x65, 0x6C, 0x6C, 0x62, 0x72, 0x61, 0x63, 0x6B, 0x65, 0x74, 0x72, 0x69, 0x67, 0x68, 0x74, 0x73, 0x6D, 0x61, 0x6C, 0x6C,
        0x74, 0x6F, 0x72, 0x74, 0x6F, 0x69, 0x73, 0x65, 0x73, 0x68, 0x65, 0x6C, 0x6C, 0x62, 0x72, 0x61, 0x63, 0x6B, 0x65, 0x74, 0x72, 0x69, 0x67, 0x68,
        0x74, 0x76, 0x65, 0x72, 0x74, 0x69, 0x63, 0x61, 0x6C, 0x74, 0x6F, 0x74, 0x61, 0x6F, 0x74, 0x68, 0x61, 0x69, 0x74, 0x70, 0x61, 0x6C, 0x61, 0x74,
        0x61, 0x6C, 0x68, 0x6F, 0x6F, 0x6B, 0x74, 0x70, 0x61, 0x72, 0x65, 0x6E, 0x74, 0x72, 0x61, 0x64, 0x65, 0x6D, 0x61, 0x72, 0x6B, 0x74, 0x72, 0x61,
        0x64, 0x65, 0x6D, 0x61, 0x72, 0x6B, 0x73, 0x61, 0x6E, 0x73, 0x74, 0x72, 0x61, 0x64, 0x65, 0x6D, 0x61, 0x72, 0x6B, 0x73, 0x65, 0x72, 0x69, 0x66,
        0x74, 0x72, 0x65, 0x74, 0x72, 0x6F, 0x66, 0x6C, 0x65, 0x78, 0x68, 0x6F, 0x6F, 0x6B, 0x74, 0x72, 0x69, 0x61, 0x67, 0x64, 0x6E, 0x74, 0x72, 0x69,
        0x61, 0x67, 0x6C, 0x66, 0x74, 0x72, 0x69, 0x61, 0x67, 0x72, 0x74, 0x74, 0x72, 0x69, 0x61, 0x67, 0x75, 0x70, 0x74, 0x73, 0x74, 0x73, 0x61, 0x64,
        0x69, 0x74, 0x73, 0x61, 0x64, 0x69, 0x64, 0x61, 0x67, 0x65, 0x73, 0x68, 0x74, 0x73, 0x61, 0x64, 0x69, 0x64, 0x61, 0x67, 0x65, 0x73, 0x68, 0x68,
        0x65, 0x62, 0x72, 0x65, 0x77, 0x74, 0x73, 0x61, 0x64, 0x69, 0x68, 0x65, 0x62, 0x72, 0x65, 0x77, 0x74, 0x73, 0x65, 0x63, 0x79, 0x72, 0x69, 0x6C,
        0x6C, 0x69, 0x63, 0x74, 0x73, 0x65, 0x72, 0x65, 0x74, 0x73, 0x65, 0x72, 0x65, 0x31, 0x32, 0x74, 0x73, 0x65, 0x72, 0x65, 0x31, 0x65, 0x74, 0x73,
        0x65, 0x72, 0x65, 0x32, 0x62, 0x74, 0x73, 0x65, 0x72, 0x65, 0x68, 0x65, 0x62, 0x72, 0x65, 0x77, 0x74, 0x73, 0x65, 0x72, 0x65, 0x6E, 0x61, 0x72,
        0x72, 0x6F, 0x77, 0x68, 0x65, 0x62, 0x72, 0x65, 0x77, 0x74, 0x73, 0x65, 0x72, 0x65, 0x71, 0x75, 0x61, 0x72, 0x74, 0x65, 0x72, 0x68, 0x65, 0x62,
        0x72, 0x65, 0x77, 0x74, 0x73, 0x65, 0x72, 0x65, 0x77, 0x69, 0x64, 0x65, 0x68, 0x65, 0x62, 0x72, 0x65, 0x77, 0x74, 0x73, 0x68, 0x65, 0x63, 0x79,
        0x72, 0x69, 0x6C, 0x6C, 0x69, 0x63, 0x74, 0x73, 0x75, 0x70, 0x65, 0x72, 0x69, 0x6F, 0x72, 0x74, 0x74, 0x61, 0x62, 0x65, 0x6E, 0x67, 0x61, 0x6C,
        0x69, 0x74, 0x74, 0x61, 0x64, 0x65, 0x76, 0x61, 0x74, 0x74, 0x61, 0x67, 0x75, 0x6A, 0x61, 0x72, 0x61, 0x74, 0x69, 0x74, 0x74, 0x61, 0x67, 0x75,
        0x72, 0x6D, 0x75, 0x6B, 0x68, 0x69, 0x74, 0x74, 0x65, 0x68, 0x61, 0x72, 0x61, 0x62, 0x69, 0x63, 0x74, 0x74, 0x65, 0x68, 0x66, 0x69, 0x6E, 0x61,
        0x6C, 0x61, 0x72, 0x61, 0x62, 0x69, 0x63, 0x74, 0x74, 0x65, 0x68, 0x69, 0x6E, 0x69, 0x74, 0x69, 0x61, 0x6C, 0x61, 0x72, 0x61, 0x62, 0x69, 0x63,
        0x74, 0x74, 0x65, 0x68, 0x6D, 0x65, 0x64, 0x69, 0x61, 0x6C, 0x61, 0x72, 0x61, 0x62, 0x69, 0x63, 0x74, 0x74, 0x68, 0x61, 0x62, 0x65, 0x6E, 0x67,
        0x61, 0x6C, 0x69, 0x74, 0x74, 0x68, 0x61, 0x64, 0x65, 0x76, 0x61, 0x74, 0x74, 0x68, 0x61, 0x67, 0x75, 0x6A, 0x61, 0x72, 0x61, 0x74, 0x69, 0x74,
        0x74, 0x68, 0x61, 0x67, 0x75, 0x72, 0x6D, 0x75, 0x6B, 0x68, 0x69, 0x74, 0x74, 0x75, 0x72, 0x6E, 0x65, 0x64, 0x74, 0x75, 0x68, 0x69, 0x72, 0x61,
        0x67, 0x61, 0x6E, 0x61, 0x74, 0x75, 0x6B, 0x61, 0x74, 0x61, 0x6B, 0x61, 0x6E, 0x61, 0x74, 0x75, 0x6B, 0x61, 0x74, 0x61, 0x6B, 0x61, 0x6E, 0x61,
        0x68, 0x61, 0x6C, 0x66, 0x77, 0x69, 0x64, 0x74, 0x68, 0x74, 0x75, 0x73, 0x6D, 0x61, 0x6C, 0x6C, 0x68, 0x69, 0x72, 0x61, 0x67, 0x61, 0x6E, 0x61,
        0x74, 0x75, 0x73, 0x6D, 0x61, 0x6C, 0x6C, 0x6B, 0x61, 0x74, 0x61, 0x6B, 0x61, 0x6E, 0x61, 0x74, 0x75, 0x73, 0x6D, 0x61, 0x6C, 0x6C, 0x6B, 0x61,
        0x74, 0x61, 0x6B, 0x61, 0x6E, 0x61, 0x68, 0x61, 0x6C, 0x66, 0x77, 0x69, 0x64, 0x74, 0x68, 0x74, 0x77, 0x65, 0x6C, 0x76, 0x65, 0x63, 0x69, 0x72,
        0x63, 0x6C, 0x65, 0x74, 0x77, 0x65, 0x6C, 0x76, 0x65, 0x70, 0x61, 0x72, 0x65, 0x6E, 0x74, 0x77, 0x65, 0x6C, 0x76, 0x65, 0x70, 0x65, 0x72, 0x69,
        0x6F, 0x64, 0x74, 0x77, 0x65, 0x6C, 0x76, 0x65, 0x72, 0x6F, 0x6D, 0x61, 0x6E, 0x74, 0x77, 0x65, 0x6E, 0x74, 0x79, 0x63, 0x69, 0x72, 0x63, 0x6C,
        0x65, 0x74, 0x77, 0x65, 0x6E, 0x74, 0x79, 0x68, 0x61, 0x6E, 0x67, 0x7A, 0x68, 0x6F, 0x75, 0x74, 0x77, 0x65, 0x6E, 0x74, 0x79, 0x70, 0x61, 0x72,
        0x65, 0x6E, 0x74, 0x77, 0x65, 0x6E, 0x74, 0x79, 0x70, 0x65, 0x72, 0x69, 0x6F, 0x64, 0x74, 0x77, 0x6F, 0x74, 0x77, 0x6F, 0x61, 0x72, 0x61, 0x62,
        0x69, 0x63, 0x74, 0x77, 0x6F, 0x62, 0x65, 0x6E, 0x67, 0x61, 0x6C, 0x69, 0x74, 0x77, 0x6F, 0x63, 0x69, 0x72, 0x63, 0x6C, 0x65, 0x74, 0x77, 0x6F,
        0x63, 0x69, 0x72, 0x63, 0x6C, 0x65, 0x69, 0x6E, 0x76, 0x65, 0x72, 0x73, 0x65, 0x73, 0x61, 0x6E, 0x73, 0x73, 0x65, 0x72, 0x69, 0x66, 0x74, 0x77,
        0x6F, 0x64, 0x65, 0x76, 0x61, 0x74, 0x77, 0x6F, 0x64, 0x6F, 0x74, 0x65, 0x6E, 0x6C, 0x65, 0x61, 0x64, 0x65, 0x72, 0x74, 0x77, 0x6F, 0x64, 0x6F,
        0x74, 0x6C, 0x65, 0x61, 0x64, 0x65, 0x72, 0x74, 0x77, 0x6F, 0x64, 0x6F, 0x74, 0x6C, 0x65, 0x61, 0x64, 0x65, 0x72, 0x76, 0x65, 0x72, 0x74, 0x69,
        0x63, 0x61, 0x6C, 0x74, 0x77, 0x6F, 0x67, 0x75, 0x6A, 0x61, 0x72, 0x61, 0x74, 0x69, 0x74, 0x77, 0x6F, 0x67, 0x75, 0x72, 0x6D, 0x75, 0x6B, 0x68,
        0x69, 0x74, 0x77, 0x6F, 0x68, 0x61, 0x63, 0x6B, 0x61, 0x72, 0x61, 0x62, 0x69, 0x63, 0x74, 0x77, 0x6F, 0x68, 0x61, 0x6E, 0x67, 0x7A, 0x68, 0x6F,
        0x75, 0x74, 0x77, 0x6F, 0x69, 0x64, 0x65, 0x6F, 0x67, 0x72, 0x61, 0x70, 0x68, 0x69, 0x63, 0x70, 0x61, 0x72, 0x65, 0x6E, 0x74, 0x77, 0x6F, 0x69,
        0x6E, 0x66, 0x65, 0x72, 0x69, 0x6F, 0x72, 0x74, 0x77, 0x6F, 0x6D, 0x6F, 0x6E, 0x6F, 0x73, 0x70, 0x61, 0x63, 0x65, 0x74, 0x77, 0x6F, 0x6E, 0x75,
        0x6D, 0x65, 0x72, 0x61, 0x74, 0x6F, 0x72, 0x62, 0x65, 0x6E, 0x67, 0x61, 0x6C, 0x69, 0x74, 0x77, 0x6F, 0x6F, 0x6C, 0x64, 0x73, 0x74, 0x79, 0x6C,
        0x65, 0x74, 0x77, 0x6F, 0x70, 0x61, 0x72, 0x65, 0x6E, 0x74, 0x77, 0x6F, 0x70, 0x65, 0x72, 0x69, 0x6F, 0x64, 0x74, 0x77, 0x6F, 0x70, 0x65, 0x72,
        0x73, 0x69, 0x61, 0x6E, 0x74, 0x77, 0x6F, 0x72, 0x6F, 0x6D, 0x61, 0x6E, 0x74, 0x77, 0x6F, 0x73, 0x74, 0x72, 0x6F, 0x6B, 0x65, 0x74, 0x77, 0x6F,
        0x73, 0x75, 0x70, 0x65, 0x72, 0x69, 0x6F, 0x72, 0x74, 0x77, 0x6F, 0x74, 0x68, 0x61, 0x69, 0x74, 0x77, 0x6F, 0x74, 0x68, 0x69, 0x72, 0x64, 0x73,
        0x75, 0x75, 0x61, 0x63, 0x75, 0x74, 0x65, 0x75, 0x62, 0x61, 0x72, 0x75, 0x62, 0x65, 0x6E, 0x67, 0x61, 0x6C, 0x69, 0x75, 0x62, 0x6F, 0x70, 0x6F,
        0x6D, 0x6F, 0x66, 0x6F, 0x75, 0x62, 0x72, 0x65, 0x76, 0x65, 0x75, 0x63, 0x61, 0x72, 0x6F, 0x6E, 0x75, 0x63, 0x69, 0x72, 0x63, 0x6C, 0x65, 0x75,
        0x63, 0x69, 0x72, 0x63, 0x75, 0x6D, 0x66, 0x6C, 0x65, 0x78, 0x75, 0x63, 0x69, 0x72, 0x63, 0x75, 0x6D, 0x66, 0x6C, 0x65, 0x78, 0x62, 0x65, 0x6C,
        0x6F, 0x77, 0x75, 0x63, 0x79, 0x72, 0x69, 0x6C, 0x6C, 0x69, 0x63, 0x75, 0x64, 0x61, 0x74, 0x74, 0x61, 0x64, 0x65, 0x76, 0x61, 0x75, 0x64, 0x62,
        0x6C, 0x61, 0x63, 0x75, 0x74, 0x65, 0x75, 0x64, 0x62, 0x6C, 0x67, 0x72, 0x61, 0x76, 0x65, 0x75, 0x64, 0x65, 0x76, 0x61, 0x75, 0x64, 0x69, 0x65,
        0x72, 0x65, 0x73, 0x69, 0x73, 0x75, 0x64, 0x69, 0x65, 0x72, 0x65, 0x73, 0x69, 0x73, 0x61, 0x63, 0x75, 0x74, 0x65, 0x75, 0x64, 0x69, 0x65, 0x72,
        0x65, 0x73, 0x69, 0x73, 0x62, 0x65, 0x6C, 0x6F, 0x77, 0x75, 0x64, 0x69, 0x65, 0x72, 0x65, 0x73, 0x69, 0x73, 0x63, 0x61, 0x72, 0x6F, 0x6E, 0x75,
        0x64, 0x69, 0x65, 0x72, 0x65, 0x73, 0x69, 0x73, 0x63, 0x79, 0x72, 0x69, 0x6C, 0x6C, 0x69, 0x63, 0x75, 0x64, 0x69, 0x65, 0x72, 0x65, 0x73, 0x69,
        0x73, 0x67, 0x72, 0x61, 0x76, 0x65, 0x75, 0x64, 0x69, 0x65, 0x72, 0x65, 0x73, 0x69, 0x73, 0x6D, 0x61, 0x63, 0x72, 0x6F, 0x6E, 0x75, 0x64, 0x6F,
        0x74, 0x62, 0x65, 0x6C, 0x6F, 0x77, 0x75, 0x67, 0x72, 0x61, 0x76, 0x65, 0x75, 0x67, 0x75, 0x6A, 0x61, 0x72, 0x61, 0x74, 0x69, 0x75, 0x67, 0x75,
        0x72, 0x6D, 0x75, 0x6B, 0x68, 0x69, 0x75, 0x68, 0x69, 0x72, 0x61, 0x67, 0x61, 0x6E, 0x61, 0x75, 0x68, 0x6F, 0x6F, 0x6B, 0x61, 0x62, 0x6F, 0x76,
        0x65, 0x75, 0x68, 0x6F, 0x72, 0x6E, 0x75, 0x68, 0x6F, 0x72, 0x6E, 0x61, 0x63, 0x75, 0x74, 0x65, 0x75, 0x68, 0x6F, 0x72, 0x6E, 0x64, 0x6F, 0x74,
        0x62, 0x65, 0x6C, 0x6F, 0x77, 0x75, 0x68, 0x6F, 0x72, 0x6E, 0x67, 0x72, 0x61, 0x76, 0x65, 0x75, 0x68, 0x6F, 0x72, 0x6E, 0x68, 0x6F, 0x6F, 0x6B,
        0x61, 0x62, 0x6F, 0x76, 0x65, 0x75, 0x68, 0x6F, 0x72, 0x6E, 0x74, 0x69, 0x6C, 0x64, 0x65, 0x75, 0x68, 0x75, 0x6E, 0x67, 0x61, 0x72, 0x75, 0x6D,
        0x6C, 0x61, 0x75, 0x74, 0x75, 0x68, 0x75, 0x6E, 0x67, 0x61, 0x72, 0x75, 0x6D, 0x6C, 0x61, 0x75, 0x74, 0x63, 0x79, 0x72, 0x69, 0x6C, 0x6C, 0x69,
        0x63, 0x75, 0x69, 0x6E, 0x76, 0x65, 0x72, 0x74, 0x65, 0x64, 0x62, 0x72, 0x65, 0x76, 0x65, 0x75, 0x6B, 0x61, 0x74, 0x61, 0x6B, 0x61, 0x6E, 0x61,
        0x75, 0x6B, 0x61, 0x74, 0x61, 0x6B, 0x61, 0x6E, 0x61, 0x68, 0x61, 0x6C, 0x66, 0x77, 0x69, 0x64, 0x74, 0x68, 0x75, 0x6B, 0x63, 0x79, 0x72, 0x69,
        0x6C, 0x6C, 0x69, 0x63, 0x75, 0x6B, 0x6F, 0x72, 0x65, 0x61, 0x6E, 0x75, 0x6D, 0x61, 0x63, 0x72, 0x6F, 0x6E, 0x75, 0x6D, 0x61, 0x63, 0x72, 0x6F,
        0x6E, 0x63, 0x79, 0x72, 0x69, 0x6C, 0x6C, 0x69, 0x63, 0x75, 0x6D, 0x61, 0x63, 0x72, 0x6F, 0x6E, 0x64, 0x69, 0x65, 0x72, 0x65, 0x73, 0x69, 0x73,
        0x75, 0x6D, 0x61, 0x74, 0x72, 0x61, 0x67, 0x75, 0x72, 0x6D, 0x75, 0x6B, 0x68, 0x69, 0x75, 0x6D, 0x6F, 0x6E, 0x6F, 0x73, 0x70, 0x61, 0x63, 0x65,
        0x75, 0x6E, 0x64, 0x65, 0x72, 0x73, 0x63, 0x6F, 0x72, 0x65, 0x75, 0x6E, 0x64, 0x65, 0x72, 0x73, 0x63, 0x6F, 0x72, 0x65, 0x64, 0x62, 0x6C, 0x75,
        0x6E, 0x64, 0x65, 0x72, 0x73, 0x63, 0x6F, 0x72, 0x65, 0x6D, 0x6F, 0x6E, 0x6F, 0x73, 0x70, 0x61, 0x63, 0x65, 0x75, 0x6E, 0x64, 0x65, 0x72, 0x73,
        0x63, 0x6F, 0x72, 0x65, 0x76, 0x65, 0x72, 0x74, 0x69, 0x63, 0x61, 0x6C, 0x75, 0x6E, 0x64, 0x65, 0x72, 0x73, 0x63, 0x6F, 0x72, 0x65, 0x77, 0x61,
        0x76, 0x79, 0x75, 0x6E, 0x69, 0x6F, 0x6E, 0x75, 0x6E, 0x69, 0x76, 0x65, 0x72, 0x73, 0x61, 0x6C, 0x75, 0x6F, 0x67, 0x6F, 0x6E, 0x65, 0x6B, 0x75,
        0x70, 0x61, 0x72, 0x65, 0x6E, 0x75, 0x70, 0x62, 0x6C, 0x6F, 0x63, 0x6B, 0x75, 0x70, 0x70, 0x65, 0x72, 0x64, 0x6F, 0x74, 0x68, 0x65, 0x62, 0x72,
        0x65, 0x77, 0x75, 0x70, 0x73, 0x69, 0x6C, 0x6F, 0x6E, 0x75, 0x70, 0x73, 0x69, 0x6C, 0x6F, 0x6E, 0x64, 0x69, 0x65, 0x72, 0x65, 0x73, 0x69, 0x73,
        0x75, 0x70, 0x73, 0x69, 0x6C, 0x6F, 0x6E, 0x64, 0x69, 0x65, 0x72, 0x65, 0x73, 0x69, 0x73, 0x74, 0x6F, 0x6E, 0x6F, 0x73, 0x75, 0x70, 0x73, 0x69,
        0x6C, 0x6F, 0x6E, 0x6C, 0x61, 0x74, 0x69, 0x6E, 0x75, 0x70, 0x73, 0x69, 0x6C, 0x6F, 0x6E, 0x74, 0x6F, 0x6E, 0x6F, 0x73, 0x75, 0x70, 0x74, 0x61,
        0x63, 0x6B, 0x62, 0x65, 0x6C, 0x6F, 0x77, 0x63, 0x6D, 0x62, 0x75, 0x70, 0x74, 0x61, 0x63, 0x6B, 0x6D, 0x6F, 0x64, 0x75, 0x72, 0x61, 0x67, 0x75,
        0x72, 0x6D, 0x75, 0x6B, 0x68, 0x69, 0x75, 0x72, 0x69, 0x6E, 0x67, 0x75, 0x73, 0x68, 0x6F, 0x72, 0x74, 0x63, 0x79, 0x72, 0x69, 0x6C, 0x6C, 0x69,
        0x63, 0x75, 0x73, 0x6D, 0x61, 0x6C, 0x6C, 0x68, 0x69, 0x72, 0x61, 0x67, 0x61, 0x6E, 0x61, 0x75, 0x73, 0x6D, 0x61, 0x6C, 0x6C, 0x6B, 0x61, 0x74,
        0x61, 0x6B, 0x61, 0x6E, 0x61, 0x75, 0x73, 0x6D, 0x61, 0x6C, 0x6C, 0x6B, 0x61, 0x74, 0x61, 0x6B, 0x61, 0x6E, 0x61, 0x68, 0x61, 0x6C, 0x66, 0x77,
        0x69, 0x64, 0x74, 0x68, 0x75, 0x73, 0x74, 0x72, 0x61, 0x69, 0x67, 0x68, 0x74, 0x63, 0x79, 0x72, 0x69, 0x6C, 0x6C, 0x69, 0x63, 0x75, 0x73, 0x74,
        0x72, 0x61, 0x69, 0x67, 0x68, 0x74, 0x73, 0x74, 0x72, 0x6F, 0x6B, 0x65, 0x63, 0x79, 0x72, 0x69, 0x6C, 0x6C, 0x69, 0x63, 0x75, 0x74, 0x69, 0x6C,
        0x64, 0x65, 0x75, 0x74, 0x69, 0x6C, 0x64, 0x65, 0x61, 0x63, 0x75, 0x74, 0x65, 0x75, 0x74, 0x69, 0x6C, 0x64, 0x65, 0x62, 0x65, 0x6C, 0x6F, 0x77,
        0x75, 0x75, 0x62, 0x65, 0x6E, 0x67, 0x61, 0x6C, 0x69, 0x75, 0x75, 0x64, 0x65, 0x76, 0x61, 0x75, 0x75, 0x67, 0x75, 0x6A, 0x61, 0x72, 0x61, 0x74,
        0x69, 0x75, 0x75, 0x67, 0x75, 0x72, 0x6D, 0x75, 0x6B, 0x68, 0x69, 0x75, 0x75, 0x6D, 0x61, 0x74, 0x72, 0x61, 0x67, 0x75, 0x72, 0x6D, 0x75, 0x6B,
        0x68, 0x69, 0x75, 0x75, 0x76, 0x6F, 0x77, 0x65, 0x6C, 0x73, 0x69, 0x67, 0x6E, 0x62, 0x65, 0x6E, 0x67, 0x61, 0x6C, 0x69, 0x75, 0x75, 0x76, 0x6F,
        0x77, 0x65, 0x6C, 0x73, 0x69, 0x67, 0x6E, 0x64, 0x65, 0x76, 0x61, 0x75, 0x75, 0x76, 0x6F, 0x77, 0x65, 0x6C, 0x73, 0x69, 0x67, 0x6E, 0x67, 0x75,
        0x6A, 0x61, 0x72, 0x61, 0x74, 0x69, 0x75, 0x76, 0x6F, 0x77, 0x65, 0x6C, 0x73, 0x69, 0x67, 0x6E, 0x62, 0x65, 0x6E, 0x67, 0x61, 0x6C, 0x69, 0x75,
        0x76, 0x6F, 0x77, 0x65, 0x6C, 0x73, 0x69, 0x67, 0x6E, 0x64, 0x65, 0x76, 0x61, 0x75, 0x76, 0x6F, 0x77, 0x65, 0x6C, 0x73, 0x69, 0x67, 0x6E, 0x67,
        0x75, 0x6A, 0x61, 0x72, 0x61, 0x74, 0x69, 0x76, 0x76, 0x61, 0x64, 0x65, 0x76, 0x61, 0x76, 0x61, 0x67, 0x75, 0x6A, 0x61, 0x72, 0x61, 0x74, 0x69,
        0x76, 0x61, 0x67, 0x75, 0x72, 0x6D, 0x75, 0x6B, 0x68, 0x69, 0x76, 0x61, 0x6B, 0x61, 0x74, 0x61, 0x6B, 0x61, 0x6E, 0x61, 0x76, 0x61, 0x76, 0x76,
        0x61, 0x76, 0x64, 0x61, 0x67, 0x65, 0x73, 0x68, 0x76, 0x61, 0x76, 0x64, 0x61, 0x67, 0x65, 0x73, 0x68, 0x36, 0x35, 0x76, 0x61, 0x76, 0x64, 0x61,
        0x67, 0x65, 0x73, 0x68, 0x68, 0x65, 0x62, 0x72, 0x65, 0x77, 0x76, 0x61, 0x76, 0x68, 0x65, 0x62, 0x72, 0x65, 0x77, 0x76, 0x61, 0x76, 0x68, 0x6F,
        0x6C, 0x61, 0x6D, 0x76, 0x61, 0x76, 0x68, 0x6F, 0x6C, 0x61, 0x6D, 0x68, 0x65, 0x62, 0x72, 0x65, 0x77, 0x76, 0x61, 0x76, 0x76, 0x61, 0x76, 0x68,
        0x65, 0x62, 0x72, 0x65, 0x77, 0x76, 0x61, 0x76, 0x79, 0x6F, 0x64, 0x68, 0x65, 0x62, 0x72, 0x65, 0x77, 0x76, 0x63, 0x69, 0x72, 0x63, 0x6C, 0x65,
        0x76, 0x64, 0x6F, 0x74, 0x62, 0x65, 0x6C, 0x6F, 0x77, 0x76, 0x65, 0x63, 0x79, 0x72, 0x69, 0x6C, 0x6C, 0x69, 0x63, 0x76, 0x65, 0x68, 0x61, 0x72,
        0x61, 0x62, 0x69, 0x63, 0x76, 0x65, 0x68, 0x66, 0x69, 0x6E, 0x61, 0x6C, 0x61, 0x72, 0x61, 0x62, 0x69, 0x63, 0x76, 0x65, 0x68, 0x69, 0x6E, 0x69,
        0x74, 0x69, 0x61, 0x6C, 0x61, 0x72, 0x61, 0x62, 0x69, 0x63, 0x76, 0x65, 0x68, 0x6D, 0x65, 0x64, 0x69, 0x61, 0x6C, 0x61, 0x72, 0x61, 0x62, 0x69,
        0x63, 0x76, 0x65, 0x6B, 0x61, 0x74, 0x61, 0x6B, 0x61, 0x6E, 0x61, 0x76, 0x65, 0x6E, 0x75, 0x73, 0x76, 0x65, 0x72, 0x74, 0x69, 0x63, 0x61, 0x6C,
        0x62, 0x61, 0x72, 0x76, 0x65, 0x72, 0x74, 0x69, 0x63, 0x61, 0x6C, 0x6C, 0x69, 0x6E, 0x65, 0x61, 0x62, 0x6F, 0x76, 0x65, 0x63, 0x6D, 0x62, 0x76,
        0x65, 0x72, 0x74, 0x69, 0x63, 0x61, 0x6C, 0x6C, 0x69, 0x6E, 0x65, 0x62, 0x65, 0x6C, 0x6F, 0x77, 0x63, 0x6D, 0x62, 0x76, 0x65, 0x72, 0x74, 0x69,
        0x63, 0x61, 0x6C, 0x6C, 0x69, 0x6E, 0x65, 0x6C, 0x6F, 0x77, 0x6D, 0x6F, 0x64, 0x76, 0x65, 0x72, 0x74, 0x69, 0x63, 0x61, 0x6C, 0x6C, 0x69, 0x6E,
        0x65, 0x6D, 0x6F, 0x64, 0x76, 0x65, 0x77, 0x61, 0x72, 0x6D, 0x65, 0x6E, 0x69, 0x61, 0x6E, 0x76, 0x68, 0x6F, 0x6F, 0x6B, 0x76, 0x69, 0x6B, 0x61,
        0x74, 0x61, 0x6B, 0x61, 0x6E, 0x61, 0x76, 0x69, 0x72, 0x61, 0x6D, 0x61, 0x62, 0x65, 0x6E, 0x67, 0x61, 0x6C, 0x69, 0x76, 0x69, 0x72, 0x61, 0x6D,
        0x61, 0x64, 0x65, 0x76, 0x61, 0x76, 0x69, 0x72, 0x61, 0x6D, 0x61, 0x67, 0x75, 0x6A, 0x61, 0x72, 0x61, 0x74, 0x69, 0x76, 0x69, 0x73, 0x61, 0x72,
        0x67, 0x61, 0x62, 0x65, 0x6E, 0x67, 0x61, 0x6C, 0x69, 0x76, 0x69, 0x73, 0x61, 0x72, 0x67, 0x61, 0x64, 0x65, 0x76, 0x61, 0x76, 0x69, 0x73, 0x61,
        0x72, 0x67, 0x61, 0x67, 0x75, 0x6A, 0x61, 0x72, 0x61, 0x74, 0x69, 0x76, 0x6D, 0x6F, 0x6E, 0x6F, 0x73, 0x70, 0x61, 0x63, 0x65, 0x76, 0x6F, 0x61,
        0x72, 0x6D, 0x65, 0x6E, 0x69, 0x61, 0x6E, 0x76, 0x6F, 0x69, 0x63, 0x65, 0x64, 0x69, 0x74, 0x65, 0x72, 0x61, 0x74, 0x69, 0x6F, 0x6E, 0x68, 0x69,
        0x72, 0x61, 0x67, 0x61, 0x6E, 0x61, 0x76, 0x6F, 0x69, 0x63, 0x65, 0x64, 0x69, 0x74, 0x65, 0x72, 0x61, 0x74, 0x69, 0x6F, 0x6E, 0x6B, 0x61, 0x74,
        0x61, 0x6B, 0x61, 0x6E, 0x61, 0x76, 0x6F, 0x69, 0x63, 0x65, 0x64, 0x6D, 0x61, 0x72, 0x6B, 0x6B, 0x61, 0x6E, 0x61, 0x76, 0x6F, 0x69, 0x63, 0x65,
        0x64, 0x6D, 0x61, 0x72, 0x6B, 0x6B, 0x61, 0x6E, 0x61, 0x68, 0x61, 0x6C, 0x66, 0x77, 0x69, 0x64, 0x74, 0x68, 0x76, 0x6F, 0x6B, 0x61, 0x74, 0x61,
        0x6B, 0x61, 0x6E, 0x61, 0x76, 0x70, 0x61, 0x72, 0x65, 0x6E, 0x76, 0x74, 0x69, 0x6C, 0x64, 0x65, 0x76, 0x74, 0x75, 0x72, 0x6E, 0x65, 0x64, 0x76,
        0x75, 0x68, 0x69, 0x72, 0x61, 0x67, 0x61, 0x6E, 0x61, 0x76, 0x75, 0x6B, 0x61, 0x74, 0x61, 0x6B, 0x61, 0x6E, 0x61, 0x77, 0x77, 0x61, 0x63, 0x75,
        0x74, 0x65, 0x77, 0x61, 0x65, 0x6B, 0x6F, 0x72, 0x65, 0x61, 0x6E, 0x77, 0x61, 0x68, 0x69, 0x72, 0x61, 0x67, 0x61, 0x6E, 0x61, 0x77, 0x61, 0x6B,
        0x61, 0x74, 0x61, 0x6B, 0x61, 0x6E, 0x61, 0x77, 0x61, 0x6B, 0x61, 0x74, 0x61, 0x6B, 0x61, 0x6E, 0x61, 0x68, 0x61, 0x6C, 0x66, 0x77, 0x69, 0x64,
        0x74, 0x68, 0x77, 0x61, 0x6B, 0x6F, 0x72, 0x65, 0x61, 0x6E, 0x77, 0x61, 0x73, 0x6D, 0x61, 0x6C, 0x6C, 0x68, 0x69, 0x72, 0x61, 0x67, 0x61, 0x6E,
        0x61, 0x77, 0x61, 0x73, 0x6D, 0x61, 0x6C, 0x6C, 0x6B, 0x61, 0x74, 0x61, 0x6B, 0x61, 0x6E, 0x61, 0x77, 0x61, 0x74, 0x74, 0x6F, 0x73, 0x71, 0x75,
        0x61, 0x72, 0x65, 0x77, 0x61, 0x76, 0x65, 0x64, 0x61, 0x73, 0x68, 0x77, 0x61, 0x76, 0x79, 0x75, 0x6E, 0x64, 0x65, 0x72, 0x73, 0x63, 0x6F, 0x72,
        0x65, 0x76, 0x65, 0x72, 0x74, 0x69, 0x63, 0x61, 0x6C, 0x77, 0x61, 0x77, 0x61, 0x72, 0x61, 0x62, 0x69, 0x63, 0x77, 0x61, 0x77, 0x66, 0x69, 0x6E,
        0x61, 0x6C, 0x61, 0x72, 0x61, 0x62, 0x69, 0x63, 0x77, 0x61, 0x77, 0x68, 0x61, 0x6D, 0x7A, 0x61, 0x61, 0x62, 0x6F, 0x76, 0x65, 0x61, 0x72, 0x61,
        0x62, 0x69, 0x63, 0x77, 0x61, 0x77, 0x68, 0x61, 0x6D, 0x7A, 0x61, 0x61, 0x62, 0x6F, 0x76, 0x65, 0x66, 0x69, 0x6E, 0x61, 0x6C, 0x61, 0x72, 0x61,
        0x62, 0x69, 0x63, 0x77, 0x62, 0x73, 0x71, 0x75, 0x61, 0x72, 0x65, 0x77, 0x63, 0x69, 0x72, 0x63, 0x6C, 0x65, 0x77, 0x63, 0x69, 0x72, 0x63, 0x75,
        0x6D, 0x66, 0x6C, 0x65, 0x78, 0x77, 0x64, 0x69, 0x65, 0x72, 0x65, 0x73, 0x69, 0x73, 0x77, 0x64, 0x6F, 0x74, 0x61, 0x63, 0x63, 0x65, 0x6E, 0x74,
        0x77, 0x64, 0x6F, 0x74, 0x62, 0x65, 0x6C, 0x6F, 0x77, 0x77, 0x65, 0x68, 0x69, 0x72, 0x61, 0x67, 0x61, 0x6E, 0x61, 0x77, 0x65, 0x69, 0x65, 0x72,
        0x73, 0x74, 0x72, 0x61, 0x73, 0x73, 0x77, 0x65, 0x6B, 0x61, 0x74, 0x61, 0x6B, 0x61, 0x6E, 0x61, 0x77, 0x65, 0x6B, 0x6F, 0x72, 0x65, 0x61, 0x6E,
        0x77, 0x65, 0x6F, 0x6B, 0x6F, 0x72, 0x65, 0x61, 0x6E, 0x77, 0x67, 0x72, 0x61, 0x76, 0x65, 0x77, 0x68, 0x69, 0x74, 0x65, 0x62, 0x75, 0x6C, 0x6C,
        0x65, 0x74, 0x77, 0x68, 0x69, 0x74, 0x65, 0x63, 0x69, 0x72, 0x63, 0x6C, 0x65, 0x77, 0x68, 0x69, 0x74, 0x65, 0x63, 0x69, 0x72, 0x63, 0x6C, 0x65,
        0x69, 0x6E, 0x76, 0x65, 0x72, 0x73, 0x65, 0x77, 0x68, 0x69, 0x74, 0x65, 0x63, 0x6F, 0x72, 0x6E, 0x65, 0x72, 0x62, 0x72, 0x61, 0x63, 0x6B, 0x65,
        0x74, 0x6C, 0x65, 0x66, 0x74, 0x77, 0x68, 0x69, 0x74, 0x65, 0x63, 0x6F, 0x72, 0x6E, 0x65, 0x72, 0x62, 0x72, 0x61, 0x63, 0x6B, 0x65, 0x74, 0x6C,
        0x65, 0x66, 0x74, 0x76, 0x65, 0x72, 0x74, 0x69, 0x63, 0x61, 0x6C, 0x77, 0x68, 0x69, 0x74, 0x65, 0x63, 0x6F, 0x72, 0x6E, 0x65, 0x72, 0x62, 0x72,
        0x61, 0x63, 0x6B, 0x65, 0x74, 0x72, 0x69, 0x67, 0x68, 0x74, 0x77, 0x68, 0x69, 0x74, 0x65, 0x63, 0x6F, 0x72, 0x6E, 0x65, 0x72, 0x62, 0x72, 0x61,
        0x63, 0x6B, 0x65, 0x74, 0x72, 0x69, 0x67, 0x68, 0x74, 0x76, 0x65, 0x72, 0x74, 0x69, 0x63, 0x61, 0x6C, 0x77, 0x68, 0x69, 0x74, 0x65, 0x64, 0x69,
        0x61, 0x6D, 0x6F, 0x6E, 0x64, 0x77, 0x68, 0x69, 0x74, 0x65, 0x64, 0x69, 0x61, 0x6D, 0x6F, 0x6E, 0x64, 0x63, 0x6F, 0x6E, 0x74, 0x61, 0x69, 0x6E,
        0x69, 0x6E, 0x67, 0x62, 0x6C, 0x61, 0x63, 0x6B, 0x73, 0x6D, 0x61, 0x6C, 0x6C, 0x64, 0x69, 0x61, 0x6D, 0x6F, 0x6E, 0x64, 0x77, 0x68, 0x69, 0x74,
        0x65, 0x64, 0x6F, 0x77, 0x6E, 0x70, 0x6F, 0x69, 0x6E, 0x74, 0x69, 0x6E, 0x67, 0x73, 0x6D, 0x61, 0x6C, 0x6C, 0x74, 0x72, 0x69, 0x61, 0x6E, 0x67,
        0x6C, 0x65, 0x77, 0x68, 0x69, 0x74, 0x65, 0x64, 0x6F, 0x77, 0x6E, 0x70, 0x6F, 0x69, 0x6E, 0x74, 0x69, 0x6E, 0x67, 0x74, 0x72, 0x69, 0x61, 0x6E,
        0x67, 0x6C, 0x65, 0x77, 0x68, 0x69, 0x74, 0x65, 0x6C, 0x65, 0x66, 0x74, 0x70, 0x6F, 0x69, 0x6E, 0x74, 0x69, 0x6E, 0x67, 0x73, 0x6D, 0x61, 0x6C,
        0x6C, 0x74, 0x72, 0x69, 0x61, 0x6E, 0x67, 0x6C, 0x65, 0x77, 0x68, 0x69, 0x74, 0x65, 0x6C, 0x65, 0x66, 0x74, 0x70, 0x6F, 0x69, 0x6E, 0x74, 0x69,
        0x6E, 0x67, 0x74, 0x72, 0x69, 0x61, 0x6E, 0x67, 0x6C, 0x65, 0x77, 0x68, 0x69, 0x74, 0x65, 0x6C, 0x65, 0x6E, 0x74, 0x69, 0x63, 0x75, 0x6C, 0x61,
        0x72, 0x62, 0x72, 0x61, 0x63, 0x6B, 0x65, 0x74, 0x6C, 0x65, 0x66, 0x74, 0x77, 0x68, 0x69, 0x74, 0x65, 0x6C, 0x65, 0x6E, 0x74, 0x69, 0x63, 0x75,
        0x6C, 0x61, 0x72, 0x62, 0x72, 0x61, 0x63, 0x6B, 0x65, 0x74, 0x72, 0x69, 0x67, 0x68, 0x74, 0x77, 0x68, 0x69, 0x74, 0x65, 0x72, 0x69, 0x67, 0x68,
        0x74, 0x70, 0x6F, 0x69, 0x6E, 0x74, 0x69, 0x6E, 0x67, 0x73, 0x6D, 0x61, 0x6C, 0x6C, 0x74, 0x72, 0x69, 0x61, 0x6E, 0x67, 0x6C, 0x65, 0x77, 0x68,
        0x69, 0x74, 0x65, 0x72, 0x69, 0x67, 0x68, 0x74, 0x70, 0x6F, 0x69, 0x6E, 0x74, 0x69, 0x6E, 0x67, 0x74, 0x72, 0x69, 0x61, 0x6E, 0x67, 0x6C, 0x65,
        0x77, 0x68, 0x69, 0x74, 0x65, 0x73, 0x6D, 0x61, 0x6C, 0x6C, 0x73, 0x71, 0x75, 0x61, 0x72, 0x65, 0x77, 0x68, 0x69, 0x74, 0x65, 0x73, 0x6D, 0x69,
        0x6C, 0x69, 0x6E, 0x67, 0x66, 0x61, 0x63, 0x65, 0x77, 0x68, 0x69, 0x74, 0x65, 0x73, 0x71, 0x75, 0x61, 0x72, 0x65, 0x77, 0x68, 0x69, 0x74, 0x65,
        0x73, 0x74, 0x61, 0x72, 0x77, 0x68, 0x69, 0x74, 0x65, 0x74, 0x65, 0x6C, 0x65, 0x70, 0x68, 0x6F, 0x6E, 0x65, 0x77, 0x68, 0x69, 0x74, 0x65, 0x74,
        0x6F, 0x72, 0x74, 0x6F, 0x69, 0x73, 0x65, 0x73, 0x68, 0x65, 0x6C, 0x6C, 0x62, 0x72, 0x61, 0x63, 0x6B, 0x65, 0x74, 0x6C, 0x65, 0x66, 0x74, 0x77,
        0x68, 0x69, 0x74, 0x65, 0x74, 0x6F, 0x72, 0x74, 0x6F, 0x69, 0x73, 0x65, 0x73, 0x68, 0x65, 0x6C, 0x6C, 0x62, 0x72, 0x61, 0x63, 0x6B, 0x65, 0x74,
        0x72, 0x69, 0x67, 0x68, 0x74, 0x77, 0x68, 0x69, 0x74, 0x65, 0x75, 0x70, 0x70, 0x6F, 0x69, 0x6E, 0x74, 0x69, 0x6E, 0x67, 0x73, 0x6D, 0x61, 0x6C,
        0x6C, 0x74, 0x72, 0x69, 0x61, 0x6E, 0x67, 0x6C, 0x65, 0x77, 0x68, 0x69, 0x74, 0x65, 0x75, 0x70, 0x70, 0x6F, 0x69, 0x6E, 0x74, 0x69, 0x6E, 0x67,
        0x74, 0x72, 0x69, 0x61, 0x6E, 0x67, 0x6C, 0x65, 0x77, 0x69, 0x68, 0x69, 0x72, 0x61, 0x67, 0x61, 0x6E, 0x61, 0x77, 0x69, 0x6B, 0x61, 0x74, 0x61,
        0x6B, 0x61, 0x6E, 0x61, 0x77, 0x69, 0x6B, 0x6F, 0x72, 0x65, 0x61, 0x6E, 0x77, 0x6D, 0x6F, 0x6E, 0x6F, 0x73, 0x70, 0x61, 0x63, 0x65, 0x77, 0x6F,
        0x68, 0x69, 0x72, 0x61, 0x67, 0x61, 0x6E, 0x61, 0x77, 0x6F, 0x6B, 0x61, 0x74, 0x61, 0x6B, 0x61, 0x6E, 0x61, 0x77, 0x6F, 0x6B, 0x61, 0x74, 0x61,
        0x6B, 0x61, 0x6E, 0x61, 0x68, 0x61, 0x6C, 0x66, 0x77, 0x69, 0x64, 0x74, 0x68, 0x77, 0x6F, 0x6E, 0x77, 0x6F, 0x6E, 0x6D, 0x6F, 0x6E, 0x6F, 0x73,
        0x70, 0x61, 0x63, 0x65, 0x77, 0x6F, 0x77, 0x61, 0x65, 0x6E, 0x74, 0x68, 0x61, 0x69, 0x77, 0x70, 0x61, 0x72, 0x65, 0x6E, 0x77, 0x72, 0x69, 0x6E,
        0x67, 0x77, 0x73, 0x75, 0x70, 0x65, 0x72, 0x69, 0x6F, 0x72, 0x77, 0x74, 0x75, 0x72, 0x6E, 0x65, 0x64, 0x77, 0x79, 0x6E, 0x6E, 0x78, 0x78, 0x61,
        0x62, 0x6F, 0x76, 0x65, 0x63, 0x6D, 0x62, 0x78, 0x62, 0x6F, 0x70, 0x6F, 0x6D, 0x6F, 0x66, 0x6F, 0x78, 0x63, 0x69, 0x72, 0x63, 0x6C, 0x65, 0x78,
        0x64, 0x69, 0x65, 0x72, 0x65, 0x73, 0x69, 0x73, 0x78, 0x64, 0x6F, 0x74, 0x61, 0x63, 0x63, 0x65, 0x6E, 0x74, 0x78, 0x65, 0x68, 0x61, 0x72, 0x6D,
        0x65, 0x6E, 0x69, 0x61, 0x6E, 0x78, 0x69, 0x78, 0x6D, 0x6F, 0x6E, 0x6F, 0x73, 0x70, 0x61, 0x63, 0x65, 0x78, 0x70, 0x61, 0x72, 0x65, 0x6E, 0x78,
        0x73, 0x75, 0x70, 0x65, 0x72, 0x69, 0x6F, 0x72, 0x79, 0x79, 0x61, 0x61, 0x64, 0x6F, 0x73, 0x71, 0x75, 0x61, 0x72, 0x65, 0x79, 0x61, 0x62, 0x65,
        0x6E, 0x67, 0x61, 0x6C, 0x69, 0x79, 0x61, 0x63, 0x75, 0x74, 0x65, 0x79, 0x61, 0x64, 0x65, 0x76, 0x61, 0x79, 0x61, 0x65, 0x6B, 0x6F, 0x72, 0x65,
        0x61, 0x6E, 0x79, 0x61, 0x67, 0x75, 0x6A, 0x61, 0x72, 0x61, 0x74, 0x69, 0x79, 0x61, 0x67, 0x75, 0x72, 0x6D, 0x75, 0x6B, 0x68, 0x69, 0x79, 0x61,
        0x68, 0x69, 0x72, 0x61, 0x67, 0x61, 0x6E, 0x61, 0x79, 0x61, 0x6B, 0x61, 0x74, 0x61, 0x6B, 0x61, 0x6E, 0x61, 0x79, 0x61, 0x6B, 0x61, 0x74, 0x61,
        0x6B, 0x61, 0x6E, 0x61, 0x68, 0x61, 0x6C, 0x66, 0x77, 0x69, 0x64, 0x74, 0x68, 0x79, 0x61, 0x6B, 0x6F, 0x72, 0x65, 0x61, 0x6E, 0x79, 0x61, 0x6D,
        0x61, 0x6B, 0x6B, 0x61, 0x6E, 0x74, 0x68, 0x61, 0x69, 0x79, 0x61, 0x73, 0x6D, 0x61, 0x6C, 0x6C, 0x68, 0x69, 0x72, 0x61, 0x67, 0x61, 0x6E, 0x61,
        0x79, 0x61, 0x73, 0x6D, 0x61, 0x6C, 0x6C, 0x6B, 0x61, 0x74, 0x61, 0x6B, 0x61, 0x6E, 0x61, 0x79, 0x61, 0x73, 0x6D, 0x61, 0x6C, 0x6C, 0x6B, 0x61,
        0x74, 0x61, 0x6B, 0x61, 0x6E, 0x61, 0x68, 0x61, 0x6C, 0x66, 0x77, 0x69, 0x64, 0x74, 0x68, 0x79, 0x61, 0x74, 0x63, 0x79, 0x72, 0x69, 0x6C, 0x6C,
        0x69, 0x63, 0x79, 0x63, 0x69, 0x72, 0x63, 0x6C, 0x65, 0x79, 0x63, 0x69, 0x72, 0x63, 0x75, 0x6D, 0x66, 0x6C, 0x65, 0x78, 0x79, 0x64, 0x69, 0x65,
        0x72, 0x65, 0x73, 0x69, 0x73, 0x79, 0x64, 0x6F, 0x74, 0x61, 0x63, 0x63, 0x65, 0x6E, 0x74, 0x79, 0x64, 0x6F, 0x74, 0x62, 0x65, 0x6C, 0x6F, 0x77,
        0x79, 0x65, 0x68, 0x61, 0x72, 0x61, 0x62, 0x69, 0x63, 0x79, 0x65, 0x68, 0x62, 0x61, 0x72, 0x72, 0x65, 0x65, 0x61, 0x72, 0x61, 0x62, 0x69, 0x63,
        0x79, 0x65, 0x68, 0x62, 0x61, 0x72, 0x72, 0x65, 0x65, 0x66, 0x69, 0x6E, 0x61, 0x6C, 0x61, 0x72, 0x61, 0x62, 0x69, 0x63, 0x79, 0x65, 0x68, 0x66,
        0x69, 0x6E, 0x61, 0x6C, 0x61, 0x72, 0x61, 0x62, 0x69, 0x63, 0x79, 0x65, 0x68, 0x68, 0x61, 0x6D, 0x7A, 0x61, 0x61, 0x62, 0x6F, 0x76, 0x65, 0x61,
        0x72, 0x61, 0x62, 0x69, 0x63, 0x79, 0x65, 0x68, 0x68, 0x61, 0x6D, 0x7A, 0x61, 0x61, 0x62, 0x6F, 0x76, 0x65, 0x66, 0x69, 0x6E, 0x61, 0x6C, 0x61,
        0x72, 0x61, 0x62, 0x69, 0x63, 0x79, 0x65, 0x68, 0x68, 0x61, 0x6D, 0x7A, 0x61, 0x61, 0x62, 0x6F, 0x76, 0x65, 0x69, 0x6E, 0x69, 0x74, 0x69, 0x61,
        0x6C, 0x61, 0x72, 0x61, 0x62, 0x69, 0x63, 0x79, 0x65, 0x68, 0x68, 0x61, 0x6D, 0x7A, 0x61, 0x61, 0x62, 0x6F, 0x76, 0x65, 0x6D, 0x65, 0x64, 0x69,
        0x61, 0x6C, 0x61, 0x72, 0x61, 0x62, 0x69, 0x63, 0x79, 0x65, 0x68, 0x69, 0x6E, 0x69, 0x74, 0x69, 0x61, 0x6C, 0x61, 0x72, 0x61, 0x62, 0x69, 0x63,
        0x79, 0x65, 0x68, 0x6D, 0x65, 0x64, 0x69, 0x61, 0x6C, 0x61, 0x72, 0x61, 0x62, 0x69, 0x63, 0x79, 0x65, 0x68, 0x6D, 0x65, 0x65, 0x6D, 0x69, 0x6E,
        0x69, 0x74, 0x69, 0x61, 0x6C, 0x61, 0x72, 0x61, 0x62, 0x69, 0x63, 0x79, 0x65, 0x68, 0x6D, 0x65, 0x65, 0x6D, 0x69, 0x73, 0x6F, 0x6C, 0x61, 0x74,
        0x65, 0x64, 0x61, 0x72, 0x61, 0x62, 0x69, 0x63, 0x79, 0x65, 0x68, 0x6E, 0x6F, 0x6F, 0x6E, 0x66, 0x69, 0x6E, 0x61, 0x6C, 0x61, 0x72, 0x61, 0x62,
        0x69, 0x63, 0x79, 0x65, 0x68, 0x74, 0x68, 0x72, 0x65, 0x65, 0x64, 0x6F, 0x74, 0x73, 0x62, 0x65, 0x6C, 0x6F, 0x77, 0x61, 0x72, 0x61, 0x62, 0x69,
        0x63, 0x79, 0x65, 0x6B, 0x6F, 0x72, 0x65, 0x61, 0x6E, 0x79, 0x65, 0x6E, 0x79, 0x65, 0x6E, 0x6D, 0x6F, 0x6E, 0x6F, 0x73, 0x70, 0x61, 0x63, 0x65,
        0x79, 0x65, 0x6F, 0x6B, 0x6F, 0x72, 0x65, 0x61, 0x6E, 0x79, 0x65, 0x6F, 0x72, 0x69, 0x6E, 0x68, 0x69, 0x65, 0x75, 0x68, 0x6B, 0x6F, 0x72, 0x65,
        0x61, 0x6E, 0x79, 0x65, 0x72, 0x61, 0x68, 0x62, 0x65, 0x6E, 0x79, 0x6F, 0x6D, 0x6F, 0x68, 0x65, 0x62, 0x72, 0x65, 0x77, 0x79, 0x65, 0x72, 0x61,
        0x68, 0x62, 0x65, 0x6E, 0x79, 0x6F, 0x6D, 0x6F, 0x6C, 0x65, 0x66, 0x74, 0x68, 0x65, 0x62, 0x72, 0x65, 0x77, 0x79, 0x65, 0x72, 0x69, 0x63, 0x79,
        0x72, 0x69, 0x6C, 0x6C, 0x69, 0x63, 0x79, 0x65, 0x72, 0x75, 0x64, 0x69, 0x65, 0x72, 0x65, 0x73, 0x69, 0x73, 0x63, 0x79, 0x72, 0x69, 0x6C, 0x6C,
        0x69, 0x63, 0x79, 0x65, 0x73, 0x69, 0x65, 0x75, 0x6E, 0x67, 0x6B, 0x6F, 0x72, 0x65, 0x61, 0x6E, 0x79, 0x65, 0x73, 0x69, 0x65, 0x75, 0x6E, 0x67,
        0x70, 0x61, 0x6E, 0x73, 0x69, 0x6F, 0x73, 0x6B, 0x6F, 0x72, 0x65, 0x61, 0x6E, 0x79, 0x65, 0x73, 0x69, 0x65, 0x75, 0x6E, 0x67, 0x73, 0x69, 0x6F,
        0x73, 0x6B, 0x6F, 0x72, 0x65, 0x61, 0x6E, 0x79, 0x65, 0x74, 0x69, 0x76, 0x68, 0x65, 0x62, 0x72, 0x65, 0x77, 0x79, 0x67, 0x72, 0x61, 0x76, 0x65,
        0x79, 0x68, 0x6F, 0x6F, 0x6B, 0x79, 0x68, 0x6F, 0x6F, 0x6B, 0x61, 0x62, 0x6F, 0x76, 0x65, 0x79, 0x69, 0x61, 0x72, 0x6D, 0x65, 0x6E, 0x69, 0x61,
        0x6E, 0x79, 0x69, 0x63, 0x79, 0x72, 0x69, 0x6C, 0x6C, 0x69, 0x63, 0x79, 0x69, 0x6B, 0x6F, 0x72, 0x65, 0x61, 0x6E, 0x79, 0x69, 0x6E, 0x79, 0x61,
        0x6E, 0x67, 0x79, 0x69, 0x77, 0x6E, 0x61, 0x72, 0x6D, 0x65, 0x6E, 0x69, 0x61, 0x6E, 0x79, 0x6D, 0x6F, 0x6E, 0x6F, 0x73, 0x70, 0x61, 0x63, 0x65,
        0x79, 0x6F, 0x64, 0x79, 0x6F, 0x64, 0x64, 0x61, 0x67, 0x65, 0x73, 0x68, 0x79, 0x6F, 0x64, 0x64, 0x61, 0x67, 0x65, 0x73, 0x68, 0x68, 0x65, 0x62,
        0x72, 0x65, 0x77, 0x79, 0x6F, 0x64, 0x68, 0x65, 0x62, 0x72, 0x65, 0x77, 0x79, 0x6F, 0x64, 0x79, 0x6F, 0x64, 0x68, 0x65, 0x62, 0x72, 0x65, 0x77,
        0x79, 0x6F, 0x64, 0x79, 0x6F, 0x64, 0x70, 0x61, 0x74, 0x61, 0x68, 0x68, 0x65, 0x62, 0x72, 0x65, 0x77, 0x79, 0x6F, 0x68, 0x69, 0x72, 0x61, 0x67,
        0x61, 0x6E, 0x61, 0x79, 0x6F, 0x69, 0x6B, 0x6F, 0x72, 0x65, 0x61, 0x6E, 0x79, 0x6F, 0x6B, 0x61, 0x74, 0x61, 0x6B, 0x61, 0x6E, 0x61, 0x79, 0x6F,
        0x6B, 0x61, 0x74, 0x61, 0x6B, 0x61, 0x6E, 0x61, 0x68, 0x61, 0x6C, 0x66, 0x77, 0x69, 0x64, 0x74, 0x68, 0x79, 0x6F, 0x6B, 0x6F, 0x72, 0x65, 0x61,
        0x6E, 0x79, 0x6F, 0x73, 0x6D, 0x61, 0x6C, 0x6C, 0x68, 0x69, 0x72, 0x61, 0x67, 0x61, 0x6E, 0x61, 0x79, 0x6F, 0x73, 0x6D, 0x61, 0x6C, 0x6C, 0x6B,
        0x61, 0x74, 0x61, 0x6B, 0x61, 0x6E, 0x61, 0x79, 0x6F, 0x73, 0x6D, 0x61, 0x6C, 0x6C, 0x6B, 0x61, 0x74, 0x61, 0x6B, 0x61, 0x6E, 0x61, 0x68, 0x61,
        0x6C, 0x66, 0x77, 0x69, 0x64, 0x74, 0x68, 0x79, 0x6F, 0x74, 0x67, 0x72, 0x65, 0x65, 0x6B, 0x79, 0x6F, 0x79, 0x61, 0x65, 0x6B, 0x6F, 0x72, 0x65,
        0x61, 0x6E, 0x79, 0x6F, 0x79, 0x61, 0x6B, 0x6F, 0x72, 0x65, 0x61, 0x6E, 0x79, 0x6F, 0x79, 0x61, 0x6B, 0x74, 0x68, 0x61, 0x69, 0x79, 0x6F, 0x79,
        0x69, 0x6E, 0x67, 0x74, 0x68, 0x61, 0x69, 0x79, 0x70, 0x61, 0x72, 0x65, 0x6E, 0x79, 0x70, 0x6F, 0x67, 0x65, 0x67, 0x72, 0x61, 0x6D, 0x6D, 0x65,
        0x6E, 0x69, 0x79, 0x70, 0x6F, 0x67, 0x65, 0x67, 0x72, 0x61, 0x6D, 0x6D, 0x65, 0x6E, 0x69, 0x67, 0x72, 0x65, 0x65, 0x6B, 0x63, 0x6D, 0x62, 0x79,
        0x72, 0x79, 0x72, 0x69, 0x6E, 0x67, 0x79, 0x73, 0x75, 0x70, 0x65, 0x72, 0x69, 0x6F, 0x72, 0x79, 0x74, 0x69, 0x6C, 0x64, 0x65, 0x79, 0x74, 0x75,
        0x72, 0x6E, 0x65, 0x64, 0x79, 0x75, 0x68, 0x69, 0x72, 0x61, 0x67, 0x61, 0x6E, 0x61, 0x79, 0x75, 0x69, 0x6B, 0x6F, 0x72, 0x65, 0x61, 0x6E, 0x79,
        0x75, 0x6B, 0x61, 0x74, 0x61, 0x6B, 0x61, 0x6E, 0x61, 0x79, 0x75, 0x6B, 0x61, 0x74, 0x61, 0x6B, 0x61, 0x6E, 0x61, 0x68, 0x61, 0x6C, 0x66, 0x77,
        0x69, 0x64, 0x74, 0x68, 0x79, 0x75, 0x6B, 0x6F, 0x72, 0x65, 0x61, 0x6E, 0x79, 0x75, 0x73, 0x62, 0x69, 0x67, 0x63, 0x79, 0x72, 0x69, 0x6C, 0x6C,
        0x69, 0x63, 0x79, 0x75, 0x73, 0x62, 0x69, 0x67, 0x69, 0x6F, 0x74, 0x69, 0x66, 0x69, 0x65, 0x64, 0x63, 0x79, 0x72, 0x69, 0x6C, 0x6C, 0x69, 0x63,
        0x79, 0x75, 0x73, 0x6C, 0x69, 0x74, 0x74, 0x6C, 0x65, 0x63, 0x79, 0x72, 0x69, 0x6C, 0x6C, 0x69, 0x63, 0x79, 0x75, 0x73, 0x6C, 0x69, 0x74, 0x74,
        0x6C, 0x65, 0x69, 0x6F, 0x74, 0x69, 0x66, 0x69, 0x65, 0x64, 0x63, 0x79, 0x72, 0x69, 0x6C, 0x6C, 0x69, 0x63, 0x79, 0x75, 0x73, 0x6D, 0x61, 0x6C,
        0x6C, 0x68, 0x69, 0x72, 0x61, 0x67, 0x61, 0x6E, 0x61, 0x79, 0x75, 0x73, 0x6D, 0x61, 0x6C, 0x6C, 0x6B, 0x61, 0x74, 0x61, 0x6B, 0x61, 0x6E, 0x61,
        0x79, 0x75, 0x73, 0x6D, 0x61, 0x6C, 0x6C, 0x6B, 0x61, 0x74, 0x61, 0x6B, 0x61, 0x6E, 0x61, 0x68, 0x61, 0x6C, 0x66, 0x77, 0x69, 0x64, 0x74, 0x68,
        0x79, 0x75, 0x79, 0x65, 0x6B, 0x6F, 0x72, 0x65, 0x61, 0x6E, 0x79, 0x75, 0x79, 0x65, 0x6F, 0x6B, 0x6F, 0x72, 0x65, 0x61, 0x6E, 0x79, 0x79, 0x61,
        0x62, 0x65, 0x6E, 0x67, 0x61, 0x6C, 0x69, 0x79, 0x79, 0x61, 0x64, 0x65, 0x76, 0x61, 0x7A, 0x7A, 0x61, 0x61, 0x72, 0x6D, 0x65, 0x6E, 0x69, 0x61,
        0x6E, 0x7A, 0x61, 0x63, 0x75, 0x74, 0x65, 0x7A, 0x61, 0x64, 0x65, 0x76, 0x61, 0x7A, 0x61, 0x67, 0x75, 0x72, 0x6D, 0x75, 0x6B, 0x68, 0x69, 0x7A,
        0x61, 0x68, 0x61, 0x72, 0x61, 0x62, 0x69, 0x63, 0x7A, 0x61, 0x68, 0x66, 0x69, 0x6E, 0x61, 0x6C, 0x61, 0x72, 0x61, 0x62, 0x69, 0x63, 0x7A, 0x61,
        0x68, 0x69, 0x6E, 0x69, 0x74, 0x69, 0x61, 0x6C, 0x61, 0x72, 0x61, 0x62, 0x69, 0x63, 0x7A, 0x61, 0x68, 0x69, 0x72, 0x61, 0x67, 0x61, 0x6E, 0x61,
        0x7A, 0x61, 0x68, 0x6D, 0x65, 0x64, 0x69, 0x61, 0x6C, 0x61, 0x72, 0x61, 0x62, 0x69, 0x63, 0x7A, 0x61, 0x69, 0x6E, 0x61, 0x72, 0x61, 0x62, 0x69,
        0x63, 0x7A, 0x61, 0x69, 0x6E, 0x66, 0x69, 0x6E, 0x61, 0x6C, 0x61, 0x72, 0x61, 0x62, 0x69, 0x63, 0x7A, 0x61, 0x6B, 0x61, 0x74, 0x61, 0x6B, 0x61,
        0x6E, 0x61, 0x7A, 0x61, 0x71, 0x65, 0x66, 0x67, 0x61, 0x64, 0x6F, 0x6C, 0x68, 0x65, 0x62, 0x72, 0x65, 0x77, 0x7A, 0x61, 0x71, 0x65, 0x66, 0x71,
        0x61, 0x74, 0x61, 0x6E, 0x68, 0x65, 0x62, 0x72, 0x65, 0x77, 0x7A, 0x61, 0x72, 0x71, 0x61, 0x68, 0x65, 0x62, 0x72, 0x65, 0x77, 0x7A, 0x61, 0x79,
        0x69, 0x6E, 0x7A, 0x61, 0x79, 0x69, 0x6E, 0x64, 0x61, 0x67, 0x65, 0x73, 0x68, 0x7A, 0x61, 0x79, 0x69, 0x6E, 0x64, 0x61, 0x67, 0x65, 0x73, 0x68,
        0x68, 0x65, 0x62, 0x72, 0x65, 0x77, 0x7A, 0x61, 0x79, 0x69, 0x6E, 0x68, 0x65, 0x62, 0x72, 0x65, 0x77, 0x7A, 0x62, 0x6F, 0x70, 0x6F, 0x6D, 0x6F,
        0x66, 0x6F, 0x7A, 0x63, 0x61, 0x72, 0x6F, 0x6E, 0x7A, 0x63, 0x69, 0x72, 0x63, 0x6C, 0x65, 0x7A, 0x63, 0x69, 0x72, 0x63, 0x75, 0x6D, 0x66, 0x6C,
        0x65, 0x78, 0x7A, 0x63, 0x75, 0x72, 0x6C, 0x7A, 0x64, 0x6F, 0x74, 0x7A, 0x64, 0x6F, 0x74, 0x61, 0x63, 0x63, 0x65, 0x6E, 0x74, 0x7A, 0x64, 0x6F,
        0x74, 0x62, 0x65, 0x6C, 0x6F, 0x77, 0x7A, 0x65, 0x63, 0x79, 0x72, 0x69, 0x6C, 0x6C, 0x69, 0x63, 0x7A, 0x65, 0x64, 0x65, 0x73, 0x63, 0x65, 0x6E,
        0x64, 0x65, 0x72, 0x63, 0x79, 0x72, 0x69, 0x6C, 0x6C, 0x69, 0x63, 0x7A, 0x65, 0x64, 0x69, 0x65, 0x72, 0x65, 0x73, 0x69, 0x73, 0x63, 0x79, 0x72,
        0x69, 0x6C, 0x6C, 0x69, 0x63, 0x7A, 0x65, 0x68, 0x69, 0x72, 0x61, 0x67, 0x61, 0x6E, 0x61, 0x7A, 0x65, 0x6B, 0x61, 0x74, 0x61, 0x6B, 0x61, 0x6E,
        0x61, 0x7A, 0x65, 0x72, 0x6F, 0x7A, 0x65, 0x72, 0x6F, 0x61, 0x72, 0x61, 0x62, 0x69, 0x63, 0x7A, 0x65, 0x72, 0x6F, 0x62, 0x65, 0x6E, 0x67, 0x61,
        0x6C, 0x69, 0x7A, 0x65, 0x72, 0x6F, 0x64, 0x65, 0x76, 0x61, 0x7A, 0x65, 0x72, 0x6F, 0x67, 0x75, 0x6A, 0x61, 0x72, 0x61, 0x74, 0x69, 0x7A, 0x65,
        0x72, 0x6F, 0x67, 0x75, 0x72, 0x6D, 0x75, 0x6B, 0x68, 0x69, 0x7A, 0x65, 0x72, 0x6F, 0x68, 0x61, 0x63, 0x6B, 0x61, 0x72, 0x61, 0x62, 0x69, 0x63,
        0x7A, 0x65, 0x72, 0x6F, 0x69, 0x6E, 0x66, 0x65, 0x72, 0x69, 0x6F, 0x72, 0x7A, 0x65, 0x72, 0x6F, 0x6D, 0x6F, 0x6E, 0x6F, 0x73, 0x70, 0x61, 0x63,
        0x65, 0x7A, 0x65, 0x72, 0x6F, 0x6F, 0x6C, 0x64, 0x73, 0x74, 0x79, 0x6C, 0x65, 0x7A, 0x65, 0x72, 0x6F, 0x70, 0x65, 0x72, 0x73, 0x69, 0x61, 0x6E,
        0x7A, 0x65, 0x72, 0x6F, 0x73, 0x75, 0x70, 0x65, 0x72, 0x69, 0x6F, 0x72, 0x7A, 0x65, 0x72, 0x6F, 0x74, 0x68, 0x61, 0x69, 0x7A, 0x65, 0x72, 0x6F,
        0x77, 0x69, 0x64, 0x74, 0x68, 0x6A, 0x6F, 0x69, 0x6E, 0x65, 0x72, 0x7A, 0x65, 0x72, 0x6F, 0x77, 0x69, 0x64, 0x74, 0x68, 0x6E, 0x6F, 0x6E, 0x6A,
        0x6F, 0x69, 0x6E, 0x65, 0x72, 0x7A, 0x65, 0x72, 0x6F, 0x77, 0x69, 0x64, 0x74, 0x68, 0x73, 0x70, 0x61, 0x63, 0x65, 0x7A, 0x65, 0x74, 0x61, 0x7A,
        0x68, 0x62, 0x6F, 0x70, 0x6F, 0x6D, 0x6F, 0x66, 0x6F, 0x7A, 0x68, 0x65, 0x61, 0x72, 0x6D, 0x65, 0x6E, 0x69, 0x61, 0x6E, 0x7A, 0x68, 0x65, 0x62,
        0x72, 0x65, 0x76, 0x65, 0x63, 0x79, 0x72, 0x69, 0x6C, 0x6C, 0x69, 0x63, 0x7A, 0x68, 0x65, 0x63, 0x79, 0x72, 0x69, 0x6C, 0x6C, 0x69, 0x63, 0x7A,
        0x68, 0x65, 0x64, 0x65, 0x73, 0x63, 0x65, 0x6E, 0x64, 0x65, 0x72, 0x63, 0x79, 0x72, 0x69, 0x6C, 0x6C, 0x69, 0x63, 0x7A, 0x68, 0x65, 0x64, 0x69,
        0x65, 0x72, 0x65, 0x73, 0x69, 0x73, 0x63, 0x79, 0x72, 0x69, 0x6C, 0x6C, 0x69, 0x63, 0x7A, 0x69, 0x68, 0x69, 0x72, 0x61, 0x67, 0x61, 0x6E, 0x61,
        0x7A, 0x69, 0x6B, 0x61, 0x74, 0x61, 0x6B, 0x61, 0x6E, 0x61, 0x7A, 0x69, 0x6E, 0x6F, 0x72, 0x68, 0x65, 0x62, 0x72, 0x65, 0x77, 0x7A, 0x6C, 0x69,
        0x6E, 0x65, 0x62, 0x65, 0x6C, 0x6F, 0x77, 0x7A, 0x6D, 0x6F, 0x6E, 0x6F, 0x73, 0x70, 0x61, 0x63, 0x65, 0x7A, 0x6F, 0x68, 0x69, 0x72, 0x61, 0x67,
        0x61, 0x6E, 0x61, 0x7A, 0x6F, 0x6B, 0x61, 0x74, 0x61, 0x6B, 0x61, 0x6E, 0x61, 0x7A, 0x70, 0x61, 0x72, 0x65, 0x6E, 0x7A, 0x72, 0x65, 0x74, 0x72,
        0x6F, 0x66, 0x6C, 0x65, 0x78, 0x68, 0x6F, 0x6F, 0x6B, 0x7A, 0x73, 0x74, 0x72, 0x6F, 0x6B, 0x65, 0x7A, 0x75, 0x68, 0x69, 0x72, 0x61, 0x67, 0x61,
        0x6E, 0x61, 0x7A, 0x75, 0x6B, 0x61, 0x74, 0x61, 0x6B, 0x61, 0x6E, 0x61
    ];

    /// <summary>Gets the offset of each name in <see cref="NameData"/>, with one extra entry for the end.</summary>
    private static ReadOnlySpan<ushort> NameOffsets => [
        0x0000, 0x0007, 0x000C, 0x0013, 0x001A, 0x0021, 0x0028, 0x0029, 0x002B, 0x0032, 0x003A, 0x0041, 0x0047, 0x0052, 0x0058, 0x0063,
        0x0071, 0x007F, 0x008A, 0x0099, 0x00A4, 0x00AA, 0x00B1, 0x00BC, 0x00CC, 0x00DF, 0x00EF, 0x0103, 0x0113, 0x0123, 0x0128, 0x0132,
        0x013B, 0x0144, 0x014D, 0x015E, 0x016D, 0x017B, 0x0184, 0x018E, 0x0194, 0x019F, 0x01A9, 0x01B4, 0x01C2, 0x01C7, 0x01D1, 0x01D8,
        0x01E2, 0x01E9, 0x01EE, 0x01F8, 0x0202, 0x020C, 0x0212, 0x0218, 0x0223, 0x022E, 0x022F, 0x0236, 0x0240, 0x0249, 0x0253, 0x025E,
        0x0262, 0x0267, 0x026C, 0x0276, 0x0280, 0x0284, 0x0288, 0x0292, 0x0298, 0x029F, 0x02A0, 0x02AA, 0x02B0, 0x02B5, 0x02BF, 0x02C5,
        0x02CD, 0x02DA, 0x02E7, 0x02EE, 0x02F9, 0x02FD, 0x0307, 0x0313, 0x031E, 0x0332, 0x033D, 0x035A, 0x036E, 0x0381, 0x038D, 0x03A2,
        0x03BB, 0x03BE, 0x03C3, 0x03D2, 0x03DC, 0x03E6, 0x03EC, 0x03ED, 0x03EF, 0x03F6, 0x0400, 0x0408, 0x040E, 0x0416, 0x041D, 0x042D,
        0x0433, 0x043D, 0x0446, 0x0450, 0x0459, 0x045E, 0x0468, 0x046D, 0x0475, 0x0482, 0x048F, 0x049C, 0x04A8, 0x04B3, 0x04BD, 0x04C7,
        0x04D5, 0x04DB, 0x04E1, 0x04E8, 0x04EA, 0x04F1, 0x0505, 0x0510, 0x051C, 0x051D, 0x0523, 0x052E, 0x0534, 0x053A, 0x0547, 0x0552,
        0x0559, 0x0564, 0x0574, 0x0584, 0x0597, 0x05A7, 0x05BB, 0x05CB, 0x05DB, 0x05E4, 0x05ED, 0x05F6, 0x0604, 0x0608, 0x0612, 0x061B,
        0x0625, 0x062B, 0x0636, 0x0640, 0x064A, 0x0654, 0x0662, 0x0673, 0x067D, 0x0688, 0x068F, 0x069B, 0x06A7, 0x06B1, 0x06BB, 0x06C5,
        0x06D8, 0x06DB, 0x06E8, 0x06F6, 0x06FD, 0x0702, 0x0709, 0x0715, 0x071F, 0x0728, 0x0739, 0x0743, 0x0756, 0x0759, 0x075F, 0x0762,
        0x076C, 0x0774, 0x0777, 0x077F, 0x0785, 0x0790, 0x0794, 0x0797, 0x079F, 0x07AA, 0x07AB, 0x07B2, 0x07BC, 0x07C7, 0x07D0, 0x07D5,
        0x07E1, 0x07EA, 0x07F4, 0x07FD, 0x0803, 0x0804, 0x080C, 0x0812, 0x0817, 0x0823, 0x082F, 0x0835, 0x083B, 0x0843, 0x084A, 0x0855,
        0x0861, 0x0865, 0x086F, 0x0879, 0x0885, 0x089A, 0x08AB, 0x08BC, 0x08C1, 0x08CC, 0x08D7, 0x08DE, 0x08E8, 0x08ED, 0x08F7, 0x08FD,
        0x0907, 0x090E, 0x090F, 0x0915, 0x091B, 0x0921, 0x0927, 0x092F, 0x0942, 0x0955, 0x0965, 0x0969, 0x0974, 0x097C, 0x0983, 0x098E,
        0x0997, 0x09A1, 0x09AA, 0x09B4, 0x09BE, 0x09C8, 0x09CE, 0x09DA, 0x09EB, 0x09F3, 0x09F4, 0x09FE, 0x0A00, 0x0A0A, 0x0A10, 0x0A1B,
        0x0A21, 0x0A27, 0x0A2E, 0x0A39, 0x0A49, 0x0A52, 0x0A5B, 0x0A64, 0x0A72, 0x0A83, 0x0A91, 0x0A95, 0x0A9F, 0x0AA8, 0x0AB7, 0x0AC1,
        0x0AC9, 0x0ACF, 0x0ADA, 0x0AE4, 0x0AEE, 0x0AFC, 0x0B0B, 0x0B12, 0x0B21, 0x0B2B, 0x0B36, 0x0B40, 0x0B47, 0x0B4B, 0x0B56, 0x0B62,
        0x0B6B, 0x0B71, 0x0B78, 0x0B7E, 0x0B89, 0x0B98, 0x0BAF, 0x0BB0, 0x0BBA, 0x0BC1, 0x0BCC, 0x0BD6, 0x0BE2, 0x0BEC, 0x0BF2, 0x0BF3,
        0x0BFB, 0x0C03, 0x0C14, 0x0C1A, 0x0C24, 0x0C37, 0x0C45, 0x0C4A, 0x0C5A, 0x0C72, 0x0C78, 0x0C80, 0x0C87, 0x0C93, 0x0C9C, 0x0CA7,
        0x0CB2, 0x0CBD, 0x0CC7, 0x0CCC, 0x0CD7, 0x0CE1, 0x0CEB, 0x0CF8, 0x0D02, 0x0D0D, 0x0D13, 0x0D14, 0x0D16, 0x0D18, 0x0D1E, 0x0D24,
        0x0D2A, 0x0D32, 0x0D39, 0x0D49, 0x0D55, 0x0D59, 0x0D63, 0x0D6C, 0x0D7B, 0x0D80, 0x0D8C, 0x0D8E, 0x0D99, 0x0DA3, 0x0DAD, 0x0DB3,
        0x0DBE, 0x0DC4, 0x0DC5, 0x0DCD, 0x0DD3, 0x0DDE, 0x0DE4, 0x0DEB, 0x0DF5, 0x0DFE, 0x0E04, 0x0E0F, 0x0E19, 0x0E1F, 0x0E26, 0x0E28,
        0x0E29, 0x0E2B, 0x0E31, 0x0E37, 0x0E3F, 0x0E46, 0x0E56, 0x0E62, 0x0E6C, 0x0E75, 0x0E7E, 0x0E87, 0x0E89, 0x0E94, 0x0E9E, 0x0EA8,
        0x0EB3, 0x0EB9, 0x0EBF, 0x0ECA, 0x0ECC, 0x0ECD, 0x0ECF, 0x0ED6, 0x0EDC, 0x0EE7, 0x0EF6, 0x0F0D, 0x0F13, 0x0F19, 0x0F27, 0x0F2E,
        0x0F39, 0x0F49, 0x0F5C, 0x0F6C, 0x0F80, 0x0F90, 0x0FA0, 0x0FA9, 0x0FB2, 0x0FBB, 0x0FC4, 0x0FD5, 0x0FE3, 0x0FEC, 0x0FF7, 0x0FFD,
        0x1008, 0x1012, 0x1015, 0x101F, 0x1024, 0x102E, 0x103B, 0x1045, 0x1053, 0x105D, 0x106A, 0x106C, 0x107A, 0x1081, 0x108D, 0x1099,
        0x109E, 0x10AB, 0x10B5, 0x10C7, 0x10D9, 0x10E3, 0x10EA, 0x10F6, 0x1100, 0x1108, 0x110F, 0x111C, 0x1121, 0x1127, 0x1132, 0x113D,
        0x1143, 0x114F, 0x1159, 0x115F, 0x116A, 0x1178, 0x1183, 0x1184, 0x118A, 0x1191, 0x119B, 0x11A5, 0x11B0, 0x11C4, 0x11C7, 0x11CC,
        0x11CE, 0x11DA, 0x11E4, 0x11E7, 0x11F2, 0x11F8, 0x11F9, 0x1200, 0x120A, 0x1210, 0x1211, 0x121B, 0x1221, 0x1227, 0x122F, 0x1236,
        0x1242, 0x124B, 0x1255, 0x125E, 0x126D, 0x1274, 0x127F, 0x1287, 0x128A, 0x1293, 0x12A1, 0x12AB, 0x12B5, 0x12BA, 0x12C0, 0x12CE,
        0x12E4, 0x12E5, 0x12ED, 0x12F5, 0x12FD, 0x1305, 0x130D, 0x1315, 0x131D, 0x1325, 0x132D, 0x1335, 0x133D, 0x1345, 0x134D, 0x1355,
        0x135D, 0x1365, 0x136D, 0x1375, 0x137D, 0x1385, 0x138D, 0x1395, 0x139D, 0x13A5, 0x13AD, 0x13B5, 0x13BD, 0x13C5, 0x13CD, 0x13D5,
        0x13DD, 0x13E5, 0x13ED, 0x13F5, 0x13FD, 0x1405, 0x140D, 0x1415, 0x141D, 0x1425, 0x142B, 0x143A, 0x1444, 0x144A, 0x1459, 0x1464,
        0x146C, 0x1471, 0x147E, 0x1493, 0x149A, 0x14A5, 0x14B1, 0x14BB, 0x14C4, 0x14D6, 0x14E1, 0x14E9, 0x14F3, 0x14FE, 0x1509, 0x1516,
        0x1520, 0x152C, 0x1537, 0x153C, 0x1544, 0x154E, 0x155E, 0x1564, 0x156F, 0x1570, 0x1573, 0x1577, 0x157D, 0x1585, 0x158C, 0x159C,
        0x15A8, 0x15B2, 0x15BB, 0x15C5, 0x15D8, 0x15E0, 0x15ED, 0x15F2, 0x15F7, 0x15FC, 0x1606, 0x1610, 0x161A, 0x1626, 0x1630, 0x163A,
        0x1644, 0x164C, 0x1653, 0x165A, 0x1668, 0x1673, 0x167F, 0x1685, 0x1690, 0x1698, 0x1699, 0x169F, 0x16AA, 0x16B0, 0x16B6, 0x16BD,
        0x16C8, 0x16D8, 0x16E8, 0x16F1, 0x16FA, 0x1703, 0x170C, 0x171A, 0x1728, 0x1736, 0x1747, 0x1755, 0x1764, 0x1772, 0x177B, 0x1781,
        0x178C, 0x1796, 0x179B, 0x17A5, 0x17B2, 0x17BC, 0x17CA, 0x17D4, 0x17E1, 0x17F6, 0x1804, 0x180E, 0x1815, 0x1824, 0x1833, 0x183D,
        0x1844, 0x184B, 0x1853, 0x186E, 0x187C, 0x188B, 0x18A9, 0x18BA, 0x18C6, 0x18CB, 0x18D9, 0x18DF, 0x18F0, 0x1907, 0x190D, 0x1918,
        0x1923, 0x1924, 0x192B, 0x1934, 0x193E, 0x1949, 0x194E, 0x1958, 0x1962, 0x1968, 0x196E, 0x196F, 0x1975, 0x197C, 0x1987, 0x1990,
        0x199A, 0x19A3, 0x19A9, 0x19B3, 0x19B9, 0x19BA, 0x19C1, 0x19CA, 0x19D4, 0x19DF, 0x19E1, 0x19EB, 0x19F1, 0x19F2, 0x19F8, 0x1A03,
        0x1A0E, 0x1A15, 0x1A20, 0x1A29, 0x1A37, 0x1A41, 0x1A4A, 0x1A56, 0x1A6A, 0x1A70, 0x1A75, 0x1A7F, 0x1A89, 0x1A93, 0x1A9F, 0x1AA9,
        0x1AAF, 0x1AB5, 0x1AC3, 0x1AD9, 0x1AEA, 0x1B03, 0x1B04, 0x1B0E, 0x1B14, 0x1B1A, 0x1B25, 0x1B2C, 0x1B37, 0x1B3B, 0x1B45, 0x1B4E,
        0x1B58, 0x1B6B, 0x1B7D, 0x1B81, 0x1B8C, 0x1B9C, 0x1BA7, 0x1BBB, 0x1BCE, 0x1BD8, 0x1BE2, 0x1BE8, 0x1BEF, 0x1BF0, 0x1BF2, 0x1BF5,
        0x1BF9, 0x1BFD, 0x1C01, 0x1C05, 0x1C09, 0x1C0D, 0x1C11, 0x1C15, 0x1C19, 0x1C1D, 0x1C20, 0x1C24, 0x1C28, 0x1C2C, 0x1C30, 0x1C34,
        0x1C38, 0x1C3B, 0x1C3F, 0x1C43, 0x1C47, 0x1C4B, 0x1C4F, 0x1C53, 0x1C57, 0x1C5B, 0x1C5F, 0x1C63, 0x1C66, 0x1C6A, 0x1C6E, 0x1C72,
        0x1C76, 0x1C7A, 0x1C7E, 0x1C82, 0x1C86, 0x1C8A, 0x1C8E, 0x1C91, 0x1C95, 0x1C99, 0x1C9D, 0x1CA1, 0x1CA5, 0x1CA9, 0x1CAD, 0x1CB1,
        0x1CB5, 0x1CB9, 0x1CBC, 0x1CC0, 0x1CC4, 0x1CC8, 0x1CCC, 0x1CD0, 0x1CD4, 0x1CD8, 0x1CDC, 0x1CE0, 0x1CE4, 0x1CE7, 0x1CEB, 0x1CEF,
        0x1CF3, 0x1CF7, 0x1CFB, 0x1CFF, 0x1D03, 0x1D07, 0x1D0B, 0x1D0F, 0x1D12, 0x1D16, 0x1D1A, 0x1D1E, 0x1D22, 0x1D26, 0x1D2A, 0x1D2E,
        0x1D32, 0x1D36, 0x1D3A, 0x1D3D, 0x1D41, 0x1D45, 0x1D49, 0x1D4D, 0x1D51, 0x1D55, 0x1D59, 0x1D5D, 0x1D61, 0x1D65, 0x1D68, 0x1D6C,
        0x1D70, 0x1D74, 0x1D78, 0x1D7C, 0x1D80, 0x1D84, 0x1D88, 0x1D8C, 0x1D90, 0x1D92, 0x1D95, 0x1D99, 0x1D9D, 0x1DA1, 0x1DA5, 0x1DA9,
        0x1DAD, 0x1DB1, 0x1DB4, 0x1DB7, 0x1DBA, 0x1DBD, 0x1DC0, 0x1DC3, 0x1DC6, 0x1DC9, 0x1DCC, 0x1DCE, 0x1DD1, 0x1DD4, 0x1DD7, 0x1DDA,
        0x1DDD, 0x1DE0, 0x1DE3, 0x1DE6, 0x1DE9, 0x1DEC, 0x1DEE, 0x1DF1, 0x1DF4, 0x1DF7, 0x1DFA, 0x1DFD, 0x1E00, 0x1E03, 0x1E06, 0x1E09,
        0x1E0C, 0x1E0E, 0x1E11, 0x1E14, 0x1E17, 0x1E1A, 0x1E1D, 0x1E20, 0x1E23, 0x1E26, 0x1E29, 0x1E2C, 0x1E2E, 0x1E31, 0x1E34, 0x1E37,
        0x1E3A, 0x1E3D, 0x1E40, 0x1E43, 0x1E46, 0x1E49, 0x1E4C, 0x1E4E, 0x1E51, 0x1E54, 0x1E57, 0x1E5A, 0x1E5D, 0x1E60, 0x1E63, 0x1E66,
        0x1E69, 0x1E6C, 0x1E6E, 0x1E71, 0x1E74, 0x1E77, 0x1E7A, 0x1E7D, 0x1E80, 0x1E83, 0x1E86, 0x1E89, 0x1E8B, 0x1E8E, 0x1E91, 0x1E94,
        0x1E97, 0x1E9A, 0x1E9D, 0x1EA0, 0x1EA3, 0x1EA6, 0x1EA9, 0x1EB2, 0x1EB8, 0x1EBE, 0x1EC8, 0x1ED2, 0x1EE1, 0x1EEB, 0x1EFD, 0x1F0C,
        0x1F1F, 0x1F37, 0x1F4B, 0x1F53, 0x1F5C, 0x1F62, 0x1F6D, 0x1F7B, 0x1F89, 0x1F94, 0x1FA3, 0x1FAE, 0x1FB4, 0x1FBB, 0x1FC6, 0x1FD6,
        0x1FE9, 0x1FF9, 0x200D, 0x201D, 0x2022, 0x202F, 0x2037, 0x2040, 0x2049, 0x2054, 0x2060, 0x2069, 0x2072, 0x207F, 0x2084, 0x208D,
        0x209E, 0x20AD, 0x20B6, 0x20C0, 0x20C2, 0x20C9, 0x20D1, 0x20D9, 0x20E2, 0x20EB, 0x20F4, 0x20FD, 0x2106, 0x210F, 0x2118, 0x2121,
        0x212A, 0x2133, 0x213C, 0x2145, 0x214E, 0x2157, 0x2160, 0x2169, 0x2172, 0x217B, 0x2184, 0x218D, 0x2196, 0x219F, 0x21A8, 0x21B1,
        0x21BA, 0x21C3, 0x21CC, 0x21D5, 0x21DE, 0x21E7, 0x21F0, 0x21F9, 0x2202, 0x220B, 0x2214, 0x221D, 0x2226, 0x222F, 0x2238, 0x2241,
        0x224A, 0x2253, 0x225C, 0x2265, 0x226E, 0x2277, 0x2280, 0x2289, 0x2292, 0x229B, 0x22A4, 0x22AD, 0x22B6, 0x22BF, 0x22C8, 0x22D1,
        0x22DA, 0x22E3, 0x22EC, 0x22F5, 0x22FE, 0x2307, 0x2310, 0x2319, 0x2322, 0x232B, 0x2334, 0x233D, 0x2346, 0x234F, 0x2358, 0x2361,
        0x236A, 0x2373, 0x237C, 0x2385, 0x238E, 0x2397, 0x23A0, 0x23A9, 0x23B2, 0x23BB, 0x23C4, 0x23CD, 0x23D6, 0x23DF, 0x23E8, 0x23F1,
        0x23FA, 0x2403, 0x240C, 0x2415, 0x241E, 0x2427, 0x2430, 0x2439, 0x2442, 0x244B, 0x2454, 0x245D, 0x2466, 0x246F, 0x2478, 0x2481,
        0x248A, 0x2493, 0x249C, 0x24A5, 0x24AC, 0x24B3, 0x24BA, 0x24C3, 0x24CC, 0x24D5, 0x24DE, 0x24E7, 0x24F0, 0x24F9, 0x2502, 0x250B,
        0x2514, 0x251D, 0x2526, 0x252F, 0x2538, 0x2541, 0x254A, 0x2553, 0x255C, 0x2565, 0x256E, 0x2577, 0x2580, 0x2589, 0x2592, 0x259B,
        0x25A4, 0x25AD, 0x25B6, 0x25BF, 0x25C8, 0x25D1, 0x25DA, 0x25E3, 0x25EC, 0x25F5, 0x25FE, 0x2607, 0x2610, 0x2619, 0x2622, 0x262B,
        0x2634, 0x263D, 0x2646, 0x264F, 0x2658, 0x2661, 0x266A, 0x2673, 0x267C, 0x2685, 0x268E, 0x2697, 0x26A0, 0x26A9, 0x26B2, 0x26BB,
        0x26C4, 0x26CD, 0x26D6, 0x26DF, 0x26E8, 0x26F1, 0x26FA, 0x2703, 0x270C, 0x2715, 0x271E, 0x2727, 0x2730, 0x2739, 0x2742, 0x274B,
        0x2754, 0x275D, 0x2766, 0x276F, 0x2778, 0x2781, 0x278A, 0x2793, 0x279C, 0x27A5, 0x27AE, 0x27B7, 0x27C0, 0x27C9, 0x27D2, 0x27DB,
        0x27E4, 0x27ED, 0x27F6, 0x27FF, 0x2808, 0x2811, 0x281A, 0x2823, 0x282C, 0x2835, 0x283E, 0x2847, 0x2850, 0x2859, 0x2862, 0x286B,
        0x2874, 0x287D, 0x2886, 0x288F, 0x2898, 0x28A1, 0x28AA, 0x28B3, 0x28BC, 0x28C5, 0x28CE, 0x28D7, 0x28E0, 0x28E9, 0x28F2, 0x28FB,
        0x2904, 0x290D, 0x2916, 0x291F, 0x2928, 0x2931, 0x293A, 0x2943, 0x294C, 0x2955, 0x295E, 0x2967, 0x2970, 0x2979, 0x297F, 0x2988,
        0x2991, 0x299A, 0x29A4, 0x29AD, 0x29B7, 0x29BD, 0x29C8, 0x29D2, 0x29DC, 0x29EB, 0x29F4, 0x2A02, 0x2A12, 0x2A21, 0x2A2F, 0x2A41,
        0x2A50, 0x2A63, 0x2A6C, 0x2A7E, 0x2A85, 0x2A89, 0x2A93, 0x2AA3, 0x2AB2, 0x2AC6, 0x2ADF, 0x2AF3, 0x2B0C, 0x2B16, 0x2B25, 0x2B39,
        0x2B52, 0x2B63, 0x2B79, 0x2B91, 0x2BA8, 0x2BB7, 0x2BC7, 0x2BCC, 0x2BD4, 0x2BD9, 0x2BE3, 0x2BEA, 0x2BF4, 0x2BFD, 0x2C0F, 0x2C1D,
        0x2C25, 0x2C2F, 0x2C3A, 0x2C48, 0x2C4D, 0x2C5D, 0x2C75, 0x2C86, 0x2C9F, 0x2CA8, 0x2CB2, 0x2CBA, 0x2CC3, 0x2CCF, 0x2CDE, 0x2CEA,
        0x2CFA, 0x2D01, 0x2D0D, 0x2D13, 0x2D25, 0x2D32, 0x2D37, 0x2D41, 0x2D4C, 0x2D5E, 0x2D70, 0x2D7C, 0x2D87, 0x2D8A, 0x2D98, 0x2D9D,
        0x2DA7, 0x2DB1, 0x2DBA, 0x2DC7, 0x2DD4, 0x2DE2, 0x2DED, 0x2DF9, 0x2E05, 0x2E11, 0x2E1E, 0x2E28, 0x2E31, 0x2E3E, 0x2E4C, 0x2E5A,
        0x2E6A, 0x2E7A, 0x2E8B, 0x2E99, 0x2EA5, 0x2EAE, 0x2EBA, 0x2ECC, 0x2EDE, 0x2EEC, 0x2EF6, 0x2F09, 0x2F18, 0x2F2A, 0x2F39, 0x2F45,
        0x2F52, 0x2F59, 0x2F62, 0x2F6E, 0x2F7D, 0x2F88, 0x2F99, 0x2FA5, 0x2FB1, 0x2FBC, 0x2FC7, 0x2FDB, 0x2FE5, 0x2FF8, 0x2FFF, 0x300C,
        0x301A, 0x3028, 0x303F, 0x3047, 0x305B, 0x3069, 0x3075, 0x3086, 0x3093, 0x309B, 0x30A4, 0x30B7, 0x30B9, 0x30BF, 0x30CA, 0x30D1,
        0x30D8, 0x30E1, 0x30EB, 0x30F1, 0x30FB, 0x3105, 0x3118, 0x3127, 0x3139, 0x3148, 0x315B, 0x3167, 0x3172, 0x3176, 0x3186, 0x3190,
        0x3191, 0x319A, 0x31A3, 0x31B5, 0x31BB, 0x31C5, 0x31CF, 0x31D9, 0x31E1, 0x31EB, 0x31EE, 0x31FA, 0x3203, 0x320A, 0x3214, 0x321D,
        0x3231, 0x3238, 0x3242, 0x324B, 0x3259, 0x3269, 0x3273, 0x3282, 0x3296, 0x32AB, 0x32BD, 0x32C7, 0x32D2, 0x32D5, 0x32D9, 0x32E8,
        0x32F1, 0x3300, 0x3309, 0x3316, 0x3320, 0x3327, 0x3332, 0x333D, 0x3342, 0x334C, 0x3356, 0x3363, 0x3370, 0x337A, 0x3385, 0x3391,
        0x33AA, 0x33C2, 0x33DB, 0x33F5, 0x3417, 0x3432, 0x3455, 0x346B, 0x3482, 0x3490, 0x34A9, 0x34C3, 0x34D3, 0x34E3, 0x34EE, 0x34F7,
        0x350D, 0x3524, 0x3540, 0x3557, 0x355C, 0x3566, 0x356B, 0x3575, 0x3581, 0x358B, 0x3595, 0x359B, 0x35A3, 0x35AA, 0x35B3, 0x35BE,
        0x35CA, 0x35DC, 0x35EA, 0x35F5, 0x3606, 0x3610, 0x361C, 0x3629, 0x363C, 0x364B, 0x3657, 0x3669, 0x3674, 0x3681, 0x368E, 0x36A2,
        0x36AF, 0x36BB, 0x36C9, 0x36D7, 0x36EC, 0x36FA, 0x36FF, 0x370C, 0x3714, 0x3729, 0x3739, 0x374F, 0x375D, 0x3773, 0x377C, 0x3783,
        0x378C, 0x3793, 0x379D, 0x37A7, 0x37AD, 0x37BA, 0x37C8, 0x37D0, 0x37D1, 0x37DB, 0x37E4, 0x37EA, 0x37F0, 0x37FA, 0x3804, 0x380D,
        0x381F, 0x382D, 0x383C, 0x384F, 0x3857, 0x385D, 0x3862, 0x386F, 0x3877, 0x3885, 0x388E, 0x3894, 0x389C, 0x38A9, 0x38B0, 0x38BB,
        0x38C0, 0x38C4, 0x38CE, 0x38D6, 0x38DD, 0x38E7, 0x38EB, 0x38F5, 0x3901, 0x390E, 0x391A, 0x3926, 0x3931, 0x393B, 0x3942, 0x394D,
        0x3958, 0x3962, 0x3976, 0x397F, 0x398A, 0x39A7, 0x39BB, 0x39CE, 0x39DA, 0x39EF, 0x3A08, 0x3A0B, 0x3A1F, 0x3A32, 0x3A45, 0x3A52,
        0x3A64, 0x3A70, 0x3A7B, 0x3A87, 0x3A92, 0x3A97, 0x3AA9, 0x3ABA, 0x3ACB, 0x3AD6, 0x3AE6, 0x3AF7, 0x3AFD, 0x3B0B, 0x3B13, 0x3B1D,
        0x3B2D, 0x3B44, 0x3B5C, 0x3B66, 0x3B78, 0x3B85, 0x3B8A, 0x3B97, 0x3BA2, 0x3BAE, 0x3BBC, 0x3BC0, 0x3BCD, 0x3BDA, 0x3BE7, 0x3BF1,
        0x3C00, 0x3C0A, 0x3C0F, 0x3C1C, 0x3C2A, 0x3C33, 0x3C3D, 0x3C53, 0x3C65, 0x3C6A, 0x3C77, 0x3C89, 0x3C94, 0x3C9F, 0x3CAC, 0x3CB9,
        0x3CC7, 0x3CDC, 0x3CEC, 0x3CF6, 0x3D03, 0x3D16, 0x3D24, 0x3D2B, 0x3D34, 0x3D43, 0x3D4A, 0x3D54, 0x3D5E, 0x3D67, 0x3D71, 0x3D7A,
        0x3D84, 0x3D8E, 0x3D98, 0x3DA2, 0x3DAC, 0x3DB6, 0x3DBF, 0x3DC9, 0x3DD3, 0x3DDD, 0x3DE7, 0x3DF1, 0x3DFA, 0x3E03, 0x3E0C, 0x3E15,
        0x3E1E, 0x3E28, 0x3E31, 0x3E3A, 0x3E43, 0x3E4D, 0x3E57, 0x3E61, 0x3E6B, 0x3E74, 0x3E7D, 0x3E86, 0x3E93, 0x3EA1, 0x3EB2, 0x3ECC,
        0x3EE5, 0x3EF7, 0x3F12, 0x3F2C, 0x3F3D, 0x3F45, 0x3F52, 0x3F58, 0x3F60, 0x3F6A, 0x3F72, 0x3F79, 0x3F81, 0x3F89, 0x3F90, 0x3F98,
        0x3F9F, 0x3FA0, 0x3FAA, 0x3FB3, 0x3FBC, 0x3FC2, 0x3FD0, 0x3FE0, 0x3FEF, 0x3FF5, 0x4001, 0x4007, 0x4010, 0x401A, 0x4024, 0x402E,
        0x4038, 0x4041, 0x4046, 0x4051, 0x4062, 0x4071, 0x4086, 0x4095, 0x40AA, 0x40B5, 0x40BF, 0x40CF, 0x40D9, 0x40E9, 0x40F3, 0x4103,
        0x410E, 0x411F, 0x412A, 0x413B, 0x4145, 0x4155, 0x415F, 0x416F, 0x4179, 0x4189, 0x4197, 0x41A2, 0x41B0, 0x41C4, 0x41D2, 0x41D7,
        0x41E2, 0x41F1, 0x4209, 0x4211, 0x4224, 0x423F, 0x4253, 0x426F, 0x4286, 0x4292, 0x429F, 0x42A7, 0x42AF, 0x42BA, 0x42C5, 0x42CF,
        0x42DC, 0x42EA, 0x42F5, 0x4303, 0x431A, 0x4323, 0x432B, 0x4331, 0x4339, 0x4340, 0x4350, 0x4356, 0x4360, 0x4367, 0x4372, 0x437D,
        0x4387, 0x4396, 0x439F, 0x43AA, 0x43B2, 0x43BE, 0x43CA, 0x43D4, 0x43DD, 0x43F3, 0x440A, 0x4414, 0x441A, 0x4424, 0x442E, 0x4437,
        0x4441, 0x444B, 0x4456, 0x445B, 0x4466, 0x4489, 0x448D, 0x4497, 0x449E, 0x44A9, 0x44B4, 0x44B9, 0x44C7, 0x44D8, 0x44DF, 0x44EF,
        0x44F7, 0x4504, 0x4514, 0x451F, 0x452C, 0x4539, 0x4543, 0x454D, 0x4556, 0x455C, 0x4563, 0x4570, 0x457B, 0x4582, 0x458C, 0x4594,
        0x459B, 0x45A5, 0x45AC, 0x45B7, 0x45C0, 0x45CA, 0x45D4, 0x45DA, 0x45E8, 0x45F7, 0x4605, 0x4610, 0x461E, 0x4622, 0x462C, 0x4635,
        0x4641, 0x464C, 0x4658, 0x4663, 0x466B, 0x4673, 0x4685, 0x468C, 0x4698, 0x46A6, 0x46BA, 0x46CA, 0x46D5, 0x46DB, 0x46E4, 0x46E9,
        0x46F0, 0x46FA, 0x4704, 0x4706, 0x470E, 0x4715, 0x471B, 0x472F, 0x473A, 0x4746, 0x4747, 0x474D, 0x4752, 0x475A, 0x4763, 0x4769,
        0x4774, 0x4783, 0x4797, 0x47AF, 0x47B5, 0x47C2, 0x47CD, 0x47DC, 0x47E3, 0x47EE, 0x47FE, 0x480E, 0x4821, 0x4831, 0x4845, 0x4855,
        0x485E, 0x4867, 0x486C, 0x4875, 0x4879, 0x4883, 0x488C, 0x4896, 0x48A5, 0x48AF, 0x48B5, 0x48BE, 0x48C8, 0x48D2, 0x48DB, 0x48E5,
        0x48EF, 0x48F4, 0x48FF, 0x490B, 0x4916, 0x4931, 0x493A, 0x4948, 0x4955, 0x4963, 0x4970, 0x497D, 0x498C, 0x4999, 0x49A9, 0x49BE,
        0x49CB, 0x49D9, 0x49E6, 0x49F0, 0x49FB, 0x4A07, 0x4A11, 0x4A1E, 0x4A27, 0x4A35, 0x4A46, 0x4A4F, 0x4A61, 0x4A70, 0x4A77, 0x4A81,
        0x4A88, 0x4A94, 0x4A9F, 0x4AAB, 0x4AB6, 0x4ABE, 0x4ACE, 0x4AD5, 0x4AE1, 0x4AED, 0x4AF7, 0x4AFD, 0x4B0B, 0x4B15, 0x4B29, 0x4B31,
        0x4B3B, 0x4B45, 0x4B4B, 0x4B59, 0x4B6C, 0x4B6F, 0x4B7A, 0x4B87, 0x4B95, 0x4B9C, 0x4BA3, 0x4BAB, 0x4BB0, 0x4BBB, 0x4BC8, 0x4BDB,
        0x4BEC, 0x4BF2, 0x4BF9, 0x4C05, 0x4C0A, 0x4C18, 0x4C22, 0x4C2F, 0x4C3A, 0x4C44, 0x4C4E, 0x4C57, 0x4C68, 0x4C72, 0x4C85, 0x4C88,
        0x4C8F, 0x4C99, 0x4CAC, 0x4CBB, 0x4CCB, 0x4CD9, 0x4CE7, 0x4CFE, 0x4D07, 0x4D10, 0x4D13, 0x4D1D, 0x4D25, 0x4D28, 0x4D2E, 0x4D39,
        0x4D4B, 0x4D61, 0x4D6E, 0x4D7F, 0x4D86, 0x4D8E, 0x4D92, 0x4DA3, 0x4DB1, 0x4DC3, 0x4DC9, 0x4DD7, 0x4DE0, 0x4DEA, 0x4DF9, 0x4E08,
        0x4E13, 0x4E1E, 0x4E21, 0x4E29, 0x4E30, 0x4E3B, 0x4E42, 0x4E43, 0x4E49, 0x4E53, 0x4E5D, 0x4E68, 0x4E76, 0x4E84, 0x4E8D, 0x4E94,
        0x4E9E, 0x4EA7, 0x4EB2, 0x4EC0, 0x4ED0, 0x4EDF, 0x4EE8, 0x4EEE, 0x4EF0, 0x4EF3, 0x4EF6, 0x4EF8, 0x4F05, 0x4F11, 0x4F1E, 0x4F28,
        0x4F31, 0x4F3B, 0x4F43, 0x4F51, 0x4F65, 0x4F73, 0x4F81, 0x4F95, 0x4FA2, 0x4FB5, 0x4FBD, 0x4FCB, 0x4FD3, 0x4FE1, 0x4FE8, 0x4FF5,
        0x4FFF, 0x500F, 0x501F, 0x5026, 0x5032, 0x5036, 0x5040, 0x504B, 0x5055, 0x506F, 0x5077, 0x5082, 0x508E, 0x509A, 0x50A8, 0x50B4,
        0x50C8, 0x50D4, 0x50E1, 0x50ED, 0x50F6, 0x5100, 0x510B, 0x5114, 0x5120, 0x5128, 0x512A, 0x5130, 0x513A, 0x5142, 0x514B, 0x5153,
        0x515E, 0x5164, 0x5168, 0x5172, 0x517D, 0x5187, 0x51A1, 0x51A9, 0x51B5, 0x51C1, 0x51CF, 0x51DB, 0x51EF, 0x51FB, 0x5208, 0x521C,
        0x5228, 0x5231, 0x523B, 0x5246, 0x524F, 0x525B, 0x5269, 0x5276, 0x5284, 0x528C, 0x529D, 0x52A3, 0x52AB, 0x52B0, 0x52B1, 0x52BA,
        0x52C0, 0x52C6, 0x52CF, 0x52DD, 0x52ED, 0x52FC, 0x5306, 0x5310, 0x531A, 0x5324, 0x5329, 0x5338, 0x5345, 0x5351, 0x535A, 0x5360,
        0x5366, 0x536E, 0x5375, 0x5380, 0x538C, 0x5390, 0x539A, 0x53A4, 0x53AE, 0x53B8, 0x53CA, 0x53DC, 0x53E8, 0x53FA, 0x5404, 0x5419,
        0x5428, 0x5430, 0x543A, 0x5446, 0x544D, 0x5458, 0x5463, 0x546E, 0x547E, 0x5490, 0x54A1, 0x54B6, 0x54C7, 0x54D8, 0x54E0, 0x54EC,
        0x54F1, 0x54FA, 0x5504, 0x550E, 0x5519, 0x551E, 0x5529, 0x553A, 0x5545, 0x5550, 0x5565, 0x5570, 0x5583, 0x5591, 0x55A4, 0x55BA,
        0x55D5, 0x55E6, 0x55FF, 0x5606, 0x5610, 0x561A, 0x5624, 0x562A, 0x5633, 0x563B, 0x5640, 0x564D, 0x5655, 0x565E, 0x5667, 0x5672,
        0x5680, 0x568C, 0x5693, 0x569F, 0x56B1, 0x56C1, 0x56D4, 0x56E1, 0x56F1, 0x56FD, 0x5704, 0x570B, 0x5715, 0x5722, 0x5730, 0x573D,
        0x574B, 0x5755, 0x5761, 0x5769, 0x576A, 0x577D, 0x578B, 0x5794, 0x57A7, 0x57AD, 0x57B7, 0x57C1, 0x57CA, 0x57D8, 0x57E8, 0x57F2,
        0x5801, 0x580C, 0x5816, 0x5829, 0x5837, 0x5842, 0x5852, 0x5865, 0x5875, 0x5888, 0x5896, 0x58A9, 0x58BF, 0x58CF, 0x58DB, 0x58EB,
        0x58FC, 0x590E, 0x5916, 0x5920, 0x592C, 0x5938, 0x5944, 0x5954, 0x596A, 0x5981, 0x5995, 0x59A0, 0x59AD, 0x59BA, 0x59C7, 0x59D8,
        0x59EF, 0x5A07, 0x5A1C, 0x5A26, 0x5A32, 0x5A3E, 0x5A4A, 0x5A5A, 0x5A70, 0x5A87, 0x5A9B, 0x5A9F, 0x5AA8, 0x5AB3, 0x5ABB, 0x5AC2,
        0x5ACD, 0x5AD6, 0x5AE0, 0x5AE9, 0x5AEB, 0x5AF0, 0x5AFE, 0x5B0C, 0x5B14, 0x5B22, 0x5B31, 0x5B3A, 0x5B42, 0x5B56, 0x5B6A, 0x5B78,
        0x5B90, 0x5BAB, 0x5BC1, 0x5BD1, 0x5BDB, 0x5BF0, 0x5BFF, 0x5C0E, 0x5C18, 0x5C2B, 0x5C3A, 0x5C42, 0x5C4E, 0x5C51, 0x5C5A, 0x5C5F,
        0x5C6C, 0x5C7E, 0x5C8F, 0x5CA0, 0x5CAB, 0x5CBB, 0x5CC5, 0x5CCF, 0x5CE2, 0x5CE7, 0x5CEE, 0x5CF5, 0x5CFC, 0x5D07, 0x5D18, 0x5D2A,
        0x5D39, 0x5D43, 0x5D4D, 0x5D57, 0x5D60, 0x5D6A, 0x5D74, 0x5D87, 0x5D8C, 0x5D93, 0x5D9A, 0x5DA1, 0x5DAC, 0x5DBD, 0x5DCF, 0x5DDE,
        0x5DEA, 0x5DF7, 0x5DFE, 0x5E15, 0x5E2A, 0x5E34, 0x5E3E, 0x5E4B, 0x5E52, 0x5E5C, 0x5E61, 0x5E67, 0x5E70, 0x5E77, 0x5E81, 0x5E8D,
        0x5E97, 0x5EAA, 0x5EB6, 0x5EC5, 0x5EC7, 0x5ECD, 0x5EDB, 0x5EEA, 0x5EF5, 0x5F03, 0x5F0C, 0x5F0D, 0x5F13, 0x5F1D, 0x5F25, 0x5F2E,
        0x5F34, 0x5F3A, 0x5F41, 0x5F4C, 0x5F55, 0x5F5E, 0x5F72, 0x5F85, 0x5F9D, 0x5FB1, 0x5FC8, 0x5FD8, 0x5FE8, 0x5FFC, 0x601A, 0x6032,
        0x6047, 0x6061, 0x607B, 0x6093, 0x60AD, 0x60C6, 0x60DA, 0x60EE, 0x6103, 0x611B, 0x6131, 0x6146, 0x615B, 0x616F, 0x6188, 0x619D,
        0x61B1, 0x61C5, 0x61D6, 0x61EC, 0x6201, 0x621A, 0x6232, 0x6248, 0x625F, 0x6273, 0x628A, 0x629A, 0x62B1, 0x62C6, 0x62DB, 0x62EE,
        0x6307, 0x631C, 0x6330, 0x633F, 0x6353, 0x6366, 0x6379, 0x638B, 0x639F, 0x63B2, 0x63B7, 0x63C0, 0x63CE, 0x63DF, 0x63E8, 0x63F7,
        0x6401, 0x6413, 0x6424, 0x6435, 0x6440, 0x6450, 0x6456, 0x645F, 0x6468, 0x6471, 0x647B, 0x6484, 0x648E, 0x6494, 0x649E, 0x64A8,
        0x64B7, 0x64C5, 0x64D4, 0x64E6, 0x64F5, 0x6508, 0x650A, 0x6513, 0x6525, 0x652C, 0x6530, 0x653A, 0x6541, 0x6550, 0x6569, 0x6577,
        0x6581, 0x658A, 0x6592, 0x659D, 0x65A5, 0x65B3, 0x65BD, 0x65C7, 0x65D2, 0x65DC, 0x65E8, 0x65F2, 0x65FB, 0x6604, 0x6610, 0x661A,
        0x6621, 0x6625, 0x6631, 0x6642, 0x664B, 0x6654, 0x665A, 0x6665, 0x6673, 0x6681, 0x6698, 0x66A5, 0x66AC, 0x66B5, 0x66C6, 0x66D7,
        0x66DD, 0x66E8, 0x66F2, 0x66FC, 0x670D, 0x671B, 0x672D, 0x673C, 0x6753, 0x6754, 0x675E, 0x6767, 0x676D, 0x6777, 0x6781, 0x678A,
        0x6790, 0x6797, 0x67A2, 0x67AE, 0x67BC, 0x67C6, 0x67D0, 0x67DF, 0x67F0, 0x6800, 0x6809, 0x6817, 0x6821, 0x6828, 0x6833, 0x683E,
        0x684A, 0x684D, 0x6857, 0x685D, 0x6866, 0x6867, 0x6878, 0x6881, 0x6887, 0x6891, 0x68A4, 0x68AA, 0x68AD, 0x68B6, 0x68BF, 0x68CE,
        0x68DC, 0x68E5, 0x68F5, 0x6904, 0x6911, 0x691B, 0x6925, 0x692F, 0x693D, 0x6947, 0x695A, 0x695F, 0x696F, 0x6982, 0x6997, 0x69AA,
        0x69C2, 0x69CF, 0x69E0, 0x69FE, 0x6A0D, 0x6A15, 0x6A20, 0x6A2E, 0x6A3E, 0x6A5A, 0x6A72, 0x6A7B, 0x6A85, 0x6A8B, 0x6A93, 0x6A9A,
        0x6AA6, 0x6AAF, 0x6ABA, 0x6AC4, 0x6ACE, 0x6AE1, 0x6AEC, 0x6AFB, 0x6B07, 0x6B11, 0x6B1C, 0x6B23, 0x6B2E, 0x6B39, 0x6B43, 0x6B52,
        0x6B63, 0x6B73, 0x6B7D, 0x6B85, 0x6B91, 0x6BA5, 0x6BB8, 0x6BCB, 0x6BD8, 0x6BEA, 0x6BF5, 0x6C00, 0x6C0C, 0x6C18, 0x6C22, 0x6C27,
        0x6C35, 0x6C3E, 0x6C48, 0x6C52, 0x6C65, 0x6C75, 0x6C86, 0x6C90, 0x6CA3, 0x6CB5, 0x6CC7, 0x6CD3, 0x6CE4, 0x6CF4, 0x6CFF, 0x6D09,
        0x6D11, 0x6D1E, 0x6D28, 0x6D37, 0x6D41, 0x6D4B, 0x6D54, 0x6D5E, 0x6D71, 0x6D7C, 0x6D89, 0x6D9D, 0x6DA7, 0x6DAD, 0x6DB6, 0x6DC1,
        0x6DC9, 0x6DD0, 0x6DDA, 0x6DE4, 0x6DF7, 0x6DFF, 0x6E07, 0x6E08, 0x6E11, 0x6E17, 0x6E1D, 0x6E27, 0x6E31, 0x6E40, 0x6E52, 0x6E6E,
        0x6E8D, 0x6EA9, 0x6EC8, 0x6EDD, 0x6EF9, 0x6F18, 0x6F21, 0x6F27, 0x6F33, 0x6F38, 0x6F43, 0x6F54, 0x6F5F, 0x6F69, 0x6F79, 0x6F8F,
        0x6F9F, 0x6FAD, 0x6FC0, 0x6FD0, 0x6FE4, 0x6FF8, 0x700F, 0x701E, 0x7035, 0x7049, 0x7061, 0x7079, 0x7084, 0x7088, 0x708D, 0x7096,
        0x709C, 0x70A4, 0x70AB, 0x70BB, 0x70C7, 0x70CB, 0x70D5, 0x70DE, 0x70ED, 0x70FE, 0x710E, 0x7112, 0x711B, 0x712D, 0x713A, 0x714A,
        0x7157, 0x7164, 0x716D, 0x7171, 0x7178, 0x7186, 0x718A, 0x7196, 0x7198, 0x71A3, 0x71A5, 0x71AC, 0x71B7, 0x71C1, 0x71C9, 0x71D9,
        0x71E6, 0x71FF, 0x7215, 0x7221, 0x722B, 0x7233, 0x723E, 0x7248, 0x7252, 0x7264, 0x726D, 0x7277, 0x727C, 0x728D, 0x7297, 0x72A4,
        0x72AB, 0x72B1, 0x72B7, 0x72BE, 0x72C7, 0x72CE, 0x72D4, 0x72E3, 0x72EF, 0x7307, 0x731C, 0x7324, 0x7325, 0x732E, 0x7334, 0x7342,
        0x734B, 0x7357, 0x7366, 0x736C, 0x7372, 0x737C, 0x7386, 0x7394, 0x73A6, 0x73B0, 0x73C6, 0x73DD, 0x73EC, 0x7404, 0x7414, 0x7425,
        0x742E, 0x7440, 0x7452, 0x7460, 0x7471, 0x747E, 0x748F, 0x74A1, 0x74AB, 0x74BE, 0x74CF, 0x74E1, 0x74EB, 0x74FE, 0x750A, 0x7514,
        0x7527, 0x752B, 0x7538, 0x7543, 0x7547, 0x7559, 0x7561, 0x756A, 0x7572, 0x7579, 0x7585, 0x758F, 0x7598, 0x75A2, 0x75B1, 0x75C2,
        0x75D2, 0x75E7, 0x75FD, 0x760A, 0x7614, 0x7622, 0x762C, 0x763F, 0x7642, 0x764B, 0x765A, 0x7663, 0x766E, 0x767A, 0x768C, 0x76A2,
        0x76B2, 0x76B7, 0x76C0, 0x76DA, 0x76E0, 0x76F2, 0x7703, 0x7714, 0x771F, 0x7731, 0x7741, 0x7751, 0x7760, 0x776A, 0x7774, 0x7787,
        0x778C, 0x7799, 0x77A4, 0x77AC, 0x77B5, 0x77BB, 0x77CA, 0x77D4, 0x77E2, 0x77EA, 0x77F7, 0x7801, 0x7810, 0x781A, 0x7824, 0x782E,
        0x7841, 0x784A, 0x7852, 0x785E, 0x7871, 0x7877, 0x7880, 0x7888, 0x7891, 0x7898, 0x789A, 0x789D, 0x78A6, 0x78B1, 0x78B9, 0x78C2,
        0x78C9, 0x78D2, 0x78DC, 0x78E6, 0x78F9, 0x7902, 0x790A, 0x7913, 0x791E, 0x792D, 0x7938, 0x7946, 0x7953, 0x7961, 0x796A, 0x7973,
        0x797C, 0x7988, 0x7990, 0x799C, 0x79A4, 0x79A5, 0x79AE, 0x79B3, 0x79B9, 0x79BF, 0x79C9, 0x79D3, 0x79DD, 0x79E7, 0x79FA, 0x7A05,
        0x7A0D, 0x7A16, 0x7A1D, 0x7A23, 0x7A2B, 0x7A32, 0x7A42, 0x7A4E, 0x7A58, 0x7A61, 0x7A6B, 0x7A75, 0x7A88, 0x7A95, 0x7A9D, 0x7AA7,
        0x7AAE, 0x7AB9, 0x7AC4, 0x7ACE, 0x7AD7, 0x7AE0, 0x7AEE, 0x7B00, 0x7B11, 0x7B21, 0x7B32, 0x7B42, 0x7B4D, 0x7B5F, 0x7B6F, 0x7B7E,
        0x7B8F, 0x7B99, 0x7BA3, 0x7BB6, 0x7BC6, 0x7BD2, 0x7BD6, 0x7BE0, 0x7BEB, 0x7BF5, 0x7C0F, 0x7C17, 0x7C23, 0x7C2F, 0x7C3D, 0x7C49,
        0x7C5D, 0x7C69, 0x7C76, 0x7C82, 0x7C8B, 0x7C95, 0x7CA0, 0x7CA9, 0x7CB5, 0x7CC3, 0x7CD0, 0x7CDE, 0x7CE6, 0x7CE8, 0x7CF3, 0x7CFC,
        0x7D0E, 0x7D1B, 0x7D25, 0x7D2F, 0x7D37, 0x7D41, 0x7D48, 0x7D53, 0x7D5E, 0x7D66, 0x7D70, 0x7D7A, 0x7D8D, 0x7D9D, 0x7DA6, 0x7DB6,
        0x7DBE, 0x7DC8, 0x7DD7, 0x7DE7, 0x7DFC, 0x7E10, 0x7E21, 0x7E36, 0x7E4C, 0x7E5C, 0x7E71, 0x7E87, 0x7E9A, 0x7EA5, 0x7EAF, 0x7EBB,
        0x7EC3, 0x7ECD, 0x7EDF, 0x7EF0, 0x7EFC, 0x7F03, 0x7F12, 0x7F1D, 0x7F28, 0x7F31, 0x7F3C, 0x7F47, 0x7F52, 0x7F58, 0x7F60, 0x7F69,
        0x7F6F, 0x7F71, 0x7F7B, 0x7F85, 0x7F98, 0x7FA4, 0x7FAD, 0x7FBA, 0x7FC7, 0x7FD1, 0x7FE4, 0x7FF3, 0x8003, 0x8018, 0x801E, 0x8021,
        0x802A, 0x8039, 0x8042, 0x804A, 0x8052, 0x805C, 0x8063, 0x806E, 0x8079, 0x807A, 0x8080, 0x8088, 0x808F, 0x809E, 0x80B5, 0x80BD,
        0x80C6, 0x80CC, 0x80D7, 0x80E6, 0x80FA, 0x8112, 0x8118, 0x811F, 0x812A, 0x813A, 0x814D, 0x815D, 0x8171, 0x8181, 0x818A, 0x8193,
        0x819C, 0x81A1, 0x81AA, 0x81BB, 0x81C4, 0x81C6, 0x81CE, 0x81D4, 0x81DD, 0x81E3, 0x81EC, 0x81F6, 0x81FF, 0x8209, 0x820E, 0x8218,
        0x8225, 0x822F, 0x823D, 0x8247, 0x8254, 0x8256, 0x8264, 0x826D, 0x827F, 0x8286, 0x828F, 0x8296, 0x82A2, 0x82AE, 0x82B4, 0x82B9,
        0x82BF, 0x82CC, 0x82DC, 0x82EE, 0x8300, 0x830A, 0x8314, 0x831B, 0x8327, 0x8331, 0x8334, 0x833D, 0x8347, 0x8350, 0x8369, 0x8370,
        0x837E, 0x8387, 0x8390, 0x839B, 0x83A6, 0x83B3, 0x83BA, 0x83C5, 0x83D8, 0x83E3, 0x83EF, 0x8402, 0x840D, 0x8415, 0x841E, 0x8428,
        0x8432, 0x843A, 0x8445, 0x844C, 0x8454, 0x845B, 0x8468, 0x8472, 0x8481, 0x8486, 0x848C, 0x8496, 0x849C, 0x84A7, 0x84B3, 0x84BD,
        0x84C7, 0x84DA, 0x84E0, 0x84EB, 0x84F9, 0x8507, 0x851E, 0x852A, 0x8533, 0x853D, 0x8543, 0x854E, 0x855C, 0x8566, 0x856E, 0x8580,
        0x858B, 0x8599, 0x85A8, 0x85B4, 0x85BD, 0x85CE, 0x85DC, 0x85EE, 0x85EF, 0x85FB, 0x8609, 0x8612, 0x8618, 0x861E, 0x8626, 0x862C,
        0x8636, 0x8640, 0x864A, 0x8657, 0x8661, 0x867A, 0x868A, 0x8697, 0x86A0, 0x86A8, 0x86B1, 0x86C6, 0x86D1, 0x86DC, 0x86ED, 0x86FF,
        0x870D, 0x871E, 0x8729, 0x873A, 0x8744, 0x875A, 0x8766, 0x8772, 0x8784, 0x8797, 0x87A6, 0x87B8, 0x87C4, 0x87D6, 0x87E1, 0x87EC,
        0x87F8, 0x8800, 0x8805, 0x880C, 0x8813, 0x881A, 0x8825, 0x8836, 0x8848, 0x8857, 0x8862, 0x886B, 0x8872, 0x887C, 0x887E, 0x8888,
        0x8890, 0x889E, 0x88A9, 0x88BC, 0x88C5, 0x88D0, 0x88D8, 0x88E6, 0x88F6, 0x8900, 0x890F, 0x8919, 0x892D, 0x8939, 0x8940, 0x894D,
        0x895D, 0x8969, 0x896F, 0x897D, 0x898B, 0x899A, 0x89A8, 0x89B7, 0x89C2, 0x89D0, 0x89E3, 0x89F0, 0x89FB, 0x8A01, 0x8A09, 0x8A13,
        0x8A1A, 0x8A25, 0x8A30, 0x8A33, 0x8A37, 0x8A4B, 0x8A5E, 0x8A71, 0x8A7E, 0x8A90, 0x8A98, 0x8AA3, 0x8AB1, 0x8AB6, 0x8AC1, 0x8ACD,
        0x8ADB, 0x8ADD, 0x8AEF, 0x8B00, 0x8B10, 0x8B21, 0x8B32, 0x8B3D, 0x8B4D, 0x8B62, 0x8B71, 0x8B86, 0x8B98, 0x8BA9, 0x8BB3, 0x8BBD,
        0x8BCA, 0x8BD6, 0x8BDA, 0x8BE6, 0x8BF0, 0x8BF9, 0x8C00, 0x8C0D, 0x8C16, 0x8C22, 0x8C2C, 0x8C34, 0x8C3E, 0x8C54, 0x8C6A, 0x8C81,
        0x8C95, 0x8C9F, 0x8CA8, 0x8CB2, 0x8CC0, 0x8CC6, 0x8CCE, 0x8CDA, 0x8CE2, 0x8CEF, 0x8CF6, 0x8D00, 0x8D0D, 0x8D16, 0x8D22, 0x8D30,
        0x8D3A, 0x8D46, 0x8D49, 0x8D54, 0x8D6C, 0x8D74, 0x8D7E, 0x8D88, 0x8D90, 0x8D98, 0x8D99, 0x8D9F, 0x8DAA, 0x8DB3, 0x8DC1, 0x8DD1,
        0x8DE0, 0x8DE6, 0x8DEE, 0x8DF6, 0x8DFE, 0x8E06, 0x8E0E, 0x8E16, 0x8E1E, 0x8E2A, 0x8E3C, 0x8E4D, 0x8E64, 0x8E7C, 0x8E91, 0x8EA4,
        0x8EB4, 0x8EC4, 0x8ECD, 0x8ED4, 0x8ED9, 0x8EE3, 0x8EE6, 0x8EEF, 0x8EFE, 0x8F0B, 0x8F1E, 0x8F2B, 0x8F3E, 0x8F47, 0x8F4F, 0x8F5D,
        0x8F65, 0x8F73, 0x8F7B, 0x8F89, 0x8F92, 0x8FA1, 0x8FAA, 0x8FB9, 0x8FC1, 0x8FCF, 0x8FD7, 0x8FE5, 0x8FED, 0x8FFB, 0x9001, 0x900C,
        0x9012, 0x901A, 0x9022, 0x902A, 0x9036, 0x9048, 0x905B, 0x906B, 0x9073, 0x9081, 0x9091, 0x909D, 0x90AE, 0x90BB, 0x90CC, 0x90D9,
        0x90E1, 0x90ED, 0x90F9, 0x910A, 0x9117, 0x912C, 0x9139, 0x9142, 0x9153, 0x9160, 0x916A, 0x9175, 0x9183, 0x918E, 0x91A2, 0x91A3,
        0x91AD, 0x91B6, 0x91BC, 0x91C2, 0x91C9, 0x91D2, 0x91E0, 0x91F5, 0x91FE, 0x9202, 0x920C, 0x9216, 0x9220, 0x922A, 0x9234, 0x9247,
        0x925D, 0x9274, 0x927C, 0x9281, 0x928A, 0x9290, 0x9298, 0x929F, 0x92AB, 0x92B4, 0x92BE, 0x92C7, 0x92D6, 0x92E3, 0x92EF, 0x92FD,
        0x9307, 0x9313, 0x9320, 0x9329, 0x9334, 0x9342, 0x934C, 0x935F, 0x9369, 0x937C, 0x9380, 0x9390, 0x939E, 0x93B2, 0x93C0, 0x93D4,
        0x93DE, 0x93E7, 0x93F6, 0x93FF, 0x940E, 0x9417, 0x9426, 0x9430, 0x9440, 0x944A, 0x945A, 0x9463, 0x9472, 0x947B, 0x948A, 0x9493,
        0x94A2, 0x94AF, 0x94BA, 0x94CC, 0x94D9, 0x94E2, 0x94F3, 0x94FD, 0x9504, 0x9507, 0x950C, 0x9517, 0x952A, 0x9538, 0x9545, 0x9557,
        0x9568, 0x9579, 0x9589, 0x959A, 0x95AF, 0x95BA, 0x95CA, 0x95DC, 0x95EC, 0x95FE, 0x960E, 0x9622, 0x9631, 0x9643, 0x9654, 0x966A,
        0x9674, 0x9685, 0x9692, 0x969C, 0x96A6, 0x96B9, 0x96BD, 0x96C9, 0x96D0, 0x96DC, 0x96F0, 0x9704, 0x9718, 0x9725, 0x973A, 0x974F,
        0x975D, 0x976A, 0x9774, 0x977C, 0x978A, 0x9794, 0x979E, 0x97A8, 0x97BB, 0x97C4, 0x97CA, 0x97D4, 0x97DB, 0x97E6, 0x97F0, 0x97FF,
        0x980F, 0x981C, 0x982D, 0x9846, 0x985C, 0x9876, 0x987F, 0x9886, 0x988D, 0x989C, 0x98A6, 0x98B0, 0x98C3, 0x98D3, 0x98E3, 0x98E9,
        0x98EF, 0x98FE, 0x990A, 0x991A, 0x9932, 0x9947, 0x9960, 0x9961, 0x996A, 0x9970, 0x997F, 0x9988, 0x998E, 0x999C, 0x99AC, 0x99BB,
        0x99C5, 0x99CF, 0x99D9, 0x99E3, 0x99F6, 0x9A15, 0x9A1B, 0x9A27, 0x9A39, 0x9A45, 0x9A4F, 0x9A59, 0x9A6B, 0x9A7C, 0x9A86, 0x9A8F,
        0x9A98, 0x9AA6, 0x9AB0, 0x9ABD, 0x9AC6, 0x9ACF, 0x9ADE, 0x9AE9, 0x9AF7, 0x9B01, 0x9B0A, 0x9B14, 0x9B1D, 0x9B23, 0x9B32, 0x9B3A,
        0x9B3F, 0x9B4C, 0x9B61, 0x9B6A, 0x9B71, 0x9B7C, 0x9B88, 0x9B92, 0x9B9B, 0x9BAD, 0x9BBC, 0x9BC2, 0x9BD3, 0x9BDA, 0x9BE4, 0x9BF3,
        0x9C04, 0x9C14, 0x9C19, 0x9C20, 0x9C27, 0x9C2E, 0x9C39, 0x9C4A, 0x9C5C, 0x9C69, 0x9C78, 0x9C83, 0x9C8D, 0x9C97, 0x9CAA, 0x9CB3,
        0x9CC2, 0x9CD4, 0x9CE2, 0x9CF4, 0x9D0F, 0x9D1A, 0x9D25, 0x9D2A, 0x9D35, 0x9D41, 0x9D4C, 0x9D67, 0x9D70, 0x9D7C, 0x9D89, 0x9D96,
        0x9DA5, 0x9DB2, 0x9DC7, 0x9DD4, 0x9DE2, 0x9DEF, 0x9DF9, 0x9E04, 0x9E10, 0x9E1A, 0x9E27, 0x9E36, 0x9E44, 0x9E53, 0x9E5C, 0x9E65,
        0x9E70, 0x9E7A, 0x9E85, 0x9E91, 0x9EA2, 0x9EB6, 0x9EC7, 0x9EDB, 0x9EEC, 0x9F00, 0x9F05, 0x9F0E, 0x9F18, 0x9F23, 0x9F2A, 0x9F35,
        0x9F40, 0x9F50, 0x9F5A, 0x9F67, 0x9F72, 0x9F82, 0x9F94, 0x9FA5, 0x9FAF, 0x9FB5, 0x9FC1, 0x9FC6, 0x9FCE, 0x9FD5, 0x9FDC, 0x9FE3,
        0x9FEE, 0x9FFF, 0xA011, 0xA020, 0xA02C, 0xA037, 0xA03B, 0xA045, 0xA055, 0xA066, 0xA07D, 0xA08D, 0xA0A3, 0xA0B0, 0xA0BA, 0xA0C5,
        0xA0D6, 0xA0E0, 0xA0F0, 0xA0F5, 0xA0FA, 0xA100, 0xA10A, 0xA120, 0xA12A, 0xA134, 0xA147, 0xA152, 0xA161, 0xA168, 0xA174, 0xA185,
        0xA195, 0xA1A4, 0xA1B4, 0xA1C4, 0xA1CE, 0xA1DD, 0xA1EC, 0xA1FB, 0xA20B, 0xA20E, 0xA217, 0xA221, 0xA22A, 0xA243, 0xA24A, 0xA255,
        0xA260, 0xA26D, 0xA278, 0xA28B, 0xA296, 0xA2A2, 0xA2AD, 0xA2B5, 0xA2BE, 0xA2C8, 0xA2D0, 0xA2DB, 0xA2E8, 0xA309, 0xA315, 0xA322,
        0xA329, 0xA32E, 0xA33C, 0xA341, 0xA34F, 0xA358, 0xA362, 0xA370, 0xA37A, 0xA38A, 0xA394, 0xA39E, 0xA3B1, 0xA3C6, 0xA3DC, 0xA3E6,
        0xA3F0, 0xA3F8, 0xA401, 0xA406, 0xA415, 0xA41A, 0xA428, 0xA436, 0xA43C, 0xA44A, 0xA452, 0xA45A, 0xA476, 0xA48A, 0xA492, 0xA49A,
        0xA4A9, 0xA4B1, 0xA4BA, 0xA4C2, 0xA4CB, 0xA4D3, 0xA4E1, 0xA4FF, 0xA51E, 0xA53D, 0xA54F, 0xA568, 0xA570, 0xA57A, 0xA581, 0xA58C,
        0xA59C, 0xA5AC, 0xA5BC, 0xA5CD, 0xA5DD, 0xA5ED, 0xA5FC, 0xA60D, 0xA616, 0xA61E, 0xA62F, 0xA643, 0xA658, 0xA65E, 0xA66C, 0xA679,
        0xA681, 0xA689, 0xA693, 0xA69D, 0xA6B0, 0xA6BB, 0xA6C4, 0xA6C7, 0xA6CF, 0xA6DF, 0xA6EE, 0xA6F6, 0xA705, 0xA706, 0xA70F, 0xA717,
        0xA71F, 0xA725, 0xA72F, 0xA739, 0xA742, 0xA750, 0xA760, 0xA76A, 0xA779, 0xA789, 0xA793, 0xA7A6, 0xA7B3, 0xA7B6, 0xA7B9, 0xA7C1,
        0xA7CA, 0xA7D9, 0xA7E2, 0xA7E6, 0xA7EF, 0xA7F5, 0xA7FB, 0xA803, 0xA80E, 0xA81E, 0xA830, 0xA841, 0xA857, 0xA85E, 0xA86E, 0xA87A,
        0xA883, 0xA88D, 0xA896, 0xA8A0, 0xA8B3, 0xA8BC, 0xA8CA, 0xA8DD, 0xA8F1, 0xA901, 0xA90B, 0xA91F, 0xA934, 0xA944, 0xA959, 0xA968,
        0xA97C, 0xA991, 0xA9A3, 0xA9AD, 0xA9C0, 0xA9C9, 0xA9D7, 0xA9EA, 0xA9FD, 0xAA06, 0xAA19, 0xAA21, 0xAA2A, 0xAA32, 0xAA36, 0xAA39,
        0xAA42, 0xAA51, 0xAA5A, 0xAA67, 0xAA72, 0xAA81, 0xAA8B, 0xAA92, 0xAA9D, 0xAAA8, 0xAAB2, 0xAAC1, 0xAAD7, 0xAAEE, 0xAAFD, 0xAB15,
        0xAB1F, 0xAB2E, 0xAB3F, 0xAB4F, 0xAB5A, 0xAB63, 0xAB68, 0xAB6E, 0xAB7E, 0xAB92, 0xABA5, 0xABB8, 0xABC5, 0xABD7, 0xABE5, 0xABF2,
        0xAC00, 0xAC11, 0xAC16, 0xAC24, 0xAC29, 0xAC36, 0xAC41, 0xAC4D, 0xAC59, 0xAC69, 0xAC81, 0xAC9A, 0xAC9F, 0xACAA, 0xACB6, 0xACC1,
        0xACDC, 0xACE5, 0xACF1, 0xACFE, 0xAD0B, 0xAD1A, 0xAD27, 0xAD3C, 0xAD49, 0xAD57, 0xAD6C, 0xAD79, 0xAD83, 0xAD8E, 0xAD9A, 0xADA7,
        0xADBA, 0xADC4, 0xADD1, 0xADDA, 0xADE3, 0xADED, 0xADF7, 0xAE0A, 0xAE1D, 0xAE2F, 0xAE41, 0xAE4D, 0xAE5E, 0xAE63, 0xAE70, 0xAE78,
        0xAE81, 0xAE8F, 0xAE9C, 0xAEAB, 0xAEBB, 0xAEC6, 0xAED2, 0xAEE2, 0xAEEF, 0xAEFF, 0xAF0B, 0xAF15, 0xAF1F, 0xAF29, 0xAF33, 0xAF3D,
        0xAF50, 0xAF63, 0xAF75, 0xAF83, 0xAF90, 0xAF9D, 0xAFA5, 0xAFAC, 0xAFB3, 0xAFB8, 0xAFC1, 0xAFCC, 0xAFE4, 0xB001, 0xB021, 0xB03A,
        0xB058, 0xB079, 0xB082, 0xB08E, 0xB094, 0xB09D, 0xB0AA, 0xB0B8, 0xB0C6, 0xB0CD, 0xB0D4, 0xB0DB, 0xB0E2, 0xB0E4, 0xB0E9, 0xB0F4,
        0xB105, 0xB110, 0xB11B, 0xB120, 0xB127, 0xB12E, 0xB135, 0xB140, 0xB151, 0xB163, 0xB172, 0xB17E, 0xB187, 0xB191, 0xB198, 0xB1A3,
        0xB1AE, 0xB1B8, 0xB1C7, 0xB1D8, 0xB1E8, 0xB1F3, 0xB1FB, 0xB207, 0xB213, 0xB21A, 0xB224, 0xB22E, 0xB241, 0xB250, 0xB25F, 0xB277,
        0xB283, 0xB28E, 0xB29A, 0xB2A5, 0xB2B1, 0xB2BF, 0xB2CA, 0xB2D6, 0xB2D9, 0xB2E2, 0xB2EC, 0xB2F5, 0xB30E, 0xB315, 0xB323, 0xB32F,
        0xB343, 0xB34E, 0xB359, 0xB366, 0xB371, 0xB384, 0xB38F, 0xB39B, 0xB3AE, 0xB3B9, 0xB3C1, 0xB3CA, 0xB3D4, 0xB3DC, 0xB3E5, 0xB3F0,
        0xB3F7, 0xB400, 0xB401, 0xB407, 0xB40B, 0xB413, 0xB41C, 0xB422, 0xB428, 0xB42F, 0xB43A, 0xB44A, 0xB453, 0xB45D, 0xB466, 0xB46F,
        0xB474, 0xB47D, 0xB48B, 0xB499, 0xB4A7, 0xB4B8, 0xB4C6, 0xB4D5, 0xB4DE, 0xB4E4, 0xB4ED, 0xB4F6, 0xB4FF, 0xB509, 0xB50E, 0xB518,
        0xB525, 0xB52F, 0xB53D, 0xB547, 0xB554, 0xB569, 0xB577, 0xB580, 0xB592, 0xB59C, 0xB5A3, 0xB5AA, 0xB5B9, 0xB5C8, 0xB5D6, 0xB5E0,
        0xB5EA, 0xB5F7, 0xB60A, 0xB61C, 0xB62A, 0xB62F, 0xB638, 0xB63F, 0xB645, 0xB64C, 0xB65A, 0xB661, 0xB670, 0xB684, 0xB690, 0xB69C,
        0xB6AA, 0xB6B3, 0xB6BE, 0xB6C3, 0xB6D1, 0xB6DF, 0xB6ED, 0xB704, 0xB715, 0xB72C, 0xB732, 0xB73D, 0xB748, 0xB751, 0xB757, 0xB761,
        0xB76B, 0xB77A, 0xB78C, 0xB79B, 0xB7AE, 0xB7BF, 0xB7CD, 0xB7DF, 0xB7E0, 0xB7E6, 0xB7F0, 0xB7FA, 0xB804, 0xB807, 0xB810, 0xB81B,
        0xB82A, 0xB833, 0xB83B, 0xB849, 0xB855, 0xB861, 0xB868, 0xB871, 0xB87B, 0xB884, 0xB892, 0xB8A2, 0xB8B1, 0xB8BB, 0xB8C0, 0xB8CB,
        0xB8DF, 0xB8F3, 0xB905, 0xB914, 0xB91F, 0xB924, 0xB92E, 0xB93B, 0xB945, 0xB953, 0xB961, 0xB96C, 0xB97B, 0xB985, 0xB98F, 0xB9A6,
        0xB9BD, 0xB9CB, 0xB9E2, 0xB9EC, 0xB9F2, 0xB9F8, 0xB9FF, 0xBA09, 0xBA13, 0xBA14, 0xBA1A, 0xBA23, 0xBA2D, 0xBA37, 0xBA4A, 0xBA52,
        0xBA61, 0xBA70, 0xBA7B, 0xBA83, 0xBA99, 0xBAA2, 0xBAB0, 0xBAC3, 0xBADB, 0xBAE3, 0xBAEA, 0xBAF5, 0xBAFE, 0xBB08, 0xBB11, 0xBB1B,
        0xBB26, 0xBB30, 0xBB38, 0xBB41, 0xBB47, 0xBB52, 0xBB5D, 0xBB6F, 0xBB85, 0xBBA3, 0xBBBA, 0xBBD9, 0xBBE5, 0xBC0C, 0xBC2A, 0xBC43,
        0xBC61, 0xBC7A, 0xBC94, 0xBCAF, 0xBCCE, 0xBCE8, 0xBCF8, 0xBD08, 0xBD13, 0xBD1C, 0xBD2A, 0xBD47, 0xBD65, 0xBD81, 0xBD98, 0xBDA2,
        0xBDAC, 0xBDB4, 0xBDBE, 0xBDC8, 0xBDD2, 0xBDE5, 0xBDE8, 0xBDF4, 0xBDFE, 0xBE04, 0xBE09, 0xBE12, 0xBE19, 0xBE1D, 0xBE1E, 0xBE27,
        0xBE30, 0xBE37, 0xBE40, 0xBE4A, 0xBE55, 0xBE57, 0xBE61, 0xBE67, 0xBE70, 0xBE71, 0xBE7C, 0xBE85, 0xBE8B, 0xBE91, 0xBE9A, 0xBEA4,
        0xBEAE, 0xBEB8, 0xBEC2, 0xBED5, 0xBEDD, 0xBEE9, 0xBEF8, 0xBF07, 0xBF1F, 0xBF2A, 0xBF31, 0xBF3C, 0xBF45, 0xBF4F, 0xBF58, 0xBF61,
        0xBF70, 0xBF84, 0xBF92, 0xBFA5, 0xBFBD, 0xBFD7, 0xBFF0, 0xC000, 0xC00F, 0xC023, 0xC038, 0xC04A, 0xC061, 0xC069, 0xC06C, 0xC078,
        0xC081, 0xC092, 0xC0A4, 0xC0BA, 0xC0C6, 0xC0DA, 0xC0E8, 0xC0FD, 0xC10F, 0xC11A, 0xC120, 0xC125, 0xC12F, 0xC139, 0xC143, 0xC14B,
        0xC152, 0xC15E, 0xC168, 0xC16B, 0xC174, 0xC183, 0xC18C, 0xC198, 0xC1A9, 0xC1B3, 0xC1BC, 0xC1C6, 0xC1D9, 0xC1E1, 0xC1F0, 0xC1FF,
        0xC217, 0xC21F, 0xC22A, 0xC234, 0xC23D, 0xC247, 0xC24D, 0xC25A, 0xC26F, 0xC271, 0xC276, 0xC27F, 0xC285, 0xC28C, 0xC296, 0xC29F,
        0xC2A9, 0xC2BC, 0xC2C4, 0xC2D2, 0xC2E8, 0xC2F9, 0xC312, 0xC321, 0xC330, 0xC348, 0xC352, 0xC35D, 0xC367, 0xC36E, 0xC36F, 0xC379,
        0xC37F, 0xC385, 0xC38F, 0xC398, 0xC3A6, 0xC3B6, 0xC3C0, 0xC3CF, 0xC3D9, 0xC3E8, 0xC3F2, 0xC402, 0xC412, 0xC41D, 0xC422, 0xC42D,
        0xC43E, 0xC449, 0xC452, 0xC458, 0xC45F, 0xC46A, 0xC46F, 0xC473, 0xC47D, 0xC486, 0xC490, 0xC4A3, 0xC4B5, 0xC4BF, 0xC4C9, 0xC4CD,
        0xC4D7, 0xC4E2, 0xC4EA, 0xC4F6, 0xC502, 0xC510, 0xC51C, 0xC529, 0xC535, 0xC540, 0xC54C, 0xC554, 0xC563, 0xC575, 0xC583, 0xC587,
        0xC591, 0xC59C, 0xC5AC, 0xC5B7, 0xC5CB, 0xC5DE, 0xC5E8, 0xC5F2, 0xC5FD, 0xC607, 0xC611, 0xC61B, 0xC625, 0xC62B, 0xC639, 0xC640,
        0xC64A, 0xC654
    ];
}
